departure_jd,arrival_jd,departure_year,arrival_year,tof_days,c3_depart_km2s2,v_inf_depart_km_s,v_inf_arrive_km_s,dv_total_km_s
2461041.500,2461121.500,2026.0000,2026.2190,80.0,1837.994,42.872,42.852,76.229
2461041.500,2461131.500,2026.0000,2026.2464,90.0,1317.557,36.298,36.275,63.366
2461041.500,2461141.500,2026.0000,2026.2738,100.0,960.742,30.996,30.969,53.072
2461041.500,2461151.500,2026.0000,2026.3012,110.0,708.869,26.625,26.593,44.671
2461041.500,2461161.500,2026.0000,2026.3285,120.0,527.023,22.957,22.921,37.712
2461041.500,2461171.500,2026.0000,2026.3559,130.0,393.433,19.835,19.793,31.883
2461041.500,2461181.500,2026.0000,2026.3833,140.0,293.997,17.146,17.098,26.962
2461041.500,2461191.500,2026.0000,2026.4107,150.0,219.278,14.808,14.752,22.788
2461041.500,2461201.500,2026.0000,2026.4381,160.0,162.790,12.759,12.694,19.242
2461041.500,2461211.500,2026.0000,2026.4654,170.0,119.966,10.953,10.877,16.234
2461041.500,2461221.500,2026.0000,2026.4928,180.0,87.526,9.356,9.267,13.696
2461041.500,2461231.500,2026.0000,2026.5202,190.0,63.071,7.942,7.837,11.575
2461041.500,2461241.500,2026.0000,2026.5476,200.0,44.820,6.695,6.570,9.829
2461041.500,2461251.500,2026.0000,2026.5749,210.0,31.431,5.606,5.457,8.428
2461041.500,2461261.500,2026.0000,2026.6023,220.0,21.882,4.678,4.497,7.345
2461041.500,2461271.500,2026.0000,2026.6297,230.0,15.383,3.922,3.705,6.555
2461041.500,2461281.500,2026.0000,2026.6571,240.0,11.321,3.365,3.109,6.035
2461041.500,2461291.500,2026.0000,2026.6845,250.0,9.214,3.035,2.749,5.756
2461041.500,2461301.500,2026.0000,2026.7118,260.0,8.679,2.946,2.650,5.684
2461041.500,2461311.500,2026.0000,2026.7392,270.0,9.413,3.068,2.785,5.783
2461041.500,2461321.500,2026.0000,2026.7666,280.0,11.170,3.342,3.085,6.015
2461041.500,2461331.500,2026.0000,2026.7940,290.0,13.754,3.709,3.478,6.349
2461041.500,2461341.500,2026.0000,2026.8214,300.0,17.004,4.124,3.918,6.757
2461041.500,2461351.500,2026.0000,2026.8487,310.0,20.790,4.560,4.374,7.215
2461041.500,2461361.500,2026.0000,2026.8761,320.0,25.004,5.000,4.832,7.708
2461041.500,2461371.500,2026.0000,2026.9035,330.0,29.560,5.437,5.283,8.222
2461041.500,2461381.500,2026.0000,2026.9309,340.0,34.384,5.864,5.721,8.748
2461041.500,2461391.500,2026.0000,2026.9582,350.0,39.417,6.278,6.145,9.278
2461041.500,2461401.500,2026.0000,2026.9856,360.0,44.609,6.679,6.554,9.808
2461041.500,2461411.500,2026.0000,2027.0130,370.0,49.919,7.065,6.947,10.334
2461041.500,2461421.500,2026.0000,2027.0404,380.0,55.312,7.437,7.325,10.853
2461041.500,2461431.500,2026.0000,2027.0678,390.0,60.761,7.795,7.688,11.363
2461041.500,2461441.500,2026.0000,2027.0951,400.0,66.241,8.139,8.037,11.862
2461041.500,2461451.500,2026.0000,2027.1225,410.0,71.732,8.469,8.371,12.351
2461041.500,2461461.500,2026.0000,2027.1499,420.0,77.219,8.787,8.693,12.828
2461041.500,2461471.500,2026.0000,2027.1773,430.0,82.688,9.093,9.002,13.293
2461041.500,2461481.500,2026.0000,2027.2047,440.0,88.127,9.388,9.299,13.746
2461041.500,2461491.500,2026.0000,2027.2320,450.0,93.527,9.671,9.585,14.187
2461061.500,2461141.500,2026.0548,2026.2738,80.0,1837.992,42.872,42.852,76.229
2461061.500,2461151.500,2026.0548,2026.3012,90.0,1317.556,36.298,36.275,63.366
2461061.500,2461161.500,2026.0548,2026.3285,100.0,960.740,30.996,30.969,53.072
2461061.500,2461171.500,2026.0548,2026.3559,110.0,708.868,26.625,26.593,44.671
2461061.500,2461181.500,2026.0548,2026.3833,120.0,527.022,22.957,22.921,37.712
2461061.500,2461191.500,2026.0548,2026.4107,130.0,393.433,19.835,19.793,31.883
2461061.500,2461201.500,2026.0548,2026.4381,140.0,293.996,17.146,17.098,26.962
2461061.500,2461211.500,2026.0548,2026.4654,150.0,219.278,14.808,14.752,22.788
2461061.500,2461221.500,2026.0548,2026.4928,160.0,162.790,12.759,12.694,19.242
2461061.500,2461231.500,2026.0548,2026.5202,170.0,119.966,10.953,10.877,16.234
2461061.500,2461241.500,2026.0548,2026.5476,180.0,87.525,9.356,9.267,13.696
2461061.500,2461251.500,2026.0548,2026.5749,190.0,63.071,7.942,7.837,11.575
2461061.500,2461261.500,2026.0548,2026.6023,200.0,44.820,6.695,6.570,9.829
2461061.500,2461271.500,2026.0548,2026.6297,210.0,31.431,5.606,5.457,8.428
2461061.500,2461281.500,2026.0548,2026.6571,220.0,21.882,4.678,4.497,7.345
2461061.500,2461291.500,2026.0548,2026.6845,230.0,15.383,3.922,3.705,6.555
2461061.500,2461301.500,2026.0548,2026.7118,240.0,11.321,3.365,3.109,6.035
2461061.500,2461311.500,2026.0548,2026.7392,250.0,9.214,3.035,2.749,5.756
2461061.500,2461321.500,2026.0548,2026.7666,260.0,8.679,2.946,2.650,5.684
2461061.500,2461331.500,2026.0548,2026.7940,270.0,9.413,3.068,2.785,5.783
2461061.500,2461341.500,2026.0548,2026.8214,280.0,11.170,3.342,3.085,6.015
2461061.500,2461351.500,2026.0548,2026.8487,290.0,13.754,3.709,3.478,6.349
2461061.500,2461361.500,2026.0548,2026.8761,300.0,17.004,4.124,3.918,6.757
2461061.500,2461371.500,2026.0548,2026.9035,310.0,20.790,4.560,4.374,7.215
2461061.500,2461381.500,2026.0548,2026.9309,320.0,25.005,5.000,4.832,7.708
2461061.500,2461391.500,2026.0548,2026.9582,330.0,29.560,5.437,5.283,8.222
2461061.500,2461401.500,2026.0548,2026.9856,340.0,34.384,5.864,5.721,8.748
2461061.500,2461411.500,2026.0548,2027.0130,350.0,39.417,6.278,6.145,9.278
2461061.500,2461421.500,2026.0548,2027.0404,360.0,44.609,6.679,6.554,9.808
2461061.500,2461431.500,2026.0548,2027.0678,370.0,49.919,7.065,6.947,10.334
2461061.500,2461441.500,2026.0548,2027.0951,380.0,55.312,7.437,7.325,10.853
2461061.500,2461451.500,2026.0548,2027.1225,390.0,60.761,7.795,7.688,11.363
2461061.500,2461461.500,2026.0548,2027.1499,400.0,66.241,8.139,8.037,11.862
2461061.500,2461471.500,2026.0548,2027.1773,410.0,71.733,8.470,8.371,12.351
2461061.500,2461481.500,2026.0548,2027.2047,420.0,77.220,8.787,8.693,12.828
2461061.500,2461491.500,2026.0548,2027.2320,430.0,82.688,9.093,9.002,13.293
2461061.500,2461501.500,2026.0548,2027.2594,440.0,88.127,9.388,9.299,13.746
2461061.500,2461511.500,2026.0548,2027.2868,450.0,93.528,9.671,9.585,14.187
2461081.500,2461161.500,2026.1095,2026.3285,80.0,1837.992,42.872,42.852,76.229
2461081.500,2461171.500,2026.1095,2026.3559,90.0,1317.554,36.298,36.275,63.366
2461081.500,2461181.500,2026.1095,2026.3833,100.0,960.740,30.996,30.969,53.072
2461081.500,2461191.500,2026.1095,2026.4107,110.0,708.868,26.625,26.593,44.671
2461081.500,2461201.500,2026.1095,2026.4381,120.0,527.021,22.957,22.921,37.712
2461081.500,2461211.500,2026.1095,2026.4654,130.0,393.432,19.835,19.793,31.883
2461081.500,2461221.500,2026.1095,2026.4928,140.0,293.996,17.146,17.098,26.962
2461081.500,2461231.500,2026.1095,2026.5202,150.0,219.277,14.808,14.752,22.788
2461081.500,2461241.500,2026.1095,2026.5476,160.0,162.789,12.759,12.694,19.242
2461081.500,2461251.500,2026.1095,2026.5749,170.0,119.966,10.953,10.877,16.234
2461081.500,2461261.500,2026.1095,2026.6023,180.0,87.525,9.355,9.267,13.696
2461081.500,2461271.500,2026.1095,2026.6297,190.0,63.071,7.942,7.837,11.575
2461081.500,2461281.500,2026.1095,2026.6571,200.0,44.820,6.695,6.570,9.829
2461081.500,2461291.500,2026.1095,2026.6845,210.0,31.431,5.606,5.457,8.428
2461081.500,2461301.500,2026.1095,2026.7118,220.0,21.882,4.678,4.497,7.345
2461081.500,2461311.500,2026.1095,2026.7392,230.0,15.383,3.922,3.705,6.555
2461081.500,2461321.500,2026.1095,2026.7666,240.0,11.321,3.365,3.109,6.035
2461081.500,2461331.500,2026.1095,2026.7940,250.0,9.214,3.035,2.749,5.756
2461081.500,2461341.500,2026.1095,2026.8214,260.0,8.679,2.946,2.650,5.684
2461081.500,2461351.500,2026.1095,2026.8487,270.0,9.413,3.068,2.785,5.783
2461081.500,2461361.500,2026.1095,2026.8761,280.0,11.170,3.342,3.085,6.015
2461081.500,2461371.500,2026.1095,2026.9035,290.0,13.754,3.709,3.479,6.349
2461081.500,2461381.500,2026.1095,2026.9309,300.0,17.004,4.124,3.918,6.757
2461081.500,2461391.500,2026.1095,2026.9582,310.0,20.790,4.560,4.375,7.215
2461081.500,2461401.500,2026.1095,2026.9856,320.0,25.005,5.000,4.832,7.708
2461081.500,2461411.500,2026.1095,2027.0130,330.0,29.560,5.437,5.283,8.222
2461081.500,2461421.500,2026.1095,2027.0404,340.0,34.385,5.864,5.721,8.748
2461081.500,2461431.500,2026.1095,2027.0678,350.0,39.417,6.278,6.145,9.278
2461081.500,2461441.500,2026.1095,2027.0951,360.0,44.609,6.679,6.554,9.808
2461081.500,2461451.500,2026.1095,2027.1225,370.0,49.919,7.065,6.947,10.334
2461081.500,2461461.500,2026.1095,2027.1499,380.0,55.312,7.437,7.325,10.853
2461081.500,2461471.500,2026.1095,2027.1773,390.0,60.761,7.795,7.688,11.363
2461081.500,2461481.500,2026.1095,2027.2047,400.0,66.241,8.139,8.037,11.862
2461081.500,2461491.500,2026.1095,2027.2320,410.0,71.733,8.470,8.371,12.351
2461081.500,2461501.500,2026.1095,2027.2594,420.0,77.220,8.787,8.693,12.828
2461081.500,2461511.500,2026.1095,2027.2868,430.0,82.689,9.093,9.002,13.293
2461081.500,2461521.500,2026.1095,2027.3142,440.0,88.128,9.388,9.299,13.746
2461081.500,2461531.500,2026.1095,2027.3415,450.0,93.528,9.671,9.585,14.187
2461101.500,2461181.500,2026.1643,2026.3833,80.0,1837.990,42.872,42.852,76.229
2461101.500,2461191.500,2026.1643,2026.4107,90.0,1317.555,36.298,36.275,63.366
2461101.500,2461201.500,2026.1643,2026.4381,100.0,960.738,30.996,30.969,53.072
2461101.500,2461211.500,2026.1643,2026.4654,110.0,708.867,26.625,26.593,44.671
2461101.500,2461221.500,2026.1643,2026.4928,120.0,527.020,22.957,22.921,37.712
2461101.500,2461231.500,2026.1643,2026.5202,130.0,393.431,19.835,19.793,31.883
2461101.500,2461241.500,2026.1643,2026.5476,140.0,293.995,17.146,17.098,26.962
2461101.500,2461251.500,2026.1643,2026.5749,150.0,219.277,14.808,14.752,22.788
2461101.500,2461261.500,2026.1643,2026.6023,160.0,162.789,12.759,12.694,19.242
2461101.500,2461271.500,2026.1643,2026.6297,170.0,119.965,10.953,10.877,16.234
2461101.500,2461281.500,2026.1643,2026.6571,180.0,87.525,9.355,9.267,13.696
2461101.500,2461291.500,2026.1643,2026.6845,190.0,63.070,7.942,7.837,11.575
2461101.500,2461301.500,2026.1643,2026.7118,200.0,44.820,6.695,6.570,9.829
2461101.500,2461311.500,2026.1643,2026.7392,210.0,31.431,5.606,5.457,8.428
2461101.500,2461321.500,2026.1643,2026.7666,220.0,21.882,4.678,4.497,7.345
2461101.500,2461331.500,2026.1643,2026.7940,230.0,15.383,3.922,3.705,6.555
2461101.500,2461341.500,2026.1643,2026.8214,240.0,11.321,3.365,3.109,6.035
2461101.500,2461351.500,2026.1643,2026.8487,250.0,9.214,3.035,2.749,5.756
2461101.500,2461361.500,2026.1643,2026.8761,260.0,8.679,2.946,2.650,5.684
2461101.500,2461371.500,2026.1643,2026.9035,270.0,9.413,3.068,2.785,5.783
2461101.500,2461381.500,2026.1643,2026.9309,280.0,11.170,3.342,3.085,6.015
2461101.500,2461391.500,2026.1643,2026.9582,290.0,13.754,3.709,3.479,6.349
2461101.500,2461401.500,2026.1643,2026.9856,300.0,17.004,4.124,3.918,6.757
2461101.500,2461411.500,2026.1643,2027.0130,310.0,20.790,4.560,4.375,7.215
2461101.500,2461421.500,2026.1643,2027.0404,320.0,25.005,5.000,4.832,7.708
2461101.500,2461431.500,2026.1643,2027.0678,330.0,29.560,5.437,5.283,8.222
2461101.500,2461441.500,2026.1643,2027.0951,340.0,34.385,5.864,5.721,8.748
2461101.500,2461451.500,2026.1643,2027.1225,350.0,39.418,6.278,6.145,9.278
2461101.500,2461461.500,2026.1643,2027.1499,360.0,44.609,6.679,6.554,9.808
2461101.500,2461471.500,2026.1643,2027.1773,370.0,49.919,7.065,6.947,10.334
2461101.500,2461481.500,2026.1643,2027.2047,380.0,55.313,7.437,7.325,10.853
2461101.500,2461491.500,2026.1643,2027.2320,390.0,60.761,7.795,7.688,11.363
2461101.500,2461501.500,2026.1643,2027.2594,400.0,66.241,8.139,8.037,11.862
2461101.500,2461511.500,2026.1643,2027.2868,410.0,71.733,8.470,8.371,12.351
2461101.500,2461521.500,2026.1643,2027.3142,420.0,77.220,8.787,8.693,12.828
2461101.500,2461531.500,2026.1643,2027.3415,430.0,82.689,9.093,9.002,13.293
2461101.500,2461541.500,2026.1643,2027.3689,440.0,88.128,9.388,9.299,13.746
2461101.500,2461551.500,2026.1643,2027.3963,450.0,93.528,9.671,9.585,14.187
2461121.500,2461201.500,2026.2190,2026.4381,80.0,1837.990,42.872,42.852,76.229
2461121.500,2461211.500,2026.2190,2026.4654,90.0,1317.552,36.298,36.275,63.366
2461121.500,2461221.500,2026.2190,2026.4928,100.0,960.736,30.996,30.969,53.072
2461121.500,2461231.500,2026.2190,2026.5202,110.0,708.866,26.625,26.593,44.671
2461121.500,2461241.500,2026.2190,2026.5476,120.0,527.019,22.957,22.921,37.712
2461121.500,2461251.500,2026.2190,2026.5749,130.0,393.430,19.835,19.793,31.883
2461121.500,2461261.500,2026.2190,2026.6023,140.0,293.994,17.146,17.098,26.962
2461121.500,2461271.500,2026.2190,2026.6297,150.0,219.276,14.808,14.752,22.788
2461121.500,2461281.500,2026.2190,2026.6571,160.0,162.788,12.759,12.694,19.242
2461121.500,2461291.500,2026.2190,2026.6845,170.0,119.965,10.953,10.877,16.234
2461121.500,2461301.500,2026.2190,2026.7118,180.0,87.525,9.355,9.267,13.696
2461121.500,2461311.500,2026.2190,2026.7392,190.0,63.070,7.942,7.837,11.575
2461121.500,2461321.500,2026.2190,2026.7666,200.0,44.819,6.695,6.570,9.829
2461121.500,2461331.500,2026.2190,2026.7940,210.0,31.431,5.606,5.457,8.428
2461121.500,2461341.500,2026.2190,2026.8214,220.0,21.882,4.678,4.497,7.345
2461121.500,2461351.500,2026.2190,2026.8487,230.0,15.383,3.922,3.705,6.555
2461121.500,2461361.500,2026.2190,2026.8761,240.0,11.321,3.365,3.109,6.035
2461121.500,2461371.500,2026.2190,2026.9035,250.0,9.214,3.035,2.749,5.756
2461121.500,2461381.500,2026.2190,2026.9309,260.0,8.679,2.946,2.650,5.684
2461121.500,2461391.500,2026.2190,2026.9582,270.0,9.413,3.068,2.785,5.783
2461121.500,2461401.500,2026.2190,2026.9856,280.0,11.170,3.342,3.085,6.015
2461121.500,2461411.500,2026.2190,2027.0130,290.0,13.754,3.709,3.479,6.349
2461121.500,2461421.500,2026.2190,2027.0404,300.0,17.004,4.124,3.918,6.757
2461121.500,2461431.500,2026.2190,2027.0678,310.0,20.790,4.560,4.375,7.215
2461121.500,2461441.500,2026.2190,2027.0951,320.0,25.005,5.000,4.832,7.708
2461121.500,2461451.500,2026.2190,2027.1225,330.0,29.561,5.437,5.283,8.222
2461121.500,2461461.500,2026.2190,2027.1499,340.0,34.385,5.864,5.721,8.748
2461121.500,2461471.500,2026.2190,2027.1773,350.0,39.418,6.278,6.145,9.278
2461121.500,2461481.500,2026.2190,2027.2047,360.0,44.610,6.679,6.554,9.808
2461121.500,2461491.500,2026.2190,2027.2320,370.0,49.919,7.065,6.947,10.334
2461121.500,2461501.500,2026.2190,2027.2594,380.0,55.313,7.437,7.325,10.853
2461121.500,2461511.500,2026.2190,2027.2868,390.0,60.762,7.795,7.688,11.363
2461121.500,2461521.500,2026.2190,2027.3142,400.0,66.242,8.139,8.037,11.862
2461121.500,2461531.500,2026.2190,2027.3415,410.0,71.733,8.470,8.371,12.351
2461121.500,2461541.500,2026.2190,2027.3689,420.0,77.220,8.788,8.693,12.828
2461121.500,2461551.500,2026.2190,2027.3963,430.0,82.689,9.093,9.002,13.293
2461121.500,2461561.500,2026.2190,2027.4237,440.0,88.128,9.388,9.299,13.746
2461121.500,2461571.500,2026.2190,2027.4511,450.0,93.529,9.671,9.585,14.187
2461141.500,2461221.500,2026.2738,2026.4928,80.0,1838.015,42.872,42.852,76.229
2461141.500,2461231.500,2026.2738,2026.5202,90.0,1318.214,36.307,36.270,63.369
2461141.500,2461241.500,2026.2738,2026.5476,100.0,960.737,30.996,30.969,53.072
2461141.500,2461251.500,2026.2738,2026.5749,110.0,708.866,26.625,26.593,44.671
2461141.500,2461261.500,2026.2738,2026.6023,120.0,527.020,22.957,22.921,37.712
2461141.500,2461271.500,2026.2738,2026.6297,130.0,393.431,19.835,19.793,31.883
2461141.500,2461281.500,2026.2738,2026.6571,140.0,293.995,17.146,17.098,26.962
2461141.500,2461291.500,2026.2738,2026.6845,150.0,219.276,14.808,14.752,22.788
2461141.500,2461301.500,2026.2738,2026.7118,160.0,162.788,12.759,12.694,19.242
2461141.500,2461311.500,2026.2738,2026.7392,170.0,119.965,10.953,10.877,16.234
2461141.500,2461321.500,2026.2738,2026.7666,180.0,87.525,9.355,9.267,13.696
2461141.500,2461331.500,2026.2738,2026.7940,190.0,63.070,7.942,7.837,11.575
2461141.500,2461341.500,2026.2738,2026.8214,200.0,44.819,6.695,6.570,9.829
2461141.500,2461351.500,2026.2738,2026.8487,210.0,31.431,5.606,5.457,8.428
2461141.500,2461361.500,2026.2738,2026.8761,220.0,21.882,4.678,4.497,7.345
2461141.500,2461371.500,2026.2738,2026.9035,230.0,15.383,3.922,3.705,6.555
2461141.500,2461381.500,2026.2738,2026.9309,240.0,11.321,3.365,3.109,6.035
2461141.500,2461391.500,2026.2738,2026.9582,250.0,9.214,3.035,2.749,5.756
2461141.500,2461401.500,2026.2738,2026.9856,260.0,8.679,2.946,2.650,5.684
2461141.500,2461411.500,2026.2738,2027.0130,270.0,9.413,3.068,2.785,5.783
2461141.500,2461421.500,2026.2738,2027.0404,280.0,11.170,3.342,3.085,6.015
2461141.500,2461431.500,2026.2738,2027.0678,290.0,13.754,3.709,3.479,6.349
2461141.500,2461441.500,2026.2738,2027.0951,300.0,17.004,4.124,3.918,6.757
2461141.500,2461451.500,2026.2738,2027.1225,310.0,20.790,4.560,4.375,7.215
2461141.500,2461461.500,2026.2738,2027.1499,320.0,25.005,5.001,4.832,7.708
2461141.500,2461471.500,2026.2738,2027.1773,330.0,29.561,5.437,5.283,8.222
2461141.500,2461481.500,2026.2738,2027.2047,340.0,34.385,5.864,5.721,8.748
2461141.500,2461491.500,2026.2738,2027.2320,350.0,39.418,6.278,6.145,9.278
2461141.500,2461501.500,2026.2738,2027.2594,360.0,44.610,6.679,6.554,9.808
2461141.500,2461511.500,2026.2738,2027.2868,370.0,49.920,7.065,6.947,10.334
2461141.500,2461521.500,2026.2738,2027.3142,380.0,55.313,7.437,7.325,10.853
2461141.500,2461531.500,2026.2738,2027.3415,390.0,60.762,7.795,7.688,11.363
2461141.500,2461541.500,2026.2738,2027.3689,400.0,66.242,8.139,8.037,11.862
2461141.500,2461551.500,2026.2738,2027.3963,410.0,71.734,8.470,8.371,12.351
2461141.500,2461561.500,2026.2738,2027.4237,420.0,77.221,8.788,8.693,12.828
2461141.500,2461571.500,2026.2738,2027.4511,430.0,82.689,9.093,9.002,13.293
2461141.500,2461581.500,2026.2738,2027.4784,440.0,88.129,9.388,9.299,13.746
2461141.500,2461591.500,2026.2738,2027.5058,450.0,93.529,9.671,9.585,14.187
2461161.500,2461241.500,2026.3285,2026.5476,80.0,1837.981,42.872,42.852,76.229
2461161.500,2461251.500,2026.3285,2026.5749,90.0,1317.553,36.298,36.275,63.366
2461161.500,2461261.500,2026.3285,2026.6023,100.0,960.774,30.996,30.969,53.072
2461161.500,2461271.500,2026.3285,2026.6297,110.0,708.909,26.625,26.593,44.671
2461161.500,2461281.500,2026.3285,2026.6571,120.0,527.016,22.957,22.921,37.712
2461161.500,2461291.500,2026.3285,2026.6845,130.0,393.425,19.835,19.793,31.882
2461161.500,2461301.500,2026.3285,2026.7118,140.0,293.994,17.146,17.098,26.962
2461161.500,2461311.500,2026.3285,2026.7392,150.0,219.276,14.808,14.752,22.788
2461161.500,2461321.500,2026.3285,2026.7666,160.0,162.788,12.759,12.694,19.242
2461161.500,2461331.500,2026.3285,2026.7940,170.0,119.964,10.953,10.877,16.234
2461161.500,2461341.500,2026.3285,2026.8214,180.0,87.524,9.355,9.267,13.696
2461161.500,2461351.500,2026.3285,2026.8487,190.0,63.069,7.942,7.837,11.575
2461161.500,2461361.500,2026.3285,2026.8761,200.0,44.819,6.695,6.570,9.829
2461161.500,2461371.500,2026.3285,2026.9035,210.0,31.431,5.606,5.457,8.428
2461161.500,2461381.500,2026.3285,2026.9309,220.0,21.882,4.678,4.497,7.345
2461161.500,2461391.500,2026.3285,2026.9582,230.0,15.383,3.922,3.705,6.555
2461161.500,2461401.500,2026.3285,2026.9856,240.0,11.321,3.365,3.109,6.035
2461161.500,2461411.500,2026.3285,2027.0130,250.0,9.214,3.035,2.749,5.756
2461161.500,2461421.500,2026.3285,2027.0404,260.0,8.680,2.946,2.650,5.684
2461161.500,2461431.500,2026.3285,2027.0678,270.0,9.413,3.068,2.785,5.783
2461161.500,2461441.500,2026.3285,2027.0951,280.0,11.170,3.342,3.085,6.015
2461161.500,2461451.500,2026.3285,2027.1225,290.0,13.754,3.709,3.479,6.349
2461161.500,2461461.500,2026.3285,2027.1499,300.0,17.005,4.124,3.918,6.757
2461161.500,2461471.500,2026.3285,2027.1773,310.0,20.790,4.560,4.375,7.215
2461161.500,2461481.500,2026.3285,2027.2047,320.0,25.005,5.001,4.832,7.708
2461161.500,2461491.500,2026.3285,2027.2320,330.0,29.561,5.437,5.283,8.222
2461161.500,2461501.500,2026.3285,2027.2594,340.0,34.385,5.864,5.721,8.748
2461161.500,2461511.500,2026.3285,2027.2868,350.0,39.418,6.278,6.145,9.278
2461161.500,2461521.500,2026.3285,2027.3142,360.0,44.610,6.679,6.554,9.808
2461161.500,2461531.500,2026.3285,2027.3415,370.0,49.920,7.065,6.947,10.334
2461161.500,2461541.500,2026.3285,2027.3689,380.0,55.313,7.437,7.325,10.853
2461161.500,2461551.500,2026.3285,2027.3963,390.0,60.762,7.795,7.688,11.363
2461161.500,2461561.500,2026.3285,2027.4237,400.0,66.242,8.139,8.037,11.862
2461161.500,2461571.500,2026.3285,2027.4511,410.0,71.734,8.470,8.371,12.351
2461161.500,2461581.500,2026.3285,2027.4784,420.0,77.221,8.788,8.693,12.828
2461161.500,2461591.500,2026.3285,2027.5058,430.0,82.690,9.093,9.002,13.293
2461161.500,2461601.500,2026.3285,2027.5332,440.0,88.129,9.388,9.299,13.746
2461161.500,2461611.500,2026.3285,2027.5606,450.0,93.529,9.671,9.585,14.187
2461181.500,2461261.500,2026.3833,2026.6023,80.0,1837.985,42.872,42.852,76.229
2461181.500,2461271.500,2026.3833,2026.6297,90.0,1317.550,36.298,36.275,63.366
2461181.500,2461281.500,2026.3833,2026.6571,100.0,960.735,30.996,30.969,53.072
2461181.500,2461291.500,2026.3833,2026.6845,110.0,708.867,26.625,26.593,44.671
2461181.500,2461301.500,2026.3833,2026.7118,120.0,527.210,22.961,22.918,37.713
2461181.500,2461311.500,2026.3833,2026.7392,130.0,393.488,19.837,19.792,31.883
2461181.500,2461321.500,2026.3833,2026.7666,140.0,293.995,17.146,17.098,26.962
2461181.500,2461331.500,2026.3833,2026.7940,150.0,219.277,14.808,14.752,22.788
2461181.500,2461341.500,2026.3833,2026.8214,160.0,162.790,12.759,12.694,19.242
2461181.500,2461351.500,2026.3833,2026.8487,170.0,119.965,10.953,10.877,16.234
2461181.500,2461361.500,2026.3833,2026.8761,180.0,87.525,9.355,9.267,13.696
2461181.500,2461371.500,2026.3833,2026.9035,190.0,63.070,7.942,7.837,11.574
2461181.500,2461381.500,2026.3833,2026.9309,200.0,44.819,6.695,6.570,9.829
2461181.500,2461391.500,2026.3833,2026.9582,210.0,31.431,5.606,5.457,8.428
2461181.500,2461401.500,2026.3833,2026.9856,220.0,21.881,4.678,4.497,7.345
2461181.500,2461411.500,2026.3833,2027.0130,230.0,15.383,3.922,3.705,6.555
2461181.500,2461421.500,2026.3833,2027.0404,240.0,11.321,3.365,3.109,6.035
2461181.500,2461431.500,2026.3833,2027.0678,250.0,9.214,3.035,2.749,5.756
2461181.500,2461441.500,2026.3833,2027.0951,260.0,8.679,2.946,2.650,5.684
2461181.500,2461451.500,2026.3833,2027.1225,270.0,9.413,3.068,2.785,5.783
2461181.500,2461461.500,2026.3833,2027.1499,280.0,11.171,3.342,3.085,6.015
2461181.500,2461471.500,2026.3833,2027.1773,290.0,13.754,3.709,3.479,6.349
2461181.500,2461481.500,2026.3833,2027.2047,300.0,17.005,4.124,3.918,6.757
2461181.500,2461491.500,2026.3833,2027.2320,310.0,20.791,4.560,4.375,7.215
2461181.500,2461501.500,2026.3833,2027.2594,320.0,25.005,5.001,4.832,7.708
2461181.500,2461511.500,2026.3833,2027.2868,330.0,29.561,5.437,5.283,8.222
2461181.500,2461521.500,2026.3833,2027.3142,340.0,34.385,5.864,5.721,8.748
2461181.500,2461531.500,2026.3833,2027.3415,350.0,39.418,6.278,6.145,9.278
2461181.500,2461541.500,2026.3833,2027.3689,360.0,44.610,6.679,6.554,9.808
2461181.500,2461551.500,2026.3833,2027.3963,370.0,49.920,7.065,6.947,10.334
2461181.500,2461561.500,2026.3833,2027.4237,380.0,55.314,7.437,7.325,10.853
2461181.500,2461571.500,2026.3833,2027.4511,390.0,60.762,7.795,7.688,11.363
2461181.500,2461581.500,2026.3833,2027.4784,400.0,66.242,8.139,8.037,11.862
2461181.500,2461591.500,2026.3833,2027.5058,410.0,71.734,8.470,8.371,12.351
2461181.500,2461601.500,2026.3833,2027.5332,420.0,77.221,8.788,8.693,12.828
2461181.500,2461611.500,2026.3833,2027.5606,430.0,82.690,9.093,9.002,13.293
2461181.500,2461621.500,2026.3833,2027.5880,440.0,88.129,9.388,9.299,13.746
2461181.500,2461631.500,2026.3833,2027.6153,450.0,93.530,9.671,9.585,14.187
2461201.500,2461281.500,2026.4381,2026.6571,80.0,1837.982,42.872,42.852,76.229
2461201.500,2461291.500,2026.4381,2026.6845,90.0,1317.548,36.298,36.275,63.366
2461201.500,2461301.500,2026.4381,2026.7118,100.0,960.734,30.996,30.969,53.072
2461201.500,2461311.500,2026.4381,2026.7392,110.0,708.864,26.625,26.593,44.671
2461201.500,2461321.500,2026.4381,2026.7666,120.0,527.014,22.957,22.921,37.712
2461201.500,2461331.500,2026.4381,2026.7940,130.0,393.429,19.835,19.793,31.882
2461201.500,2461341.500,2026.4381,2026.8214,140.0,294.682,17.166,17.086,26.967
2461201.500,2461351.500,2026.4381,2026.8487,150.0,219.277,14.808,14.752,22.788
2461201.500,2461361.500,2026.4381,2026.8761,160.0,162.795,12.759,12.694,19.242
2461201.500,2461371.500,2026.4381,2026.9035,170.0,119.962,10.953,10.877,16.234
2461201.500,2461381.500,2026.4381,2026.9309,180.0,87.525,9.355,9.266,13.696
2461201.500,2461391.500,2026.4381,2026.9582,190.0,63.069,7.942,7.837,11.574
2461201.500,2461401.500,2026.4381,2026.9856,200.0,44.819,6.695,6.570,9.829
2461201.500,2461411.500,2026.4381,2027.0130,210.0,31.430,5.606,5.457,8.428
2461201.500,2461421.500,2026.4381,2027.0404,220.0,21.881,4.678,4.497,7.345
2461201.500,2461431.500,2026.4381,2027.0678,230.0,15.383,3.922,3.705,6.555
2461201.500,2461441.500,2026.4381,2027.0951,240.0,11.321,3.365,3.109,6.035
2461201.500,2461451.500,2026.4381,2027.1225,250.0,9.214,3.035,2.749,5.756
2461201.500,2461461.500,2026.4381,2027.1499,260.0,8.679,2.946,2.650,5.684
2461201.500,2461471.500,2026.4381,2027.1773,270.0,9.413,3.068,2.785,5.783
2461201.500,2461481.500,2026.4381,2027.2047,280.0,11.171,3.342,3.085,6.015
2461201.500,2461491.500,2026.4381,2027.2320,290.0,13.755,3.709,3.479,6.349
2461201.500,2461501.500,2026.4381,2027.2594,300.0,17.005,4.124,3.918,6.757
2461201.500,2461511.500,2026.4381,2027.2868,310.0,20.791,4.560,4.375,7.215
2461201.500,2461521.500,2026.4381,2027.3142,320.0,25.005,5.001,4.832,7.708
2461201.500,2461531.500,2026.4381,2027.3415,330.0,29.561,5.437,5.283,8.222
2461201.500,2461541.500,2026.4381,2027.3689,340.0,34.386,5.864,5.721,8.748
2461201.500,2461551.500,2026.4381,2027.3963,350.0,39.419,6.278,6.145,9.278
2461201.500,2461561.500,2026.4381,2027.4237,360.0,44.610,6.679,6.554,9.808
2461201.500,2461571.500,2026.4381,2027.4511,370.0,49.920,7.065,6.947,10.334
2461201.500,2461581.500,2026.4381,2027.4784,380.0,55.314,7.437,7.325,10.853
2461201.500,2461591.500,2026.4381,2027.5058,390.0,60.763,7.795,7.688,11.363
2461201.500,2461601.500,2026.4381,2027.5332,400.0,66.243,8.139,8.037,11.862
2461201.500,2461611.500,2026.4381,2027.5606,410.0,71.734,8.470,8.371,12.351
2461201.500,2461621.500,2026.4381,2027.5880,420.0,77.222,8.788,8.693,12.828
2461201.500,2461631.500,2026.4381,2027.6153,430.0,82.690,9.093,9.002,13.293
2461201.500,2461641.500,2026.4381,2027.6427,440.0,88.130,9.388,9.299,13.746
2461201.500,2461651.500,2026.4381,2027.6701,450.0,93.530,9.671,9.585,14.187
2461221.500,2461301.500,2026.4928,2026.7118,80.0,1837.980,42.872,42.852,76.229
2461221.500,2461311.500,2026.4928,2026.7392,90.0,1317.547,36.298,36.275,63.366
2461221.500,2461321.500,2026.4928,2026.7666,100.0,960.732,30.996,30.969,53.072
2461221.500,2461331.500,2026.4928,2026.7940,110.0,708.861,26.624,26.593,44.671
2461221.500,2461341.500,2026.4928,2026.8214,120.0,527.017,22.957,22.921,37.712
2461221.500,2461351.500,2026.4928,2026.8487,130.0,393.426,19.835,19.793,31.882
2461221.500,2461361.500,2026.4928,2026.8761,140.0,293.999,17.146,17.098,26.962
2461221.500,2461371.500,2026.4928,2026.9035,150.0,219.287,14.808,14.752,22.788
2461221.500,2461381.500,2026.4928,2026.9309,160.0,163.032,12.768,12.688,19.244
2461221.500,2461391.500,2026.4928,2026.9582,170.0,119.957,10.953,10.877,16.234
2461221.500,2461401.500,2026.4928,2026.9856,180.0,87.517,9.355,9.267,13.696
2461221.500,2461411.500,2026.4928,2027.0130,190.0,63.067,7.941,7.837,11.574
2461221.500,2461421.500,2026.4928,2027.0404,200.0,44.818,6.695,6.570,9.829
2461221.500,2461431.500,2026.4928,2027.0678,210.0,31.430,5.606,5.457,8.428
2461221.500,2461441.500,2026.4928,2027.0951,220.0,21.880,4.678,4.497,7.345
2461221.500,2461451.500,2026.4928,2027.1225,230.0,15.382,3.922,3.705,6.555
2461221.500,2461461.500,2026.4928,2027.1499,240.0,11.321,3.365,3.109,6.035
2461221.500,2461471.500,2026.4928,2027.1773,250.0,9.214,3.035,2.749,5.756
2461221.500,2461481.500,2026.4928,2027.2047,260.0,8.679,2.946,2.650,5.684
2461221.500,2461491.500,2026.4928,2027.2320,270.0,9.413,3.068,2.785,5.783
2461221.500,2461501.500,2026.4928,2027.2594,280.0,11.171,3.342,3.085,6.015
2461221.500,2461511.500,2026.4928,2027.2868,290.0,13.755,3.709,3.479,6.349
2461221.500,2461521.500,2026.4928,2027.3142,300.0,17.005,4.124,3.918,6.757
2461221.500,2461531.500,2026.4928,2027.3415,310.0,20.791,4.560,4.375,7.215
2461221.500,2461541.500,2026.4928,2027.3689,320.0,25.006,5.001,4.832,7.708
2461221.500,2461551.500,2026.4928,2027.3963,330.0,29.561,5.437,5.283,8.222
2461221.500,2461561.500,2026.4928,2027.4237,340.0,34.386,5.864,5.721,8.748
2461221.500,2461571.500,2026.4928,2027.4511,350.0,39.419,6.278,6.145,9.279
2461221.500,2461581.500,2026.4928,2027.4784,360.0,44.611,6.679,6.554,9.808
2461221.500,2461591.500,2026.4928,2027.5058,370.0,49.921,7.065,6.947,10.334
2461221.500,2461601.500,2026.4928,2027.5332,380.0,55.314,7.437,7.325,10.853
2461221.500,2461611.500,2026.4928,2027.5606,390.0,60.763,7.795,7.688,11.363
2461221.500,2461621.500,2026.4928,2027.5880,400.0,66.243,8.139,8.037,11.862
2461221.500,2461631.500,2026.4928,2027.6153,410.0,71.735,8.470,8.371,12.351
2461221.500,2461641.500,2026.4928,2027.6427,420.0,77.222,8.788,8.693,12.828
2461221.500,2461651.500,2026.4928,2027.6701,430.0,82.691,9.093,9.002,13.293
2461221.500,2461661.500,2026.4928,2027.6975,440.0,88.130,9.388,9.299,13.746
2461221.500,2461671.500,2026.4928,2027.7248,450.0,93.530,9.671,9.585,14.187
2461241.500,2461321.500,2026.5476,2026.7666,80.0,1837.979,42.872,42.852,76.229
2461241.500,2461331.500,2026.5476,2026.7940,90.0,1317.545,36.298,36.275,63.365
2461241.500,2461341.500,2026.5476,2026.8214,100.0,960.731,30.996,30.969,53.072
2461241.500,2461351.500,2026.5476,2026.8487,110.0,708.860,26.624,26.593,44.671
2461241.500,2461361.500,2026.5476,2026.8761,120.0,527.015,22.957,22.921,37.712
2461241.500,2461371.500,2026.5476,2026.9035,130.0,393.426,19.835,19.793,31.882
2461241.500,2461381.500,2026.5476,2026.9309,140.0,293.991,17.146,17.098,26.962
2461241.500,2461391.500,2026.5476,2026.9582,150.0,219.273,14.808,14.752,22.788
2461241.500,2461401.500,2026.5476,2026.9856,160.0,162.779,12.758,12.694,19.242
2461241.500,2461411.500,2026.5476,2027.0130,170.0,119.897,10.950,10.879,16.234
2461241.500,2461421.500,2026.5476,2027.0404,180.0,87.654,9.362,9.262,13.697
2461241.500,2461431.500,2026.5476,2027.0678,190.0,63.067,7.941,7.837,11.574
2461241.500,2461441.500,2026.5476,2027.0951,200.0,44.819,6.695,6.570,9.829
2461241.500,2461451.500,2026.5476,2027.1225,210.0,31.429,5.606,5.457,8.428
2461241.500,2461461.500,2026.5476,2027.1499,220.0,21.881,4.678,4.497,7.345
2461241.500,2461471.500,2026.5476,2027.1773,230.0,15.383,3.922,3.705,6.555
2461241.500,2461481.500,2026.5476,2027.2047,240.0,11.321,3.365,3.109,6.035
2461241.500,2461491.500,2026.5476,2027.2320,250.0,9.214,3.035,2.749,5.756
2461241.500,2461501.500,2026.5476,2027.2594,260.0,8.679,2.946,2.650,5.684
2461241.500,2461511.500,2026.5476,2027.2868,270.0,9.413,3.068,2.785,5.783
2461241.500,2461521.500,2026.5476,2027.3142,280.0,11.171,3.342,3.085,6.015
2461241.500,2461531.500,2026.5476,2027.3415,290.0,13.754,3.709,3.479,6.349
2461241.500,2461541.500,2026.5476,2027.3689,300.0,17.005,4.124,3.918,6.757
2461241.500,2461551.500,2026.5476,2027.3963,310.0,20.791,4.560,4.375,7.215
2461241.500,2461561.500,2026.5476,2027.4237,320.0,25.006,5.001,4.832,7.708
2461241.500,2461571.500,2026.5476,2027.4511,330.0,29.562,5.437,5.283,8.222
2461241.500,2461581.500,2026.5476,2027.4784,340.0,34.386,5.864,5.721,8.748
2461241.500,2461591.500,2026.5476,2027.5058,350.0,39.419,6.278,6.145,9.279
2461241.500,2461601.500,2026.5476,2027.5332,360.0,44.611,6.679,6.554,9.808
2461241.500,2461611.500,2026.5476,2027.5606,370.0,49.921,7.065,6.947,10.334
2461241.500,2461621.500,2026.5476,2027.5880,380.0,55.314,7.437,7.325,10.853
2461241.500,2461631.500,2026.5476,2027.6153,390.0,60.763,7.795,7.688,11.363
2461241.500,2461641.500,2026.5476,2027.6427,400.0,66.243,8.139,8.037,11.862
2461241.500,2461651.500,2026.5476,2027.6701,410.0,71.735,8.470,8.372,12.351
2461241.500,2461661.500,2026.5476,2027.6975,420.0,77.222,8.788,8.693,12.828
2461241.500,2461671.500,2026.5476,2027.7248,430.0,82.691,9.093,9.002,13.293
2461241.500,2461681.500,2026.5476,2027.7522,440.0,88.130,9.388,9.299,13.746
2461241.500,2461691.500,2026.5476,2027.7796,450.0,93.531,9.671,9.585,14.187
2461261.500,2461341.500,2026.6023,2026.8214,80.0,1837.978,42.872,42.852,76.229
2461261.500,2461351.500,2026.6023,2026.8487,90.0,1317.544,36.298,36.275,63.365
2461261.500,2461361.500,2026.6023,2026.8761,100.0,960.730,30.996,30.969,53.072
2461261.500,2461371.500,2026.6023,2026.9035,110.0,708.859,26.624,26.593,44.671
2461261.500,2461381.500,2026.6023,2026.9309,120.0,527.015,22.957,22.921,37.712
2461261.500,2461391.500,2026.6023,2026.9582,130.0,393.426,19.835,19.793,31.882
2461261.500,2461401.500,2026.6023,2026.9856,140.0,293.991,17.146,17.098,26.962
2461261.500,2461411.500,2026.6023,2027.0130,150.0,219.273,14.808,14.752,22.788
2461261.500,2461421.500,2026.6023,2027.0404,160.0,162.788,12.759,12.694,19.242
2461261.500,2461431.500,2026.6023,2027.0678,170.0,119.961,10.953,10.877,16.234
2461261.500,2461441.500,2026.6023,2027.0951,180.0,87.517,9.355,9.267,13.696
2461261.500,2461451.500,2026.6023,2027.1225,190.0,63.160,7.947,7.833,11.575
2461261.500,2461461.500,2026.6023,2027.1499,200.0,44.843,6.696,6.569,9.829
2461261.500,2461471.500,2026.6023,2027.1773,210.0,31.436,5.607,5.456,8.428
2461261.500,2461481.500,2026.6023,2027.2047,220.0,21.880,4.678,4.497,7.345
2461261.500,2461491.500,2026.6023,2027.2320,230.0,15.384,3.922,3.705,6.555
2461261.500,2461501.500,2026.6023,2027.2594,240.0,11.321,3.365,3.109,6.035
2461261.500,2461511.500,2026.6023,2027.2868,250.0,9.215,3.036,2.749,5.756
2461261.500,2461521.500,2026.6023,2027.3142,260.0,8.679,2.946,2.650,5.684
2461261.500,2461531.500,2026.6023,2027.3415,270.0,9.413,3.068,2.785,5.783
2461261.500,2461541.500,2026.6023,2027.3689,280.0,11.171,3.342,3.085,6.015
2461261.500,2461551.500,2026.6023,2027.3963,290.0,13.755,3.709,3.479,6.349
2461261.500,2461561.500,2026.6023,2027.4237,300.0,17.005,4.124,3.918,6.757
2461261.500,2461571.500,2026.6023,2027.4511,310.0,20.791,4.560,4.375,7.216
2461261.500,2461581.500,2026.6023,2027.4784,320.0,25.006,5.001,4.832,7.708
2461261.500,2461591.500,2026.6023,2027.5058,330.0,29.562,5.437,5.283,8.222
2461261.500,2461601.500,2026.6023,2027.5332,340.0,34.386,5.864,5.721,8.748
2461261.500,2461611.500,2026.6023,2027.5606,350.0,39.419,6.278,6.145,9.279
2461261.500,2461621.500,2026.6023,2027.5880,360.0,44.611,6.679,6.554,9.808
2461261.500,2461631.500,2026.6023,2027.6153,370.0,49.921,7.065,6.947,10.334
2461261.500,2461641.500,2026.6023,2027.6427,380.0,55.315,7.437,7.325,10.853
2461261.500,2461651.500,2026.6023,2027.6701,390.0,60.763,7.795,7.688,11.363
2461261.500,2461661.500,2026.6023,2027.6975,400.0,66.243,8.139,8.037,11.862
2461261.500,2461671.500,2026.6023,2027.7248,410.0,71.735,8.470,8.372,12.351
2461261.500,2461681.500,2026.6023,2027.7522,420.0,77.222,8.788,8.693,12.828
2461261.500,2461691.500,2026.6023,2027.7796,430.0,82.691,9.093,9.002,13.293
2461261.500,2461701.500,2026.6023,2027.8070,440.0,88.130,9.388,9.299,13.746
2461261.500,2461711.500,2026.6023,2027.8344,450.0,93.531,9.671,9.585,14.187
2461281.500,2461361.500,2026.6571,2026.8761,80.0,1837.976,42.872,42.852,76.229
2461281.500,2461371.500,2026.6571,2026.9035,90.0,1317.543,36.298,36.275,63.365
2461281.500,2461381.500,2026.6571,2026.9309,100.0,960.729,30.996,30.969,53.072
2461281.500,2461391.500,2026.6571,2026.9582,110.0,708.858,26.624,26.593,44.671
2461281.500,2461401.500,2026.6571,2026.9856,120.0,527.013,22.957,22.921,37.712
2461281.500,2461411.500,2026.6571,2027.0130,130.0,393.425,19.835,19.793,31.882
2461281.500,2461421.500,2026.6571,2027.0404,140.0,293.990,17.146,17.098,26.961
2461281.500,2461431.500,2026.6571,2027.0678,150.0,219.273,14.808,14.752,22.788
2461281.500,2461441.500,2026.6571,2027.0951,160.0,162.785,12.759,12.694,19.242
2461281.500,2461451.500,2026.6571,2027.1225,170.0,119.962,10.953,10.877,16.234
2461281.500,2461461.500,2026.6571,2027.1499,180.0,87.522,9.355,9.267,13.696
2461281.500,2461471.500,2026.6571,2027.1773,190.0,63.062,7.941,7.837,11.574
2461281.500,2461481.500,2026.6571,2027.2047,200.0,44.798,6.693,6.571,9.829
2461281.500,2461491.500,2026.6571,2027.2320,210.0,31.862,5.645,5.434,8.428
2461281.500,2461501.500,2026.6571,2027.2594,220.0,21.875,4.677,4.498,7.345
2461281.500,2461511.500,2026.6571,2027.2868,230.0,15.386,3.923,3.705,6.555
2461281.500,2461521.500,2026.6571,2027.3142,240.0,11.319,3.364,3.109,6.035
2461281.500,2461531.500,2026.6571,2027.3415,250.0,9.214,3.035,2.749,5.756
2461281.500,2461541.500,2026.6571,2027.3689,260.0,8.679,2.946,2.650,5.684
2461281.500,2461551.500,2026.6571,2027.3963,270.0,9.413,3.068,2.785,5.783
2461281.500,2461561.500,2026.6571,2027.4237,280.0,11.170,3.342,3.085,6.015
2461281.500,2461571.500,2026.6571,2027.4511,290.0,13.755,3.709,3.479,6.349
2461281.500,2461581.500,2026.6571,2027.4784,300.0,17.005,4.124,3.918,6.757
2461281.500,2461591.500,2026.6571,2027.5058,310.0,20.791,4.560,4.375,7.216
2461281.500,2461601.500,2026.6571,2027.5332,320.0,25.006,5.001,4.832,7.708
2461281.500,2461611.500,2026.6571,2027.5606,330.0,29.562,5.437,5.283,8.222
2461281.500,2461621.500,2026.6571,2027.5880,340.0,34.386,5.864,5.721,8.748
2461281.500,2461631.500,2026.6571,2027.6153,350.0,39.419,6.278,6.145,9.279
2461281.500,2461641.500,2026.6571,2027.6427,360.0,44.611,6.679,6.554,9.808
2461281.500,2461651.500,2026.6571,2027.6701,370.0,49.921,7.065,6.947,10.334
2461281.500,2461661.500,2026.6571,2027.6975,380.0,55.315,7.437,7.325,10.853
2461281.500,2461671.500,2026.6571,2027.7248,390.0,60.763,7.795,7.688,11.363
2461281.500,2461681.500,2026.6571,2027.7522,400.0,66.244,8.139,8.037,11.862
2461281.500,2461691.500,2026.6571,2027.7796,410.0,71.735,8.470,8.372,12.351
2461281.500,2461701.500,2026.6571,2027.8070,420.0,77.223,8.788,8.693,12.828
2461281.500,2461711.500,2026.6571,2027.8344,430.0,82.691,9.093,9.002,13.293
2461281.500,2461721.500,2026.6571,2027.8617,440.0,88.131,9.388,9.299,13.746
2461281.500,2461731.500,2026.6571,2027.8891,450.0,93.531,9.671,9.585,14.187
2461301.500,2461381.500,2026.7118,2026.9309,80.0,1837.975,42.872,42.852,76.229
2461301.500,2461391.500,2026.7118,2026.9582,90.0,1317.542,36.298,36.275,63.365
2461301.500,2461401.500,2026.7118,2026.9856,100.0,960.728,30.996,30.969,53.072
2461301.500,2461411.500,2026.7118,2027.0130,110.0,708.858,26.624,26.593,44.671
2461301.500,2461421.500,2026.7118,2027.0404,120.0,527.013,22.957,22.921,37.712
2461301.500,2461431.500,2026.7118,2027.0678,130.0,393.425,19.835,19.793,31.882
2461301.500,2461441.500,2026.7118,2027.0951,140.0,293.990,17.146,17.098,26.961
2461301.500,2461451.500,2026.7118,2027.1225,150.0,219.272,14.808,14.752,22.788
2461301.500,2461461.500,2026.7118,2027.1499,160.0,162.785,12.759,12.694,19.242
2461301.500,2461471.500,2026.7118,2027.1773,170.0,119.962,10.953,10.877,16.234
2461301.500,2461481.500,2026.7118,2027.2047,180.0,87.522,9.355,9.266,13.696
2461301.500,2461491.500,2026.7118,2027.2320,190.0,63.070,7.942,7.837,11.574
2461301.500,2461501.500,2026.7118,2027.2594,200.0,44.819,6.695,6.570,9.829
2461301.500,2461511.500,2026.7118,2027.2868,210.0,31.439,5.607,5.456,8.428
2461301.500,2461521.500,2026.7118,2027.3142,220.0,21.896,4.679,4.496,7.345
2461301.500,2461531.500,2026.7118,2027.3415,230.0,15.271,3.908,3.714,6.556
2461301.500,2461541.500,2026.7118,2027.3689,240.0,11.349,3.369,3.106,6.035
2461301.500,2461551.500,2026.7118,2027.3963,250.0,9.224,3.037,2.748,5.756
2461301.500,2461561.500,2026.7118,2027.4237,260.0,8.680,2.946,2.650,5.684
2461301.500,2461571.500,2026.7118,2027.4511,270.0,9.415,3.068,2.785,5.783
2461301.500,2461581.500,2026.7118,2027.4784,280.0,11.171,3.342,3.085,6.015
2461301.500,2461591.500,2026.7118,2027.5058,290.0,13.755,3.709,3.479,6.350
2461301.500,2461601.500,2026.7118,2027.5332,300.0,17.006,4.124,3.918,6.757
2461301.500,2461611.500,2026.7118,2027.5606,310.0,20.791,4.560,4.375,7.216
2461301.500,2461621.500,2026.7118,2027.5880,320.0,25.006,5.001,4.832,7.708
2461301.500,2461631.500,2026.7118,2027.6153,330.0,29.562,5.437,5.283,8.222
2461301.500,2461641.500,2026.7118,2027.6427,340.0,34.387,5.864,5.721,8.748
2461301.500,2461651.500,2026.7118,2027.6701,350.0,39.419,6.278,6.145,9.279
2461301.500,2461661.500,2026.7118,2027.6975,360.0,44.612,6.679,6.554,9.809
2461301.500,2461671.500,2026.7118,2027.7248,370.0,49.922,7.066,6.947,10.334
2461301.500,2461681.500,2026.7118,2027.7522,380.0,55.315,7.437,7.325,10.853
2461301.500,2461691.500,2026.7118,2027.7796,390.0,60.764,7.795,7.688,11.363
2461301.500,2461701.500,2026.7118,2027.8070,400.0,66.244,8.139,8.037,11.863
2461301.500,2461711.500,2026.7118,2027.8344,410.0,71.736,8.470,8.372,12.351
2461301.500,2461721.500,2026.7118,2027.8617,420.0,77.223,8.788,8.693,12.828
2461301.500,2461731.500,2026.7118,2027.8891,430.0,82.692,9.094,9.002,13.293
2461301.500,2461741.500,2026.7118,2027.9165,440.0,88.131,9.388,9.299,13.746
2461301.500,2461751.500,2026.7118,2027.9439,450.0,93.532,9.671,9.585,14.187
2461321.500,2461401.500,2026.7666,2026.9856,80.0,1837.973,42.872,42.852,76.229
2461321.500,2461411.500,2026.7666,2027.0130,90.0,1317.540,36.298,36.275,63.365
2461321.500,2461421.500,2026.7666,2027.0404,100.0,960.727,30.996,30.969,53.072
2461321.500,2461431.500,2026.7666,2027.0678,110.0,708.857,26.624,26.593,44.671
2461321.500,2461441.500,2026.7666,2027.0951,120.0,527.012,22.957,22.921,37.712
2461321.500,2461451.500,2026.7666,2027.1225,130.0,393.424,19.835,19.793,31.882
2461321.500,2461461.500,2026.7666,2027.1499,140.0,293.989,17.146,17.098,26.961
2461321.500,2461471.500,2026.7666,2027.1773,150.0,219.272,14.808,14.752,22.788
2461321.500,2461481.500,2026.7666,2027.2047,160.0,162.785,12.759,12.694,19.242
2461321.500,2461491.500,2026.7666,2027.2320,170.0,119.961,10.953,10.877,16.234
2461321.500,2461501.500,2026.7666,2027.2594,180.0,87.522,9.355,9.266,13.696
2461321.500,2461511.500,2026.7666,2027.2868,190.0,63.068,7.942,7.837,11.574
2461321.500,2461521.500,2026.7666,2027.3142,200.0,44.818,6.695,6.570,9.829
2461321.500,2461531.500,2026.7666,2027.3415,210.0,31.430,5.606,5.457,8.428
2461321.500,2461541.500,2026.7666,2027.3689,220.0,21.887,4.678,4.497,7.345
2461321.500,2461551.500,2026.7666,2027.3963,230.0,15.383,3.922,3.705,6.555
2461321.500,2461561.500,2026.7666,2027.4237,240.0,11.382,3.374,3.103,6.035
2461321.500,2461571.500,2026.7666,2027.4511,250.0,9.251,3.041,2.745,5.756
2461321.500,2461581.500,2026.7666,2027.4784,260.0,8.686,2.947,2.650,5.684
2461321.500,2461591.500,2026.7666,2027.5058,270.0,9.415,3.068,2.785,5.783
2461321.500,2461601.500,2026.7666,2027.5332,280.0,11.173,3.343,3.085,6.015
2461321.500,2461611.500,2026.7666,2027.5606,290.0,13.755,3.709,3.479,6.350
2461321.500,2461621.500,2026.7666,2027.5880,300.0,17.006,4.124,3.918,6.757
2461321.500,2461631.500,2026.7666,2027.6153,310.0,20.791,4.560,4.375,7.216
2461321.500,2461641.500,2026.7666,2027.6427,320.0,25.007,5.001,4.832,7.708
2461321.500,2461651.500,2026.7666,2027.6701,330.0,29.562,5.437,5.283,8.222
2461321.500,2461661.500,2026.7666,2027.6975,340.0,34.387,5.864,5.721,8.748
2461321.500,2461671.500,2026.7666,2027.7248,350.0,39.420,6.279,6.145,9.279
2461321.500,2461681.500,2026.7666,2027.7522,360.0,44.612,6.679,6.554,9.809
2461321.500,2461691.500,2026.7666,2027.7796,370.0,49.922,7.066,6.948,10.334
2461321.500,2461701.500,2026.7666,2027.8070,380.0,55.315,7.437,7.325,10.853
2461321.500,2461711.500,2026.7666,2027.8344,390.0,60.764,7.795,7.688,11.363
2461321.500,2461721.500,2026.7666,2027.8617,400.0,66.244,8.139,8.037,11.863
2461321.500,2461731.500,2026.7666,2027.8891,410.0,71.736,8.470,8.372,12.351
2461321.500,2461741.500,2026.7666,2027.9165,420.0,77.223,8.788,8.693,12.828
2461321.500,2461751.500,2026.7666,2027.9439,430.0,82.692,9.094,9.002,13.293
2461321.500,2461761.500,2026.7666,2027.9713,440.0,88.131,9.388,9.299,13.746
2461321.500,2461771.500,2026.7666,2027.9986,450.0,93.532,9.671,9.585,14.187
2461341.500,2461421.500,2026.8214,2027.0404,80.0,1837.972,42.872,42.852,76.229
2461341.500,2461431.500,2026.8214,2027.0678,90.0,1317.539,36.298,36.275,63.365
2461341.500,2461441.500,2026.8214,2027.0951,100.0,960.726,30.996,30.969,53.072
2461341.500,2461451.500,2026.8214,2027.1225,110.0,708.856,26.624,26.593,44.671
2461341.500,2461461.500,2026.8214,2027.1499,120.0,527.011,22.957,22.921,37.712
2461341.500,2461471.500,2026.8214,2027.1773,130.0,393.423,19.835,19.793,31.882
2461341.500,2461481.500,2026.8214,2027.2047,140.0,293.988,17.146,17.098,26.961
2461341.500,2461491.500,2026.8214,2027.2320,150.0,219.271,14.808,14.752,22.788
2461341.500,2461501.500,2026.8214,2027.2594,160.0,162.784,12.759,12.694,19.242
2461341.500,2461511.500,2026.8214,2027.2868,170.0,119.961,10.953,10.877,16.234
2461341.500,2461521.500,2026.8214,2027.3142,180.0,87.521,9.355,9.266,13.696
2461341.500,2461531.500,2026.8214,2027.3415,190.0,63.067,7.941,7.837,11.574
2461341.500,2461541.500,2026.8214,2027.3689,200.0,44.817,6.695,6.570,9.829
2461341.500,2461551.500,2026.8214,2027.3963,210.0,31.429,5.606,5.457,8.428
2461341.500,2461561.500,2026.8214,2027.4237,220.0,21.881,4.678,4.497,7.345
2461341.500,2461571.500,2026.8214,2027.4511,230.0,15.383,3.922,3.705,6.555
2461341.500,2461581.500,2026.8214,2027.4784,240.0,11.320,3.365,3.109,6.035
2461341.500,2461591.500,2026.8214,2027.5058,250.0,9.215,3.036,2.749,5.756
2461341.500,2461601.500,2026.8214,2027.5332,260.0,8.778,2.963,2.640,5.683
2461341.500,2461611.500,2026.8214,2027.5606,270.0,9.429,3.071,2.784,5.782
2461341.500,2461621.500,2026.8214,2027.5880,280.0,11.165,3.341,3.085,6.016
2461341.500,2461631.500,2026.8214,2027.6153,290.0,13.754,3.709,3.479,6.350
2461341.500,2461641.500,2026.8214,2027.6427,300.0,17.006,4.124,3.918,6.757
2461341.500,2461651.500,2026.8214,2027.6701,310.0,20.791,4.560,4.375,7.216
2461341.500,2461661.500,2026.8214,2027.6975,320.0,25.006,5.001,4.832,7.708
2461341.500,2461671.500,2026.8214,2027.7248,330.0,29.562,5.437,5.283,8.222
2461341.500,2461681.500,2026.8214,2027.7522,340.0,34.387,5.864,5.721,8.748
2461341.500,2461691.500,2026.8214,2027.7796,350.0,39.420,6.279,6.145,9.279
2461341.500,2461701.500,2026.8214,2027.8070,360.0,44.612,6.679,6.554,9.809
2461341.500,2461711.500,2026.8214,2027.8344,370.0,49.922,7.066,6.948,10.334
2461341.500,2461721.500,2026.8214,2027.8617,380.0,55.316,7.437,7.325,10.853
2461341.500,2461731.500,2026.8214,2027.8891,390.0,60.764,7.795,7.688,11.363
2461341.500,2461741.500,2026.8214,2027.9165,400.0,66.244,8.139,8.037,11.863
2461341.500,2461751.500,2026.8214,2027.9439,410.0,71.736,8.470,8.372,12.351
2461341.500,2461761.500,2026.8214,2027.9713,420.0,77.223,8.788,8.693,12.828
2461341.500,2461771.500,2026.8214,2027.9986,430.0,82.692,9.094,9.002,13.293
2461341.500,2461781.500,2026.8214,2028.0260,440.0,88.132,9.388,9.299,13.746
2461341.500,2461791.500,2026.8214,2028.0534,450.0,93.532,9.671,9.585,14.187
2461361.500,2461441.500,2026.8761,2027.0951,80.0,1837.970,42.872,42.852,76.229
2461361.500,2461451.500,2026.8761,2027.1225,90.0,1317.538,36.298,36.275,63.365
2461361.500,2461461.500,2026.8761,2027.1499,100.0,960.725,30.996,30.969,53.072
2461361.500,2461471.500,2026.8761,2027.1773,110.0,708.855,26.624,26.593,44.671
2461361.500,2461481.500,2026.8761,2027.2047,120.0,527.010,22.957,22.921,37.712
2461361.500,2461491.500,2026.8761,2027.2320,130.0,393.422,19.835,19.793,31.882
2461361.500,2461501.500,2026.8761,2027.2594,140.0,293.988,17.146,17.098,26.961
2461361.500,2461511.500,2026.8761,2027.2868,150.0,219.271,14.808,14.752,22.788
2461361.500,2461521.500,2026.8761,2027.3142,160.0,162.783,12.759,12.694,19.242
2461361.500,2461531.500,2026.8761,2027.3415,170.0,119.960,10.953,10.877,16.234
2461361.500,2461541.500,2026.8761,2027.3689,180.0,87.521,9.355,9.266,13.696
2461361.500,2461551.500,2026.8761,2027.3963,190.0,63.067,7.941,7.837,11.574
2461361.500,2461561.500,2026.8761,2027.4237,200.0,44.817,6.695,6.570,9.829
2461361.500,2461571.500,2026.8761,2027.4511,210.0,31.429,5.606,5.457,8.428
2461361.500,2461581.500,2026.8761,2027.4784,220.0,21.880,4.678,4.497,7.345
2461361.500,2461591.500,2026.8761,2027.5058,230.0,15.382,3.922,3.705,6.555
2461361.500,2461601.500,2026.8761,2027.5332,240.0,11.321,3.365,3.109,6.035
2461361.500,2461611.500,2026.8761,2027.5606,250.0,9.214,3.035,2.749,5.756
2461361.500,2461621.500,2026.8761,2027.5880,260.0,8.676,2.946,2.651,5.684
2461361.500,2461631.500,2026.8761,2027.6153,270.0,9.399,3.066,2.787,5.783
2461361.500,2461641.500,2026.8761,2027.6427,280.0,11.860,3.444,3.020,6.011
2461361.500,2461651.500,2026.8761,2027.6701,290.0,13.757,3.709,3.478,6.350
2461361.500,2461661.500,2026.8761,2027.6975,300.0,17.003,4.123,3.918,6.757
2461361.500,2461671.500,2026.8761,2027.7248,310.0,20.790,4.560,4.375,7.216
2461361.500,2461681.500,2026.8761,2027.7522,320.0,25.005,5.001,4.832,7.708
2461361.500,2461691.500,2026.8761,2027.7796,330.0,29.562,5.437,5.283,8.222
2461361.500,2461701.500,2026.8761,2027.8070,340.0,34.387,5.864,5.721,8.748
2461361.500,2461711.500,2026.8761,2027.8344,350.0,39.420,6.279,6.145,9.279
2461361.500,2461721.500,2026.8761,2027.8617,360.0,44.612,6.679,6.554,9.809
2461361.500,2461731.500,2026.8761,2027.8891,370.0,49.922,7.066,6.948,10.334
2461361.500,2461741.500,2026.8761,2027.9165,380.0,55.316,7.437,7.325,10.853
2461361.500,2461751.500,2026.8761,2027.9439,390.0,60.764,7.795,7.688,11.363
2461361.500,2461761.500,2026.8761,2027.9713,400.0,66.245,8.139,8.037,11.863
2461361.500,2461771.500,2026.8761,2027.9986,410.0,71.736,8.470,8.372,12.351
2461361.500,2461781.500,2026.8761,2028.0260,420.0,77.224,8.788,8.693,12.828
2461361.500,2461791.500,2026.8761,2028.0534,430.0,82.693,9.094,9.002,13.293
2461361.500,2461801.500,2026.8761,2028.0808,440.0,88.132,9.388,9.299,13.746
2461361.500,2461811.500,2026.8761,2028.1081,450.0,93.532,9.671,9.585,14.187
2461381.500,2461461.500,2026.9309,2027.1499,80.0,1837.969,42.872,42.852,76.229
2461381.500,2461471.500,2026.9309,2027.1773,90.0,1317.537,36.298,36.275,63.365
2461381.500,2461481.500,2026.9309,2027.2047,100.0,960.724,30.996,30.969,53.072
2461381.500,2461491.500,2026.9309,2027.2320,110.0,708.854,26.624,26.593,44.671
2461381.500,2461501.500,2026.9309,2027.2594,120.0,527.010,22.957,22.921,37.711
2461381.500,2461511.500,2026.9309,2027.2868,130.0,393.422,19.835,19.793,31.882
2461381.500,2461521.500,2026.9309,2027.3142,140.0,293.987,17.146,17.098,26.961
2461381.500,2461531.500,2026.9309,2027.3415,150.0,219.270,14.808,14.752,22.788
2461381.500,2461541.500,2026.9309,2027.3689,160.0,162.783,12.759,12.694,19.242
2461381.500,2461551.500,2026.9309,2027.3963,170.0,119.960,10.953,10.877,16.234
2461381.500,2461561.500,2026.9309,2027.4237,180.0,87.521,9.355,9.266,13.696
2461381.500,2461571.500,2026.9309,2027.4511,190.0,63.067,7.941,7.837,11.574
2461381.500,2461581.500,2026.9309,2027.4784,200.0,44.817,6.695,6.570,9.829
2461381.500,2461591.500,2026.9309,2027.5058,210.0,31.429,5.606,5.457,8.428
2461381.500,2461601.500,2026.9309,2027.5332,220.0,21.880,4.678,4.497,7.345
2461381.500,2461611.500,2026.9309,2027.5606,230.0,15.382,3.922,3.705,6.555
2461381.500,2461621.500,2026.9309,2027.5880,240.0,11.320,3.365,3.109,6.035
2461381.500,2461631.500,2026.9309,2027.6153,250.0,9.214,3.036,2.749,5.756
2461381.500,2461641.500,2026.9309,2027.6427,260.0,8.681,2.946,2.650,5.684
2461381.500,2461651.500,2026.9309,2027.6701,270.0,9.414,3.068,2.785,5.783
2461381.500,2461661.500,2026.9309,2027.6975,280.0,11.177,3.343,3.084,6.015
2461381.500,2461671.500,2026.9309,2027.7248,290.0,13.765,3.710,3.478,6.349
2461381.500,2461681.500,2026.9309,2027.7522,300.0,18.907,4.348,3.785,6.755
2461381.500,2461691.500,2026.9309,2027.7796,310.0,20.803,4.561,4.374,7.216
2461381.500,2461701.500,2026.9309,2027.8070,320.0,25.014,5.001,4.832,7.708
2461381.500,2461711.500,2026.9309,2027.8344,330.0,29.563,5.437,5.283,8.222
2461381.500,2461721.500,2026.9309,2027.8617,340.0,34.388,5.864,5.721,8.748
2461381.500,2461731.500,2026.9309,2027.8891,350.0,39.420,6.279,6.145,9.279
2461381.500,2461741.500,2026.9309,2027.9165,360.0,44.612,6.679,6.554,9.809
2461381.500,2461751.500,2026.9309,2027.9439,370.0,49.923,7.066,6.948,10.334
2461381.500,2461761.500,2026.9309,2027.9713,380.0,55.316,7.437,7.325,10.853
2461381.500,2461771.500,2026.9309,2027.9986,390.0,60.765,7.795,7.688,11.363
2461381.500,2461781.500,2026.9309,2028.0260,400.0,66.245,8.139,8.037,11.863
2461381.500,2461791.500,2026.9309,2028.0534,410.0,71.737,8.470,8.372,12.351
2461381.500,2461801.500,2026.9309,2028.0808,420.0,77.224,8.788,8.693,12.828
2461381.500,2461811.500,2026.9309,2028.1081,430.0,82.693,9.094,9.002,13.293
2461381.500,2461821.500,2026.9309,2028.1355,440.0,88.132,9.388,9.299,13.746
2461381.500,2461831.500,2026.9309,2028.1629,450.0,93.533,9.671,9.585,14.187
2461401.500,2461481.500,2026.9856,2027.2047,80.0,1837.967,42.872,42.852,76.229
2461401.500,2461491.500,2026.9856,2027.2320,90.0,1317.535,36.298,36.275,63.365
2461401.500,2461501.500,2026.9856,2027.2594,100.0,960.723,30.996,30.969,53.072
2461401.500,2461511.500,2026.9856,2027.2868,110.0,708.853,26.624,26.593,44.671
2461401.500,2461521.500,2026.9856,2027.3142,120.0,527.009,22.957,22.921,37.711
2461401.500,2461531.500,2026.9856,2027.3415,130.0,393.421,19.835,19.793,31.882
2461401.500,2461541.500,2026.9856,2027.3689,140.0,293.987,17.146,17.098,26.961
2461401.500,2461551.500,2026.9856,2027.3963,150.0,219.270,14.808,14.752,22.788
2461401.500,2461561.500,2026.9856,2027.4237,160.0,162.783,12.759,12.694,19.242
2461401.500,2461571.500,2026.9856,2027.4511,170.0,119.960,10.953,10.877,16.234
2461401.500,2461581.500,2026.9856,2027.4784,180.0,87.520,9.355,9.266,13.696
2461401.500,2461591.500,2026.9856,2027.5058,190.0,63.067,7.941,7.837,11.574
2461401.500,2461601.500,2026.9856,2027.5332,200.0,44.816,6.695,6.570,9.829
2461401.500,2461611.500,2026.9856,2027.5606,210.0,31.429,5.606,5.457,8.428
2461401.500,2461621.500,2026.9856,2027.5880,220.0,21.880,4.678,4.497,7.345
2461401.500,2461631.500,2026.9856,2027.6153,230.0,15.382,3.922,3.705,6.555
2461401.500,2461641.500,2026.9856,2027.6427,240.0,11.321,3.365,3.109,6.035
2461401.500,2461651.500,2026.9856,2027.6701,250.0,9.214,3.035,2.749,5.756
2461401.500,2461661.500,2026.9856,2027.6975,260.0,8.679,2.946,2.650,5.684
2461401.500,2461671.500,2026.9856,2027.7248,270.0,9.413,3.068,2.785,5.783
2461401.500,2461681.500,2026.9856,2027.7522,280.0,11.170,3.342,3.085,6.016
2461401.500,2461691.500,2026.9856,2027.7796,290.0,13.755,3.709,3.479,6.350
2461401.500,2461701.500,2026.9856,2027.8070,300.0,17.012,4.125,3.918,6.757
2461401.500,2461711.500,2026.9856,2027.8344,310.0,20.782,4.559,4.375,7.216
2461401.500,2461721.500,2026.9856,2027.8617,320.0,25.253,5.025,4.818,7.708
2461401.500,2461731.500,2026.9856,2027.8891,330.0,29.574,5.438,5.282,8.222
2461401.500,2461741.500,2026.9856,2027.9165,340.0,34.389,5.864,5.721,8.748
2461401.500,2461751.500,2026.9856,2027.9439,350.0,39.423,6.279,6.145,9.279
2461401.500,2461761.500,2026.9856,2027.9713,360.0,44.614,6.679,6.554,9.809
2461401.500,2461771.500,2026.9856,2027.9986,370.0,49.923,7.066,6.948,10.334
2461401.500,2461781.500,2026.9856,2028.0260,380.0,55.317,7.438,7.325,10.853
2461401.500,2461791.500,2026.9856,2028.0534,390.0,60.765,7.795,7.688,11.363
2461401.500,2461801.500,2026.9856,2028.0808,400.0,66.245,8.139,8.037,11.863
2461401.500,2461811.500,2026.9856,2028.1081,410.0,71.737,8.470,8.372,12.351
2461401.500,2461821.500,2026.9856,2028.1355,420.0,77.224,8.788,8.693,12.828
2461401.500,2461831.500,2026.9856,2028.1629,430.0,82.693,9.094,9.002,13.293
2461401.500,2461841.500,2026.9856,2028.1903,440.0,88.133,9.388,9.299,13.746
2461401.500,2461851.500,2026.9856,2028.2177,450.0,93.533,9.671,9.585,14.187
2461421.500,2461501.500,2027.0404,2027.2594,80.0,1837.966,42.872,42.852,76.229
2461421.500,2461511.500,2027.0404,2027.2868,90.0,1317.534,36.298,36.275,63.365
2461421.500,2461521.500,2027.0404,2027.3142,100.0,960.722,30.996,30.969,53.071
2461421.500,2461531.500,2027.0404,2027.3415,110.0,708.852,26.624,26.593,44.671
2461421.500,2461541.500,2027.0404,2027.3689,120.0,527.008,22.957,22.921,37.711
2461421.500,2461551.500,2027.0404,2027.3963,130.0,393.421,19.835,19.793,31.882
2461421.500,2461561.500,2027.0404,2027.4237,140.0,293.986,17.146,17.098,26.961
2461421.500,2461571.500,2027.0404,2027.4511,150.0,219.269,14.808,14.752,22.788
2461421.500,2461581.500,2027.0404,2027.4784,160.0,162.782,12.759,12.694,19.242
2461421.500,2461591.500,2027.0404,2027.5058,170.0,119.959,10.953,10.877,16.234
2461421.500,2461601.500,2027.0404,2027.5332,180.0,87.520,9.355,9.266,13.696
2461421.500,2461611.500,2027.0404,2027.5606,190.0,63.066,7.941,7.837,11.574
2461421.500,2461621.500,2027.0404,2027.5880,200.0,44.816,6.694,6.570,9.829
2461421.500,2461631.500,2027.0404,2027.6153,210.0,31.428,5.606,5.457,8.428
2461421.500,2461641.500,2027.0404,2027.6427,220.0,21.880,4.678,4.497,7.344
2461421.500,2461651.500,2027.0404,2027.6701,230.0,15.382,3.922,3.705,6.555
2461421.500,2461661.500,2027.0404,2027.6975,240.0,11.320,3.365,3.109,6.035
2461421.500,2461671.500,2027.0404,2027.7248,250.0,9.213,3.035,2.749,5.756
2461421.500,2461681.500,2027.0404,2027.7522,260.0,8.679,2.946,2.650,5.684
2461421.500,2461691.500,2027.0404,2027.7796,270.0,9.413,3.068,2.785,5.783
2461421.500,2461701.500,2027.0404,2027.8070,280.0,11.172,3.342,3.085,6.016
2461421.500,2461711.500,2027.0404,2027.8344,290.0,13.754,3.709,3.479,6.350
2461421.500,2461721.500,2027.0404,2027.8617,300.0,17.008,4.124,3.918,6.757
2461421.500,2461731.500,2027.0404,2027.8891,310.0,20.794,4.560,4.374,7.216
2461421.500,2461741.500,2027.0404,2027.9165,320.0,25.011,5.001,4.832,7.708
2461421.500,2461751.500,2027.0404,2027.9439,330.0,29.633,5.444,5.279,8.222
2461421.500,2461761.500,2027.0404,2027.9713,340.0,34.433,5.868,5.719,8.748
2461421.500,2461771.500,2027.0404,2027.9986,350.0,39.413,6.278,6.146,9.279
2461421.500,2461781.500,2027.0404,2028.0260,360.0,44.613,6.679,6.554,9.809
2461421.500,2461791.500,2027.0404,2028.0534,370.0,49.924,7.066,6.948,10.334
2461421.500,2461801.500,2027.0404,2028.0808,380.0,55.316,7.437,7.325,10.853
2461421.500,2461811.500,2027.0404,2028.1081,390.0,60.765,7.795,7.688,11.363
2461421.500,2461821.500,2027.0404,2028.1355,400.0,66.246,8.139,8.037,11.863
2461421.500,2461831.500,2027.0404,2028.1629,410.0,71.738,8.470,8.372,12.351
2461421.500,2461841.500,2027.0404,2028.1903,420.0,77.225,8.788,8.693,12.828
2461421.500,2461851.500,2027.0404,2028.2177,430.0,82.693,9.094,9.002,13.293
2461421.500,2461861.500,2027.0404,2028.2450,440.0,88.133,9.388,9.299,13.746
2461421.500,2461871.500,2027.0404,2028.2724,450.0,93.534,9.671,9.585,14.187
2461441.500,2461521.500,2027.0951,2027.3142,80.0,1837.965,42.871,42.852,76.229
2461441.500,2461531.500,2027.0951,2027.3415,90.0,1317.533,36.298,36.275,63.365
2461441.500,2461541.500,2027.0951,2027.3689,100.0,960.721,30.995,30.969,53.071
2461441.500,2461551.500,2027.0951,2027.3963,110.0,708.851,26.624,26.593,44.671
2461441.500,2461561.500,2027.0951,2027.4237,120.0,527.007,22.957,22.921,37.711
2461441.500,2461571.500,2027.0951,2027.4511,130.0,393.420,19.835,19.793,31.882
2461441.500,2461581.500,2027.0951,2027.4784,140.0,293.985,17.146,17.098,26.961
2461441.500,2461591.500,2027.0951,2027.5058,150.0,219.269,14.808,14.752,22.788
2461441.500,2461601.500,2027.0951,2027.5332,160.0,162.782,12.759,12.694,19.242
2461441.500,2461611.500,2027.0951,2027.5606,170.0,119.959,10.953,10.877,16.234
2461441.500,2461621.500,2027.0951,2027.5880,180.0,87.520,9.355,9.266,13.696
2461441.500,2461631.500,2027.0951,2027.6153,190.0,63.066,7.941,7.837,11.574
2461441.500,2461641.500,2027.0951,2027.6427,200.0,44.816,6.694,6.570,9.829
2461441.500,2461651.500,2027.0951,2027.6701,210.0,31.428,5.606,5.457,8.428
2461441.500,2461661.500,2027.0951,2027.6975,220.0,21.880,4.678,4.497,7.344
2461441.500,2461671.500,2027.0951,2027.7248,230.0,15.382,3.922,3.705,6.555
2461441.500,2461681.500,2027.0951,2027.7522,240.0,11.321,3.365,3.109,6.035
2461441.500,2461691.500,2027.0951,2027.7796,250.0,9.214,3.035,2.749,5.756
2461441.500,2461701.500,2027.0951,2027.8070,260.0,8.680,2.946,2.650,5.684
2461441.500,2461711.500,2027.0951,2027.8344,270.0,9.414,3.068,2.785,5.783
2461441.500,2461721.500,2027.0951,2027.8617,280.0,11.172,3.342,3.085,6.016
2461441.500,2461731.500,2027.0951,2027.8891,290.0,13.756,3.709,3.479,6.350
2461441.500,2461741.500,2027.0951,2027.9165,300.0,17.006,4.124,3.918,6.757
2461441.500,2461751.500,2027.0951,2027.9439,310.0,20.793,4.560,4.375,7.216
2461441.500,2461761.500,2027.0951,2027.9713,320.0,25.007,5.001,4.832,7.708
2461441.500,2461771.500,2027.0951,2027.9986,330.0,29.565,5.437,5.283,8.222
2461441.500,2461781.500,2027.0951,2028.0260,340.0,34.385,5.864,5.721,8.748
2461441.500,2461791.500,2027.0951,2028.0534,350.0,40.017,6.326,6.118,9.280
2461441.500,2461801.500,2027.0951,2028.0808,360.0,44.614,6.679,6.554,9.809
2461441.500,2461811.500,2027.0951,2028.1081,370.0,49.929,7.066,6.947,10.334
2461441.500,2461821.500,2027.0951,2028.1355,380.0,55.320,7.438,7.325,10.853
2461441.500,2461831.500,2027.0951,2028.1629,390.0,60.768,7.795,7.688,11.363
2461441.500,2461841.500,2027.0951,2028.1903,400.0,66.246,8.139,8.037,11.863
2461441.500,2461851.500,2027.0951,2028.2177,410.0,71.738,8.470,8.372,12.351
2461441.500,2461861.500,2027.0951,2028.2450,420.0,77.225,8.788,8.693,12.828
2461441.500,2461871.500,2027.0951,2028.2724,430.0,82.694,9.094,9.002,13.293
2461441.500,2461881.500,2027.0951,2028.2998,440.0,88.134,9.388,9.299,13.746
2461441.500,2461891.500,2027.0951,2028.3272,450.0,93.534,9.671,9.585,14.187
2461461.500,2461541.500,2027.1499,2027.3689,80.0,1837.963,42.871,42.852,76.229
2461461.500,2461551.500,2027.1499,2027.3963,90.0,1317.532,36.298,36.275,63.365
2461461.500,2461561.500,2027.1499,2027.4237,100.0,960.720,30.995,30.969,53.071
2461461.500,2461571.500,2027.1499,2027.4511,110.0,708.850,26.624,26.593,44.671
2461461.500,2461581.500,2027.1499,2027.4784,120.0,527.007,22.957,22.921,37.711
2461461.500,2461591.500,2027.1499,2027.5058,130.0,393.419,19.835,19.793,31.882
2461461.500,2461601.500,2027.1499,2027.5332,140.0,293.985,17.146,17.098,26.961
2461461.500,2461611.500,2027.1499,2027.5606,150.0,219.268,14.808,14.752,22.788
2461461.500,2461621.500,2027.1499,2027.5880,160.0,162.781,12.759,12.694,19.242
2461461.500,2461631.500,2027.1499,2027.6153,170.0,119.959,10.953,10.877,16.234
2461461.500,2461641.500,2027.1499,2027.6427,180.0,87.520,9.355,9.266,13.696
2461461.500,2461651.500,2027.1499,2027.6701,190.0,63.066,7.941,7.837,11.574
2461461.500,2461661.500,2027.1499,2027.6975,200.0,44.816,6.694,6.570,9.829
2461461.500,2461671.500,2027.1499,2027.7248,210.0,31.428,5.606,5.457,8.428
2461461.500,2461681.500,2027.1499,2027.7522,220.0,21.879,4.678,4.497,7.344
2461461.500,2461691.500,2027.1499,2027.7796,230.0,15.381,3.922,3.705,6.555
2461461.500,2461701.500,2027.1499,2027.8070,240.0,11.320,3.365,3.109,6.035
2461461.500,2461711.500,2027.1499,2027.8344,250.0,9.214,3.035,2.749,5.756
2461461.500,2461721.500,2027.1499,2027.8617,260.0,8.679,2.946,2.650,5.684
2461461.500,2461731.500,2027.1499,2027.8891,270.0,9.413,3.068,2.785,5.783
2461461.500,2461741.500,2027.1499,2027.9165,280.0,11.171,3.342,3.085,6.016
2461461.500,2461751.500,2027.1499,2027.9439,290.0,13.756,3.709,3.479,6.350
2461461.500,2461761.500,2027.1499,2027.9713,300.0,17.006,4.124,3.918,6.757
2461461.500,2461771.500,2027.1499,2027.9986,310.0,20.792,4.560,4.375,7.216
2461461.500,2461781.500,2027.1499,2028.0260,320.0,25.007,5.001,4.832,7.708
2461461.500,2461791.500,2027.1499,2028.0534,330.0,29.562,5.437,5.283,8.222
2461461.500,2461801.500,2027.1499,2028.0808,340.0,34.390,5.864,5.721,8.748
2461461.500,2461811.500,2027.1499,2028.1081,350.0,39.417,6.278,6.146,9.279
2461461.500,2461821.500,2027.1499,2028.1355,360.0,44.611,6.679,6.554,9.809
2461461.500,2461841.500,2027.1499,2028.1903,380.0,55.320,7.438,7.325,10.853
2461461.500,2461851.500,2027.1499,2028.2177,390.0,60.764,7.795,7.688,11.363
2461461.500,2461861.500,2027.1499,2028.2450,400.0,66.245,8.139,8.037,11.863
2461461.500,2461871.500,2027.1499,2028.2724,410.0,71.738,8.470,8.372,12.351
2461461.500,2461881.500,2027.1499,2028.2998,420.0,77.225,8.788,8.693,12.828
2461461.500,2461891.500,2027.1499,2028.3272,430.0,82.694,9.094,9.002,13.293
2461461.500,2461901.500,2027.1499,2028.3546,440.0,88.133,9.388,9.299,13.746
2461461.500,2461911.500,2027.1499,2028.3819,450.0,93.534,9.671,9.585,14.187
2461481.500,2461561.500,2027.2047,2027.4237,80.0,1837.962,42.871,42.852,76.229
2461481.500,2461571.500,2027.2047,2027.4511,90.0,1317.531,36.298,36.275,63.365
2461481.500,2461581.500,2027.2047,2027.4784,100.0,960.719,30.995,30.969,53.071
2461481.500,2461591.500,2027.2047,2027.5058,110.0,708.849,26.624,26.593,44.671
2461481.500,2461601.500,2027.2047,2027.5332,120.0,527.006,22.957,22.921,37.711
2461481.500,2461611.500,2027.2047,2027.5606,130.0,393.419,19.835,19.793,31.882
2461481.500,2461621.500,2027.2047,2027.5880,140.0,293.984,17.146,17.098,26.961
2461481.500,2461631.500,2027.2047,2027.6153,150.0,219.268,14.808,14.752,22.788
2461481.500,2461641.500,2027.2047,2027.6427,160.0,162.781,12.759,12.694,19.242
2461481.500,2461651.500,2027.2047,2027.6701,170.0,119.958,10.953,10.877,16.234
2461481.500,2461661.500,2027.2047,2027.6975,180.0,87.519,9.355,9.266,13.696
2461481.500,2461671.500,2027.2047,2027.7248,190.0,63.066,7.941,7.837,11.574
2461481.500,2461681.500,2027.2047,2027.7522,200.0,44.816,6.694,6.570,9.829
2461481.500,2461691.500,2027.2047,2027.7796,210.0,31.428,5.606,5.457,8.428
2461481.500,2461701.500,2027.2047,2027.8070,220.0,21.879,4.678,4.497,7.344
2461481.500,2461711.500,2027.2047,2027.8344,230.0,15.381,3.922,3.705,6.555
2461481.500,2461721.500,2027.2047,2027.8617,240.0,11.320,3.365,3.109,6.035
2461481.500,2461731.500,2027.2047,2027.8891,250.0,9.214,3.035,2.749,5.756
2461481.500,2461741.500,2027.2047,2027.9165,260.0,8.680,2.946,2.650,5.684
2461481.500,2461751.500,2027.2047,2027.9439,270.0,9.414,3.068,2.785,5.783
2461481.500,2461761.500,2027.2047,2027.9713,280.0,11.172,3.342,3.085,6.016
2461481.500,2461771.500,2027.2047,2027.9986,290.0,13.756,3.709,3.479,6.350
2461481.500,2461781.500,2027.2047,2028.0260,300.0,17.006,4.124,3.918,6.757
2461481.500,2461791.500,2027.2047,2028.0534,310.0,20.792,4.560,4.375,7.216
2461481.500,2461801.500,2027.2047,2028.0808,320.0,25.008,5.001,4.832,7.708
2461481.500,2461811.500,2027.2047,2028.1081,330.0,29.563,5.437,5.283,8.222
2461481.500,2461821.500,2027.2047,2028.1355,340.0,34.388,5.864,5.721,8.748
2461481.500,2461831.500,2027.2047,2028.1629,350.0,39.423,6.279,6.145,9.279
2461481.500,2461841.500,2027.2047,2028.1903,360.0,44.615,6.679,6.554,9.809
2461481.500,2461851.500,2027.2047,2028.2177,370.0,49.932,7.066,6.947,10.334
2461481.500,2461861.500,2027.2047,2028.2450,380.0,55.375,7.441,7.323,10.853
2461481.500,2461871.500,2027.2047,2028.2724,390.0,61.283,7.828,7.669,11.366
2461481.500,2461881.500,2027.2047,2028.2998,400.0,66.259,8.140,8.036,11.863
2461481.500,2461891.500,2027.2047,2028.3272,410.0,71.742,8.470,8.371,12.351
2461481.500,2461901.500,2027.2047,2028.3546,420.0,77.226,8.788,8.693,12.828
2461481.500,2461911.500,2027.2047,2028.3819,430.0,82.695,9.094,9.002,13.293
2461481.500,2461921.500,2027.2047,2028.4093,440.0,88.135,9.388,9.299,13.746
2461481.500,2461931.500,2027.2047,2028.4367,450.0,93.535,9.671,9.585,14.187
2461501.500,2461581.500,2027.2594,2027.4784,80.0,1837.960,42.871,42.852,76.229
2461501.500,2461591.500,2027.2594,2027.5058,90.0,1317.529,36.298,36.275,63.365
2461501.500,2461601.500,2027.2594,2027.5332,100.0,960.718,30.995,30.969,53.071
2461501.500,2461611.500,2027.2594,2027.5606,110.0,708.849,26.624,26.593,44.671
2461501.500,2461621.500,2027.2594,2027.5880,120.0,527.005,22.957,22.921,37.711
2461501.500,2461631.500,2027.2594,2027.6153,130.0,393.418,19.835,19.793,31.882
2461501.500,2461641.500,2027.2594,2027.6427,140.0,293.984,17.146,17.098,26.961
2461501.500,2461651.500,2027.2594,2027.6701,150.0,219.267,14.808,14.752,22.788
2461501.500,2461661.500,2027.2594,2027.6975,160.0,162.781,12.759,12.694,19.242
2461501.500,2461671.500,2027.2594,2027.7248,170.0,119.958,10.953,10.877,16.234
2461501.500,2461681.500,2027.2594,2027.7522,180.0,87.519,9.355,9.266,13.696
2461501.500,2461691.500,2027.2594,2027.7796,190.0,63.065,7.941,7.837,11.574
2461501.500,2461701.500,2027.2594,2027.8070,200.0,44.815,6.694,6.570,9.829
2461501.500,2461711.500,2027.2594,2027.8344,210.0,31.428,5.606,5.457,8.428
2461501.500,2461721.500,2027.2594,2027.8617,220.0,21.879,4.678,4.497,7.344
2461501.500,2461731.500,2027.2594,2027.8891,230.0,15.381,3.922,3.705,6.555
2461501.500,2461741.500,2027.2594,2027.9165,240.0,11.320,3.365,3.109,6.035
2461501.500,2461751.500,2027.2594,2027.9439,250.0,9.214,3.035,2.749,5.756
2461501.500,2461761.500,2027.2594,2027.9713,260.0,8.680,2.946,2.650,5.684
2461501.500,2461771.500,2027.2594,2027.9986,270.0,9.414,3.068,2.785,5.783
2461501.500,2461781.500,2027.2594,2028.0260,280.0,11.172,3.342,3.085,6.016
2461501.500,2461791.500,2027.2594,2028.0534,290.0,13.756,3.709,3.479,6.350
2461501.500,2461801.500,2027.2594,2028.0808,300.0,17.006,4.124,3.918,6.757
2461501.500,2461811.500,2027.2594,2028.1081,310.0,20.793,4.560,4.375,7.216
2461501.500,2461821.500,2027.2594,2028.1355,320.0,25.008,5.001,4.832,7.708
2461501.500,2461831.500,2027.2594,2028.1629,330.0,29.564,5.437,5.283,8.222
2461501.500,2461841.500,2027.2594,2028.1903,340.0,34.389,5.864,5.721,8.748
2461501.500,2461851.500,2027.2594,2028.2177,350.0,39.422,6.279,6.145,9.279
2461501.500,2461861.500,2027.2594,2028.2450,360.0,44.614,6.679,6.554,9.809
2461501.500,2461871.500,2027.2594,2028.2724,370.0,49.926,7.066,6.947,10.334
2461501.500,2461881.500,2027.2594,2028.2998,380.0,55.321,7.438,7.325,10.853
2461501.500,2461891.500,2027.2594,2028.3272,390.0,60.779,7.796,7.688,11.363
2461501.500,2461901.500,2027.2594,2028.3546,400.0,66.271,8.141,8.036,11.863
2461501.500,2461911.500,2027.2594,2028.3819,410.0,71.798,8.473,8.370,12.352
2461501.500,2461921.500,2027.2594,2028.4093,420.0,77.240,8.789,8.693,12.828
2461501.500,2461931.500,2027.2594,2028.4367,430.0,82.698,9.094,9.002,13.293
2461501.500,2461941.500,2027.2594,2028.4641,440.0,88.135,9.388,9.299,13.746
2461501.500,2461951.500,2027.2594,2028.4914,450.0,93.535,9.671,9.585,14.187
2461521.500,2461601.500,2027.3142,2027.5332,80.0,1837.959,42.871,42.852,76.229
2461521.500,2461611.500,2027.3142,2027.5606,90.0,1317.528,36.298,36.275,63.365
2461521.500,2461621.500,2027.3142,2027.5880,100.0,960.717,30.995,30.969,53.071
2461521.500,2461631.500,2027.3142,2027.6153,110.0,708.848,26.624,26.593,44.671
2461521.500,2461641.500,2027.3142,2027.6427,120.0,527.004,22.957,22.921,37.711
2461521.500,2461651.500,2027.3142,2027.6701,130.0,393.417,19.835,19.793,31.882
2461521.500,2461661.500,2027.3142,2027.6975,140.0,293.983,17.146,17.098,26.961
2461521.500,2461671.500,2027.3142,2027.7248,150.0,219.267,14.808,14.752,22.788
2461521.500,2461681.500,2027.3142,2027.7522,160.0,162.780,12.759,12.694,19.242
2461521.500,2461691.500,2027.3142,2027.7796,170.0,119.958,10.953,10.877,16.234
2461521.500,2461701.500,2027.3142,2027.8070,180.0,87.519,9.355,9.266,13.696
2461521.500,2461711.500,2027.3142,2027.8344,190.0,63.065,7.941,7.837,11.574
2461521.500,2461721.500,2027.3142,2027.8617,200.0,44.815,6.694,6.570,9.829
2461521.500,2461731.500,2027.3142,2027.8891,210.0,31.428,5.606,5.457,8.428
2461521.500,2461741.500,2027.3142,2027.9165,220.0,21.879,4.678,4.497,7.344
2461521.500,2461751.500,2027.3142,2027.9439,230.0,15.381,3.922,3.705,6.555
2461521.500,2461761.500,2027.3142,2027.9713,240.0,11.320,3.365,3.109,6.035
2461521.500,2461771.500,2027.3142,2027.9986,250.0,9.214,3.035,2.749,5.756
2461521.500,2461781.500,2027.3142,2028.0260,260.0,8.680,2.946,2.650,5.684
2461521.500,2461791.500,2027.3142,2028.0534,270.0,9.414,3.068,2.785,5.783
2461521.500,2461801.500,2027.3142,2028.0808,280.0,11.171,3.342,3.085,6.016
2461521.500,2461811.500,2027.3142,2028.1081,290.0,13.756,3.709,3.479,6.350
2461521.500,2461821.500,2027.3142,2028.1355,300.0,17.006,4.124,3.918,6.757
2461521.500,2461831.500,2027.3142,2028.1629,310.0,20.793,4.560,4.375,7.216
2461521.500,2461841.500,2027.3142,2028.1903,320.0,25.008,5.001,4.832,7.708
2461521.500,2461851.500,2027.3142,2028.2177,330.0,29.564,5.437,5.283,8.222
2461521.500,2461861.500,2027.3142,2028.2450,340.0,34.389,5.864,5.721,8.748
2461521.500,2461871.500,2027.3142,2028.2724,350.0,39.422,6.279,6.145,9.279
2461521.500,2461881.500,2027.3142,2028.2998,360.0,44.614,6.679,6.554,9.809
2461521.500,2461891.500,2027.3142,2028.3272,370.0,49.925,7.066,6.948,10.334
2461521.500,2461901.500,2027.3142,2028.3546,380.0,55.318,7.438,7.325,10.853
2461521.500,2461911.500,2027.3142,2028.3819,390.0,60.767,7.795,7.688,11.363
2461521.500,2461921.500,2027.3142,2028.4093,400.0,66.253,8.140,8.037,11.863
2461521.500,2461931.500,2027.3142,2028.4367,410.0,71.755,8.471,8.371,12.351
2461521.500,2461941.500,2027.3142,2028.4641,420.0,77.157,8.784,8.696,12.828
2461521.500,2461951.500,2027.3142,2028.4914,430.0,82.755,9.097,9.000,13.294
2461521.500,2461961.500,2027.3142,2028.5188,440.0,88.135,9.388,9.299,13.746
2461521.500,2461971.500,2027.3142,2028.5462,450.0,93.538,9.671,9.585,14.187
2461541.500,2461621.500,2027.3689,2027.5880,80.0,1837.957,42.871,42.852,76.229
2461541.500,2461631.500,2027.3689,2027.6153,90.0,1317.527,36.298,36.275,63.365
2461541.500,2461641.500,2027.3689,2027.6427,100.0,960.716,30.995,30.969,53.071
2461541.500,2461651.500,2027.3689,2027.6701,110.0,708.847,26.624,26.593,44.670
2461541.500,2461661.500,2027.3689,2027.6975,120.0,527.004,22.957,22.921,37.711
2461541.500,2461671.500,2027.3689,2027.7248,130.0,393.417,19.835,19.793,31.882
2461541.500,2461681.500,2027.3689,2027.7522,140.0,293.983,17.146,17.098,26.961
2461541.500,2461691.500,2027.3689,2027.7796,150.0,219.266,14.808,14.752,22.788
2461541.500,2461701.500,2027.3689,2027.8070,160.0,162.780,12.759,12.694,19.242
2461541.500,2461711.500,2027.3689,2027.8344,170.0,119.957,10.952,10.877,16.234
2461541.500,2461721.500,2027.3689,2027.8617,180.0,87.518,9.355,9.266,13.696
2461541.500,2461731.500,2027.3689,2027.8891,190.0,63.065,7.941,7.837,11.574
2461541.500,2461741.500,2027.3689,2027.9165,200.0,44.815,6.694,6.570,9.829
2461541.500,2461751.500,2027.3689,2027.9439,210.0,31.427,5.606,5.457,8.428
2461541.500,2461761.500,2027.3689,2027.9713,220.0,21.879,4.677,4.497,7.344
2461541.500,2461771.500,2027.3689,2027.9986,230.0,15.381,3.922,3.705,6.555
2461541.500,2461781.500,2027.3689,2028.0260,240.0,11.320,3.365,3.109,6.035
2461541.500,2461791.500,2027.3689,2028.0534,250.0,9.214,3.035,2.749,5.756
2461541.500,2461801.500,2027.3689,2028.0808,260.0,8.680,2.946,2.650,5.684
2461541.500,2461811.500,2027.3689,2028.1081,270.0,9.414,3.068,2.785,5.783
2461541.500,2461821.500,2027.3689,2028.1355,280.0,11.172,3.342,3.085,6.016
2461541.500,2461831.500,2027.3689,2028.1629,290.0,13.756,3.709,3.479,6.350
2461541.500,2461841.500,2027.3689,2028.1903,300.0,17.006,4.124,3.918,6.757
2461541.500,2461851.500,2027.3689,2028.2177,310.0,20.793,4.560,4.375,7.216
2461541.500,2461861.500,2027.3689,2028.2450,320.0,25.008,5.001,4.832,7.708
2461541.500,2461871.500,2027.3689,2028.2724,330.0,29.564,5.437,5.283,8.222
2461541.500,2461881.500,2027.3689,2028.2998,340.0,34.388,5.864,5.721,8.748
2461541.500,2461891.500,2027.3689,2028.3272,350.0,39.422,6.279,6.145,9.279
2461541.500,2461901.500,2027.3689,2028.3546,360.0,44.614,6.679,6.554,9.809
2461541.500,2461911.500,2027.3689,2028.3819,370.0,49.924,7.066,6.948,10.334
2461541.500,2461921.500,2027.3689,2028.4093,380.0,55.318,7.438,7.325,10.853
2461541.500,2461931.500,2027.3689,2028.4367,390.0,60.767,7.795,7.688,11.363
2461541.500,2461941.500,2027.3689,2028.4641,400.0,66.248,8.139,8.037,11.863
2461541.500,2461951.500,2027.3689,2028.4914,410.0,71.741,8.470,8.372,12.351
2461541.500,2461961.500,2027.3689,2028.5188,420.0,77.234,8.788,8.693,12.828
2461541.500,2461971.500,2027.3689,2028.5462,430.0,82.713,9.095,9.002,13.293
2461541.500,2461981.500,2027.3689,2028.5736,440.0,138.411,11.765,8.926,15.066
2461541.500,2461991.500,2027.3689,2028.6010,450.0,93.562,9.673,9.585,14.187
2461561.500,2461641.500,2027.4237,2027.6427,80.0,1837.956,42.871,42.852,76.229
2461561.500,2461651.500,2027.4237,2027.6701,90.0,1317.526,36.298,36.275,63.365
2461561.500,2461661.500,2027.4237,2027.6975,100.0,960.715,30.995,30.969,53.071
2461561.500,2461671.500,2027.4237,2027.7248,110.0,708.846,26.624,26.593,44.670
2461561.500,2461681.500,2027.4237,2027.7522,120.0,527.003,22.957,22.921,37.711
2461561.500,2461691.500,2027.4237,2027.7796,130.0,393.416,19.835,19.793,31.882
2461561.500,2461701.500,2027.4237,2027.8070,140.0,293.982,17.146,17.098,26.961
2461561.500,2461711.500,2027.4237,2027.8344,150.0,219.266,14.808,14.752,22.788
2461561.500,2461721.500,2027.4237,2027.8617,160.0,162.779,12.759,12.694,19.242
2461561.500,2461731.500,2027.4237,2027.8891,170.0,119.957,10.952,10.877,16.234
2461561.500,2461741.500,2027.4237,2027.9165,180.0,87.518,9.355,9.266,13.696
2461561.500,2461751.500,2027.4237,2027.9439,190.0,63.065,7.941,7.837,11.574
2461561.500,2461761.500,2027.4237,2027.9713,200.0,44.815,6.694,6.570,9.829
2461561.500,2461771.500,2027.4237,2027.9986,210.0,31.427,5.606,5.457,8.428
2461561.500,2461781.500,2027.4237,2028.0260,220.0,21.879,4.677,4.497,7.344
2461561.500,2461791.500,2027.4237,2028.0534,230.0,15.381,3.922,3.705,6.555
2461561.500,2461801.500,2027.4237,2028.0808,240.0,11.320,3.365,3.109,6.035
2461561.500,2461811.500,2027.4237,2028.1081,250.0,9.213,3.035,2.749,5.756
2461561.500,2461821.500,2027.4237,2028.1355,260.0,8.680,2.946,2.650,5.684
2461561.500,2461831.500,2027.4237,2028.1629,270.0,9.414,3.068,2.785,5.783
2461561.500,2461841.500,2027.4237,2028.1903,280.0,11.172,3.342,3.085,6.016
2461561.500,2461851.500,2027.4237,2028.2177,290.0,13.756,3.709,3.479,6.350
2461561.500,2461861.500,2027.4237,2028.2450,300.0,17.006,4.124,3.918,6.757
2461561.500,2461871.500,2027.4237,2028.2724,310.0,20.793,4.560,4.375,7.216
2461561.500,2461881.500,2027.4237,2028.2998,320.0,25.008,5.001,4.832,7.708
2461561.500,2461891.500,2027.4237,2028.3272,330.0,29.564,5.437,5.283,8.223
2461561.500,2461901.500,2027.4237,2028.3546,340.0,34.389,5.864,5.721,8.748
2461561.500,2461911.500,2027.4237,2028.3819,350.0,39.422,6.279,6.145,9.279
2461561.500,2461921.500,2027.4237,2028.4093,360.0,44.614,6.679,6.554,9.809
2461561.500,2461931.500,2027.4237,2028.4367,370.0,49.924,7.066,6.948,10.334
2461561.500,2461941.500,2027.4237,2028.4641,380.0,55.318,7.438,7.326,10.853
2461561.500,2461951.500,2027.4237,2028.4914,390.0,60.767,7.795,7.688,11.363
2461561.500,2461961.500,2027.4237,2028.5188,400.0,66.247,8.139,8.037,11.863
2461561.500,2461971.500,2027.4237,2028.5462,410.0,71.740,8.470,8.372,12.351
2461561.500,2461981.500,2027.4237,2028.5736,420.0,77.229,8.788,8.693,12.828
2461561.500,2461991.500,2027.4237,2028.6010,430.0,82.694,9.094,9.002,13.293
2461561.500,2462001.500,2027.4237,2028.6283,440.0,88.138,9.388,9.299,13.746
2461561.500,2462011.500,2027.4237,2028.6557,450.0,93.577,9.674,9.584,14.188
2461581.500,2461661.500,2027.4784,2027.6975,80.0,1837.955,42.871,42.852,76.229
2461581.500,2461671.500,2027.4784,2027.7248,90.0,1317.524,36.298,36.275,63.365
2461581.500,2461681.500,2027.4784,2027.7522,100.0,960.714,30.995,30.969,53.071
2461581.500,2461691.500,2027.4784,2027.7796,110.0,708.845,26.624,26.593,44.670
2461581.500,2461701.500,2027.4784,2027.8070,120.0,527.002,22.957,22.921,37.711
2461581.500,2461711.500,2027.4784,2027.8344,130.0,393.415,19.835,19.793,31.882
2461581.500,2461721.500,2027.4784,2027.8617,140.0,293.982,17.146,17.098,26.961
2461581.500,2461731.500,2027.4784,2027.8891,150.0,219.265,14.808,14.752,22.788
2461581.500,2461741.500,2027.4784,2027.9165,160.0,162.779,12.758,12.694,19.242
2461581.500,2461751.500,2027.4784,2027.9439,170.0,119.957,10.952,10.877,16.234
2461581.500,2461761.500,2027.4784,2027.9713,180.0,87.518,9.355,9.266,13.696
2461581.500,2461771.500,2027.4784,2027.9986,190.0,63.064,7.941,7.837,11.574
2461581.500,2461781.500,2027.4784,2028.0260,200.0,44.815,6.694,6.570,9.829
2461581.500,2461791.500,2027.4784,2028.0534,210.0,31.427,5.606,5.457,8.428
2461581.500,2461801.500,2027.4784,2028.0808,220.0,21.879,4.677,4.497,7.344
2461581.500,2461811.500,2027.4784,2028.1081,230.0,15.381,3.922,3.705,6.555
2461581.500,2461821.500,2027.4784,2028.1355,240.0,11.320,3.365,3.109,6.035
2461581.500,2461831.500,2027.4784,2028.1629,250.0,9.213,3.035,2.749,5.756
2461581.500,2461841.500,2027.4784,2028.1903,260.0,8.679,2.946,2.650,5.684
2461581.500,2461851.500,2027.4784,2028.2177,270.0,9.414,3.068,2.785,5.783
2461581.500,2461861.500,2027.4784,2028.2450,280.0,11.172,3.342,3.085,6.016
2461581.500,2461871.500,2027.4784,2028.2724,290.0,13.756,3.709,3.479,6.350
2461581.500,2461881.500,2027.4784,2028.2998,300.0,17.006,4.124,3.918,6.757
2461581.500,2461891.500,2027.4784,2028.3272,310.0,20.793,4.560,4.375,7.216
2461581.500,2461901.500,2027.4784,2028.3546,320.0,25.008,5.001,4.832,7.708
2461581.500,2461911.500,2027.4784,2028.3819,330.0,29.564,5.437,5.283,8.223
2461581.500,2461921.500,2027.4784,2028.4093,340.0,34.389,5.864,5.721,8.748
2461581.500,2461931.500,2027.4784,2028.4367,350.0,39.422,6.279,6.145,9.279
2461581.500,2461941.500,2027.4784,2028.4641,360.0,44.614,6.679,6.554,9.809
2461581.500,2461951.500,2027.4784,2028.4914,370.0,49.925,7.066,6.948,10.334
2461581.500,2461961.500,2027.4784,2028.5188,380.0,55.318,7.438,7.326,10.853
2461581.500,2461971.500,2027.4784,2028.5462,390.0,60.767,7.795,7.688,11.363
2461581.500,2461981.500,2027.4784,2028.5736,400.0,66.247,8.139,8.037,11.863
2461581.500,2461991.500,2027.4784,2028.6010,410.0,71.739,8.470,8.372,12.351
2461581.500,2462001.500,2027.4784,2028.6283,420.0,77.228,8.788,8.693,12.828
2461581.500,2462011.500,2027.4784,2028.6557,430.0,82.695,9.094,9.002,13.293
2461581.500,2462021.500,2027.4784,2028.6831,440.0,88.134,9.388,9.300,13.746
2461581.500,2462031.500,2027.4784,2028.7105,450.0,93.537,9.671,9.585,14.187
2461601.500,2461681.500,2027.5332,2027.7522,80.0,1837.953,42.871,42.852,76.229
2461601.500,2461691.500,2027.5332,2027.7796,90.0,1317.523,36.298,36.275,63.365
2461601.500,2461701.500,2027.5332,2027.8070,100.0,960.713,30.995,30.969,53.071
2461601.500,2461711.500,2027.5332,2027.8344,110.0,708.844,26.624,26.593,44.670
2461601.500,2461721.500,2027.5332,2027.8617,120.0,527.001,22.957,22.921,37.711
2461601.500,2461731.500,2027.5332,2027.8891,130.0,393.415,19.835,19.793,31.882
2461601.500,2461741.500,2027.5332,2027.9165,140.0,293.981,17.146,17.098,26.961
2461601.500,2461751.500,2027.5332,2027.9439,150.0,219.265,14.808,14.752,22.788
2461601.500,2461761.500,2027.5332,2027.9713,160.0,162.779,12.758,12.694,19.242
2461601.500,2461771.500,2027.5332,2027.9986,170.0,119.956,10.952,10.877,16.234
2461601.500,2461781.500,2027.5332,2028.0260,180.0,87.517,9.355,9.266,13.696
2461601.500,2461791.500,2027.5332,2028.0534,190.0,63.064,7.941,7.837,11.574
2461601.500,2461801.500,2027.5332,2028.0808,200.0,44.814,6.694,6.570,9.829
2461601.500,2461811.500,2027.5332,2028.1081,210.0,31.427,5.606,5.457,8.428
2461601.500,2461821.500,2027.5332,2028.1355,220.0,21.879,4.677,4.497,7.344
2461601.500,2461831.500,2027.5332,2028.1629,230.0,15.381,3.922,3.705,6.555
2461601.500,2461841.500,2027.5332,2028.1903,240.0,11.320,3.365,3.109,6.035
2461601.500,2461851.500,2027.5332,2028.2177,250.0,9.213,3.035,2.749,5.756
2461601.500,2461861.500,2027.5332,2028.2450,260.0,8.680,2.946,2.650,5.684
2461601.500,2461871.500,2027.5332,2028.2724,270.0,9.414,3.068,2.785,5.783
2461601.500,2461881.500,2027.5332,2028.2998,280.0,11.172,3.342,3.085,6.016
2461601.500,2461891.500,2027.5332,2028.3272,290.0,13.756,3.709,3.479,6.350
2461601.500,2461901.500,2027.5332,2028.3546,300.0,17.007,4.124,3.918,6.757
2461601.500,2461911.500,2027.5332,2028.3819,310.0,20.793,4.560,4.375,7.216
2461601.500,2461921.500,2027.5332,2028.4093,320.0,25.008,5.001,4.832,7.708
2461601.500,2461931.500,2027.5332,2028.4367,330.0,29.564,5.437,5.283,8.223
2461601.500,2461941.500,2027.5332,2028.4641,340.0,34.389,5.864,5.721,8.748
2461601.500,2461951.500,2027.5332,2028.4914,350.0,39.422,6.279,6.145,9.279
2461601.500,2461961.500,2027.5332,2028.5188,360.0,44.614,6.679,6.554,9.809
2461601.500,2461971.500,2027.5332,2028.5462,370.0,49.925,7.066,6.948,10.334
2461601.500,2461981.500,2027.5332,2028.5736,380.0,55.319,7.438,7.326,10.853
2461601.500,2461991.500,2027.5332,2028.6010,390.0,60.767,7.795,7.688,11.363
2461601.500,2462001.500,2027.5332,2028.6283,400.0,66.248,8.139,8.037,11.863
2461601.500,2462011.500,2027.5332,2028.6557,410.0,71.740,8.470,8.372,12.351
2461601.500,2462021.500,2027.5332,2028.6831,420.0,77.227,8.788,8.693,12.828
2461601.500,2462031.500,2027.5332,2028.7105,430.0,82.696,9.094,9.002,13.293
2461601.500,2462041.500,2027.5332,2028.7379,440.0,88.135,9.388,9.299,13.746
2461601.500,2462051.500,2027.5332,2028.7652,450.0,93.537,9.671,9.585,14.187
2461621.500,2461701.500,2027.5880,2027.8070,80.0,1837.952,42.871,42.852,76.229
2461621.500,2461711.500,2027.5880,2027.8344,90.0,1317.522,36.298,36.275,63.365
2461621.500,2461721.500,2027.5880,2027.8617,100.0,960.711,30.995,30.969,53.071
2461621.500,2461731.500,2027.5880,2027.8891,110.0,708.843,26.624,26.593,44.670
2461621.500,2461741.500,2027.5880,2027.9165,120.0,527.001,22.956,22.921,37.711
2461621.500,2461751.500,2027.5880,2027.9439,130.0,393.414,19.835,19.793,31.882
2461621.500,2461761.500,2027.5880,2027.9713,140.0,293.980,17.146,17.098,26.961
2461621.500,2461771.500,2027.5880,2027.9986,150.0,219.264,14.808,14.752,22.787
2461621.500,2461781.500,2027.5880,2028.0260,160.0,162.778,12.758,12.694,19.242
2461621.500,2461791.500,2027.5880,2028.0534,170.0,119.956,10.952,10.877,16.234
2461621.500,2461801.500,2027.5880,2028.0808,180.0,87.517,9.355,9.266,13.696
2461621.500,2461811.500,2027.5880,2028.1081,190.0,63.064,7.941,7.837,11.574
2461621.500,2461821.500,2027.5880,2028.1355,200.0,44.814,6.694,6.570,9.829
2461621.500,2461831.500,2027.5880,2028.1629,210.0,31.427,5.606,5.457,8.428
2461621.500,2461841.500,2027.5880,2028.1903,220.0,21.879,4.677,4.497,7.344
2461621.500,2461851.500,2027.5880,2028.2177,230.0,15.381,3.922,3.705,6.555
2461621.500,2461861.500,2027.5880,2028.2450,240.0,11.320,3.365,3.109,6.035
2461621.500,2461871.500,2027.5880,2028.2724,250.0,9.213,3.035,2.749,5.756
2461621.500,2461881.500,2027.5880,2028.2998,260.0,8.679,2.946,2.650,5.684
2461621.500,2461891.500,2027.5880,2028.3272,270.0,9.414,3.068,2.785,5.783
2461621.500,2461901.500,2027.5880,2028.3546,280.0,11.172,3.342,3.085,6.016
2461621.500,2461911.500,2027.5880,2028.3819,290.0,13.756,3.709,3.479,6.350
2461621.500,2461921.500,2027.5880,2028.4093,300.0,17.007,4.124,3.918,6.757
2461621.500,2461931.500,2027.5880,2028.4367,310.0,20.793,4.560,4.375,7.216
2461621.500,2461941.500,2027.5880,2028.4641,320.0,25.008,5.001,4.833,7.708
2461621.500,2461951.500,2027.5880,2028.4914,330.0,29.565,5.437,5.283,8.223
2461621.500,2461961.500,2027.5880,2028.5188,340.0,34.389,5.864,5.721,8.748
2461621.500,2461971.500,2027.5880,2028.5462,350.0,39.422,6.279,6.145,9.279
2461621.500,2461981.500,2027.5880,2028.5736,360.0,44.615,6.679,6.554,9.809
2461621.500,2461991.500,2027.5880,2028.6010,370.0,49.925,7.066,6.948,10.334
2461621.500,2462001.500,2027.5880,2028.6283,380.0,55.319,7.438,7.326,10.853
2461621.500,2462011.500,2027.5880,2028.6557,390.0,60.768,7.795,7.688,11.363
2461621.500,2462021.500,2027.5880,2028.6831,400.0,66.248,8.139,8.037,11.863
2461621.500,2462031.500,2027.5880,2028.7105,410.0,71.740,8.470,8.372,12.351
2461621.500,2462041.500,2027.5880,2028.7379,420.0,77.227,8.788,8.693,12.828
2461621.500,2462051.500,2027.5880,2028.7652,430.0,82.697,9.094,9.002,13.293
2461621.500,2462061.500,2027.5880,2028.7926,440.0,88.136,9.388,9.300,13.746
2461621.500,2462071.500,2027.5880,2028.8200,450.0,93.536,9.671,9.585,14.187
2461641.500,2461721.500,2027.6427,2027.8617,80.0,1837.950,42.871,42.852,76.229
2461641.500,2461731.500,2027.6427,2027.8891,90.0,1317.521,36.298,36.275,63.365
2461641.500,2461741.500,2027.6427,2027.9165,100.0,960.710,30.995,30.969,53.071
2461641.500,2461751.500,2027.6427,2027.9439,110.0,708.842,26.624,26.593,44.670
2461641.500,2461761.500,2027.6427,2027.9713,120.0,527.000,22.956,22.921,37.711
2461641.500,2461771.500,2027.6427,2027.9986,130.0,393.413,19.835,19.793,31.882
2461641.500,2461781.500,2027.6427,2028.0260,140.0,293.980,17.146,17.098,26.961
2461641.500,2461791.500,2027.6427,2028.0534,150.0,219.264,14.808,14.752,22.787
2461641.500,2461801.500,2027.6427,2028.0808,160.0,162.778,12.758,12.694,19.242
2461641.500,2461811.500,2027.6427,2028.1081,170.0,119.955,10.952,10.877,16.234
2461641.500,2461821.500,2027.6427,2028.1355,180.0,87.517,9.355,9.266,13.695
2461641.500,2461831.500,2027.6427,2028.1629,190.0,63.064,7.941,7.837,11.574
2461641.500,2461841.500,2027.6427,2028.1903,200.0,44.814,6.694,6.570,9.829
2461641.500,2461851.500,2027.6427,2028.2177,210.0,31.427,5.606,5.457,8.428
2461641.500,2461861.500,2027.6427,2028.2450,220.0,21.878,4.677,4.497,7.344
2461641.500,2461871.500,2027.6427,2028.2724,230.0,15.381,3.922,3.705,6.555
2461641.500,2461881.500,2027.6427,2028.2998,240.0,11.320,3.364,3.109,6.035
2461641.500,2461891.500,2027.6427,2028.3272,250.0,9.213,3.035,2.749,5.756
2461641.500,2461901.500,2027.6427,2028.3546,260.0,8.680,2.946,2.650,5.684
2461641.500,2461911.500,2027.6427,2028.3819,270.0,9.414,3.068,2.785,5.783
2461641.500,2461921.500,2027.6427,2028.4093,280.0,11.172,3.342,3.085,6.016
2461641.500,2461931.500,2027.6427,2028.4367,290.0,13.756,3.709,3.479,6.350
2461641.500,2461941.500,2027.6427,2028.4641,300.0,17.007,4.124,3.918,6.757
2461641.500,2461951.500,2027.6427,2028.4914,310.0,20.793,4.560,4.375,7.216
2461641.500,2461961.500,2027.6427,2028.5188,320.0,25.008,5.001,4.833,7.708
2461641.500,2461971.500,2027.6427,2028.5462,330.0,29.565,5.437,5.283,8.223
2461641.500,2461981.500,2027.6427,2028.5736,340.0,34.389,5.864,5.721,8.748
2461641.500,2461991.500,2027.6427,2028.6010,350.0,39.423,6.279,6.145,9.279
2461641.500,2462001.500,2027.6427,2028.6283,360.0,44.615,6.679,6.554,9.809
2461641.500,2462011.500,2027.6427,2028.6557,370.0,49.925,7.066,6.948,10.334
2461641.500,2462021.500,2027.6427,2028.6831,380.0,55.319,7.438,7.326,10.853
2461641.500,2462031.500,2027.6427,2028.7105,390.0,60.768,7.795,7.688,11.363
2461641.500,2462041.500,2027.6427,2028.7379,400.0,66.248,8.139,8.037,11.863
2461641.500,2462051.500,2027.6427,2028.7652,410.0,71.740,8.470,8.372,12.351
2461641.500,2462061.500,2027.6427,2028.7926,420.0,77.228,8.788,8.693,12.828
2461641.500,2462071.500,2027.6427,2028.8200,430.0,82.697,9.094,9.002,13.293
2461641.500,2462081.500,2027.6427,2028.8474,440.0,88.136,9.388,9.300,13.746
2461641.500,2462091.500,2027.6427,2028.8747,450.0,93.536,9.671,9.585,14.187
2461661.500,2461741.500,2027.6975,2027.9165,80.0,1837.949,42.871,42.852,76.229
2461661.500,2461751.500,2027.6975,2027.9439,90.0,1317.520,36.298,36.275,63.365
2461661.500,2461761.500,2027.6975,2027.9713,100.0,960.709,30.995,30.969,53.071
2461661.500,2461771.500,2027.6975,2027.9986,110.0,708.841,26.624,26.593,44.670
2461661.500,2461781.500,2027.6975,2028.0260,120.0,526.999,22.956,22.921,37.711
2461661.500,2461791.500,2027.6975,2028.0534,130.0,393.413,19.835,19.793,31.882
2461661.500,2461801.500,2027.6975,2028.0808,140.0,293.979,17.146,17.098,26.961
2461661.500,2461811.500,2027.6975,2028.1081,150.0,219.263,14.808,14.752,22.787
2461661.500,2461821.500,2027.6975,2028.1355,160.0,162.777,12.758,12.694,19.242
2461661.500,2461831.500,2027.6975,2028.1629,170.0,119.955,10.952,10.877,16.234
2461661.500,2461841.500,2027.6975,2028.1903,180.0,87.517,9.355,9.266,13.695
2461661.500,2461851.500,2027.6975,2028.2177,190.0,63.063,7.941,7.837,11.574
2461661.500,2461861.500,2027.6975,2028.2450,200.0,44.814,6.694,6.570,9.829
2461661.500,2461871.500,2027.6975,2028.2724,210.0,31.426,5.606,5.456,8.428
2461661.500,2461881.500,2027.6975,2028.2998,220.0,21.878,4.677,4.497,7.344
2461661.500,2461891.500,2027.6975,2028.3272,230.0,15.381,3.922,3.705,6.555
2461661.500,2461901.500,2027.6975,2028.3546,240.0,11.320,3.364,3.109,6.035
2461661.500,2461911.500,2027.6975,2028.3819,250.0,9.213,3.035,2.749,5.756
2461661.500,2461921.500,2027.6975,2028.4093,260.0,8.680,2.946,2.650,5.684
2461661.500,2461931.500,2027.6975,2028.4367,270.0,9.414,3.068,2.786,5.783
2461661.500,2461941.500,2027.6975,2028.4641,280.0,11.172,3.342,3.085,6.016
2461661.500,2461951.500,2027.6975,2028.4914,290.0,13.756,3.709,3.479,6.350
2461661.500,2461961.500,2027.6975,2028.5188,300.0,17.007,4.124,3.918,6.757
2461661.500,2461971.500,2027.6975,2028.5462,310.0,20.793,4.560,4.375,7.216
2461661.500,2461981.500,2027.6975,2028.5736,320.0,25.009,5.001,4.833,7.708
2461661.500,2461991.500,2027.6975,2028.6010,330.0,29.565,5.437,5.283,8.223
2461661.500,2462001.500,2027.6975,2028.6283,340.0,34.389,5.864,5.721,8.748
2461661.500,2462011.500,2027.6975,2028.6557,350.0,39.423,6.279,6.146,9.279
2461661.500,2462021.500,2027.6975,2028.6831,360.0,44.615,6.679,6.554,9.809
2461661.500,2462031.500,2027.6975,2028.7105,370.0,49.925,7.066,6.948,10.334
2461661.500,2462041.500,2027.6975,2028.7379,380.0,55.319,7.438,7.326,10.853
2461661.500,2462051.500,2027.6975,2028.7652,390.0,60.768,7.795,7.688,11.363
2461661.500,2462061.500,2027.6975,2028.7926,400.0,66.248,8.139,8.037,11.863
2461661.500,2462071.500,2027.6975,2028.8200,410.0,71.740,8.470,8.372,12.351
2461661.500,2462081.500,2027.6975,2028.8474,420.0,77.228,8.788,8.693,12.828
2461661.500,2462091.500,2027.6975,2028.8747,430.0,82.697,9.094,9.002,13.293
2461661.500,2462101.500,2027.6975,2028.9021,440.0,88.136,9.388,9.300,13.746
2461661.500,2462111.500,2027.6975,2028.9295,450.0,93.537,9.671,9.585,14.187
2461681.500,2461761.500,2027.7522,2027.9713,80.0,1837.947,42.871,42.852,76.229
2461681.500,2461771.500,2027.7522,2027.9986,90.0,1317.518,36.298,36.275,63.365
2461681.500,2461781.500,2027.7522,2028.0260,100.0,960.708,30.995,30.969,53.071
2461681.500,2461791.500,2027.7522,2028.0534,110.0,708.841,26.624,26.593,44.670
2461681.500,2461801.500,2027.7522,2028.0808,120.0,526.998,22.956,22.921,37.711
2461681.500,2461811.500,2027.7522,2028.1081,130.0,393.412,19.835,19.793,31.882
2461681.500,2461821.500,2027.7522,2028.1355,140.0,293.979,17.146,17.098,26.961
2461681.500,2461831.500,2027.7522,2028.1629,150.0,219.263,14.808,14.752,22.787
2461681.500,2461841.500,2027.7522,2028.1903,160.0,162.777,12.758,12.694,19.242
2461681.500,2461851.500,2027.7522,2028.2177,170.0,119.955,10.952,10.877,16.234
2461681.500,2461861.500,2027.7522,2028.2450,180.0,87.516,9.355,9.266,13.695
2461681.500,2461871.500,2027.7522,2028.2724,190.0,63.063,7.941,7.837,11.574
2461681.500,2461881.500,2027.7522,2028.2998,200.0,44.814,6.694,6.570,9.829
2461681.500,2461891.500,2027.7522,2028.3272,210.0,31.426,5.606,5.456,8.428
2461681.500,2461901.500,2027.7522,2028.3546,220.0,21.878,4.677,4.497,7.344
2461681.500,2461911.500,2027.7522,2028.3819,230.0,15.381,3.922,3.705,6.555
2461681.500,2461921.500,2027.7522,2028.4093,240.0,11.320,3.364,3.109,6.035
2461681.500,2461931.500,2027.7522,2028.4367,250.0,9.213,3.035,2.749,5.756
2461681.500,2461941.500,2027.7522,2028.4641,260.0,8.679,2.946,2.650,5.684
2461681.500,2461951.500,2027.7522,2028.4914,270.0,9.414,3.068,2.786,5.783
2461681.500,2461961.500,2027.7522,2028.5188,280.0,11.172,3.342,3.085,6.016
2461681.500,2461971.500,2027.7522,2028.5462,290.0,13.756,3.709,3.479,6.350
2461681.500,2461981.500,2027.7522,2028.5736,300.0,17.007,4.124,3.918,6.757
2461681.500,2461991.500,2027.7522,2028.6010,310.0,20.793,4.560,4.375,7.216
2461681.500,2462001.500,2027.7522,2028.6283,320.0,25.009,5.001,4.833,7.709
2461681.500,2462011.500,2027.7522,2028.6557,330.0,29.565,5.437,5.283,8.223
2461681.500,2462021.500,2027.7522,2028.6831,340.0,34.390,5.864,5.721,8.748
2461681.500,2462031.500,2027.7522,2028.7105,350.0,39.423,6.279,6.146,9.279
2461681.500,2462041.500,2027.7522,2028.7379,360.0,44.615,6.679,6.554,9.809
2461681.500,2462051.500,2027.7522,2028.7652,370.0,49.926,7.066,6.948,10.334
2461681.500,2462061.500,2027.7522,2028.7926,380.0,55.319,7.438,7.326,10.853
2461681.500,2462071.500,2027.7522,2028.8200,390.0,60.768,7.795,7.688,11.363
2461681.500,2462081.500,2027.7522,2028.8474,400.0,66.249,8.139,8.037,11.863
2461681.500,2462091.500,2027.7522,2028.8747,410.0,71.741,8.470,8.372,12.351
2461681.500,2462101.500,2027.7522,2028.9021,420.0,77.228,8.788,8.693,12.828
2461681.500,2462111.500,2027.7522,2028.9295,430.0,82.697,9.094,9.002,13.293
2461681.500,2462121.500,2027.7522,2028.9569,440.0,88.137,9.388,9.300,13.746
2461681.500,2462131.500,2027.7522,2028.9843,450.0,93.537,9.671,9.586,14.187
2461701.500,2461781.500,2027.8070,2028.0260,80.0,1837.946,42.871,42.852,76.229
2461701.500,2461791.500,2027.8070,2028.0534,90.0,1317.517,36.298,36.275,63.365
2461701.500,2461801.500,2027.8070,2028.0808,100.0,960.707,30.995,30.969,53.071
2461701.500,2461811.500,2027.8070,2028.1081,110.0,708.840,26.624,26.593,44.670
2461701.500,2461821.500,2027.8070,2028.1355,120.0,526.997,22.956,22.921,37.711
2461701.500,2461831.500,2027.8070,2028.1629,130.0,393.411,19.835,19.793,31.882
2461701.500,2461841.500,2027.8070,2028.1903,140.0,293.978,17.146,17.098,26.961
2461701.500,2461851.500,2027.8070,2028.2177,150.0,219.262,14.808,14.752,22.787
2461701.500,2461861.500,2027.8070,2028.2450,160.0,162.776,12.758,12.694,19.242
2461701.500,2461871.500,2027.8070,2028.2724,170.0,119.954,10.952,10.877,16.234
2461701.500,2461881.500,2027.8070,2028.2998,180.0,87.516,9.355,9.266,13.695
2461701.500,2461891.500,2027.8070,2028.3272,190.0,63.063,7.941,7.837,11.574
2461701.500,2461901.500,2027.8070,2028.3546,200.0,44.813,6.694,6.570,9.829
2461701.500,2461911.500,2027.8070,2028.3819,210.0,31.426,5.606,5.456,8.428
2461701.500,2461921.500,2027.8070,2028.4093,220.0,21.878,4.677,4.497,7.344
2461701.500,2461931.500,2027.8070,2028.4367,230.0,15.381,3.922,3.705,6.555
2461701.500,2461941.500,2027.8070,2028.4641,240.0,11.320,3.364,3.109,6.035
2461701.500,2461951.500,2027.8070,2028.4914,250.0,9.213,3.035,2.749,5.756
2461701.500,2461961.500,2027.8070,2028.5188,260.0,8.680,2.946,2.650,5.684
2461701.500,2461971.500,2027.8070,2028.5462,270.0,9.414,3.068,2.786,5.783
2461701.500,2461981.500,2027.8070,2028.5736,280.0,11.172,3.342,3.085,6.016
2461701.500,2461991.500,2027.8070,2028.6010,290.0,13.756,3.709,3.479,6.350
2461701.500,2462001.500,2027.8070,2028.6283,300.0,17.007,4.124,3.918,6.757
2461701.500,2462011.500,2027.8070,2028.6557,310.0,20.794,4.560,4.375,7.216
2461701.500,2462021.500,2027.8070,2028.6831,320.0,25.009,5.001,4.833,7.709
2461701.500,2462031.500,2027.8070,2028.7105,330.0,29.565,5.437,5.283,8.223
2461701.500,2462041.500,2027.8070,2028.7379,340.0,34.390,5.864,5.721,8.748
2461701.500,2462051.500,2027.8070,2028.7652,350.0,39.423,6.279,6.146,9.279
2461701.500,2462061.500,2027.8070,2028.7926,360.0,44.615,6.679,6.554,9.809
2461701.500,2462071.500,2027.8070,2028.8200,370.0,49.926,7.066,6.948,10.334
2461701.500,2462081.500,2027.8070,2028.8474,380.0,55.320,7.438,7.326,10.853
2461701.500,2462091.500,2027.8070,2028.8747,390.0,60.768,7.795,7.688,11.363
2461701.500,2462101.500,2027.8070,2028.9021,400.0,66.249,8.139,8.037,11.863
2461701.500,2462111.500,2027.8070,2028.9295,410.0,71.741,8.470,8.372,12.351
2461701.500,2462121.500,2027.8070,2028.9569,420.0,77.228,8.788,8.693,12.828
2461701.500,2462131.500,2027.8070,2028.9843,430.0,82.697,9.094,9.002,13.294
2461701.500,2462141.500,2027.8070,2029.0116,440.0,88.137,9.388,9.300,13.746
2461701.500,2462151.500,2027.8070,2029.0390,450.0,93.538,9.671,9.586,14.187
2461721.500,2461801.500,2027.8617,2028.0808,80.0,1837.945,42.871,42.852,76.228
2461721.500,2461811.500,2027.8617,2028.1081,90.0,1317.516,36.298,36.275,63.365
2461721.500,2461821.500,2027.8617,2028.1355,100.0,960.706,30.995,30.969,53.071
2461721.500,2461831.500,2027.8617,2028.1629,110.0,708.839,26.624,26.593,44.670
2461721.500,2461841.500,2027.8617,2028.1903,120.0,526.997,22.956,22.921,37.711
2461721.500,2461851.500,2027.8617,2028.2177,130.0,393.411,19.835,19.793,31.882
2461721.500,2461861.500,2027.8617,2028.2450,140.0,293.978,17.146,17.098,26.961
2461721.500,2461871.500,2027.8617,2028.2724,150.0,219.262,14.807,14.752,22.787
2461721.500,2461881.500,2027.8617,2028.2998,160.0,162.776,12.758,12.694,19.242
2461721.500,2461891.500,2027.8617,2028.3272,170.0,119.954,10.952,10.877,16.234
2461721.500,2461901.500,2027.8617,2028.3546,180.0,87.516,9.355,9.266,13.695
2461721.500,2461911.500,2027.8617,2028.3819,190.0,63.063,7.941,7.836,11.574
2461721.500,2461921.500,2027.8617,2028.4093,200.0,44.813,6.694,6.570,9.829
2461721.500,2461931.500,2027.8617,2028.4367,210.0,31.426,5.606,5.456,8.428
2461721.500,2461941.500,2027.8617,2028.4641,220.0,21.878,4.677,4.497,7.344
2461721.500,2461951.500,2027.8617,2028.4914,230.0,15.380,3.922,3.705,6.555
2461721.500,2461961.500,2027.8617,2028.5188,240.0,11.320,3.364,3.109,6.035
2461721.500,2461971.500,2027.8617,2028.5462,250.0,9.213,3.035,2.749,5.756
2461721.500,2461981.500,2027.8617,2028.5736,260.0,8.680,2.946,2.650,5.684
2461721.500,2461991.500,2027.8617,2028.6010,270.0,9.414,3.068,2.786,5.783
2461721.500,2462001.500,2027.8617,2028.6283,280.0,11.172,3.342,3.085,6.016
2461721.500,2462011.500,2027.8617,2028.6557,290.0,13.756,3.709,3.479,6.350
2461721.500,2462021.500,2027.8617,2028.6831,300.0,17.007,4.124,3.918,6.757
2461721.500,2462031.500,2027.8617,2028.7105,310.0,20.794,4.560,4.375,7.216
2461721.500,2462041.500,2027.8617,2028.7379,320.0,25.009,5.001,4.833,7.709
2461721.500,2462051.500,2027.8617,2028.7652,330.0,29.565,5.437,5.283,8.223
2461721.500,2462061.500,2027.8617,2028.7926,340.0,34.390,5.864,5.721,8.748
2461721.500,2462071.500,2027.8617,2028.8200,350.0,39.423,6.279,6.146,9.279
2461721.500,2462081.500,2027.8617,2028.8474,360.0,44.616,6.680,6.554,9.809
2461721.500,2462091.500,2027.8617,2028.8747,370.0,49.926,7.066,6.948,10.335
2461721.500,2462101.500,2027.8617,2028.9021,380.0,55.320,7.438,7.326,10.853
2461721.500,2462111.500,2027.8617,2028.9295,390.0,60.769,7.795,7.688,11.363
2461721.500,2462121.500,2027.8617,2028.9569,400.0,66.249,8.139,8.037,11.863
2461721.500,2462131.500,2027.8617,2028.9843,410.0,71.741,8.470,8.372,12.351
2461721.500,2462141.500,2027.8617,2029.0116,420.0,77.229,8.788,8.693,12.828
2461721.500,2462151.500,2027.8617,2029.0390,430.0,82.698,9.094,9.002,13.294
2461721.500,2462161.500,2027.8617,2029.0664,440.0,88.137,9.388,9.300,13.746
2461721.500,2462171.500,2027.8617,2029.0938,450.0,93.538,9.671,9.586,14.187
2461741.500,2461821.500,2027.9165,2028.1355,80.0,1837.943,42.871,42.852,76.228
2461741.500,2461831.500,2027.9165,2028.1629,90.0,1317.515,36.298,36.275,63.365
2461741.500,2461841.500,2027.9165,2028.1903,100.0,960.705,30.995,30.969,53.071
2461741.500,2461851.500,2027.9165,2028.2177,110.0,708.838,26.624,26.593,44.670
2461741.500,2461861.500,2027.9165,2028.2450,120.0,526.996,22.956,22.921,37.711
2461741.500,2461871.500,2027.9165,2028.2724,130.0,393.410,19.835,19.793,31.882
2461741.500,2461881.500,2027.9165,2028.2998,140.0,293.977,17.146,17.098,26.961
2461741.500,2461891.500,2027.9165,2028.3272,150.0,219.261,14.807,14.752,22.787
2461741.500,2461901.500,2027.9165,2028.3546,160.0,162.776,12.758,12.694,19.242
2461741.500,2461911.500,2027.9165,2028.3819,170.0,119.954,10.952,10.877,16.234
2461741.500,2461921.500,2027.9165,2028.4093,180.0,87.515,9.355,9.266,13.695
2461741.500,2461931.500,2027.9165,2028.4367,190.0,63.062,7.941,7.836,11.574
2461741.500,2461941.500,2027.9165,2028.4641,200.0,44.813,6.694,6.570,9.829
2461741.500,2461951.500,2027.9165,2028.4914,210.0,31.426,5.606,5.456,8.428
2461741.500,2461961.500,2027.9165,2028.5188,220.0,21.878,4.677,4.497,7.344
2461741.500,2461971.500,2027.9165,2028.5462,230.0,15.380,3.922,3.705,6.555
2461741.500,2461981.500,2027.9165,2028.5736,240.0,11.320,3.364,3.109,6.035
2461741.500,2461991.500,2027.9165,2028.6010,250.0,9.213,3.035,2.749,5.756
2461741.500,2462001.500,2027.9165,2028.6283,260.0,8.680,2.946,2.650,5.684
2461741.500,2462011.500,2027.9165,2028.6557,270.0,9.414,3.068,2.786,5.783
2461741.500,2462021.500,2027.9165,2028.6831,280.0,11.172,3.342,3.085,6.016
2461741.500,2462031.500,2027.9165,2028.7105,290.0,13.757,3.709,3.479,6.350
2461741.500,2462041.500,2027.9165,2028.7379,300.0,17.007,4.124,3.918,6.757
2461741.500,2462051.500,2027.9165,2028.7652,310.0,20.794,4.560,4.375,7.216
2461741.500,2462061.500,2027.9165,2028.7926,320.0,25.009,5.001,4.833,7.709
2461741.500,2462071.500,2027.9165,2028.8200,330.0,29.565,5.437,5.283,8.223
2461741.500,2462081.500,2027.9165,2028.8474,340.0,34.390,5.864,5.721,8.748
2461741.500,2462091.500,2027.9165,2028.8747,350.0,39.423,6.279,6.146,9.279
2461741.500,2462101.500,2027.9165,2028.9021,360.0,44.616,6.680,6.554,9.809
2461741.500,2462111.500,2027.9165,2028.9295,370.0,49.926,7.066,6.948,10.335
2461741.500,2462121.500,2027.9165,2028.9569,380.0,55.320,7.438,7.326,10.853
2461741.500,2462131.500,2027.9165,2028.9843,390.0,60.769,7.795,7.688,11.363
2461741.500,2462141.500,2027.9165,2029.0116,400.0,66.249,8.139,8.037,11.863
2461741.500,2462151.500,2027.9165,2029.0390,410.0,71.742,8.470,8.372,12.351
2461741.500,2462161.500,2027.9165,2029.0664,420.0,77.229,8.788,8.693,12.828
2461741.500,2462171.500,2027.9165,2029.0938,430.0,82.698,9.094,9.002,13.294
2461741.500,2462181.500,2027.9165,2029.1211,440.0,88.138,9.388,9.300,13.747
2461741.500,2462191.500,2027.9165,2029.1485,450.0,93.538,9.672,9.586,14.187
2461761.500,2461841.500,2027.9713,2028.1903,80.0,1837.942,42.871,42.852,76.228
2461761.500,2461851.500,2027.9713,2028.2177,90.0,1317.514,36.298,36.275,63.365
2461761.500,2461861.500,2027.9713,2028.2450,100.0,960.704,30.995,30.969,53.071
2461761.500,2461871.500,2027.9713,2028.2724,110.0,708.837,26.624,26.593,44.670
2461761.500,2461881.500,2027.9713,2028.2998,120.0,526.995,22.956,22.921,37.711
2461761.500,2461891.500,2027.9713,2028.3272,130.0,393.409,19.835,19.793,31.882
2461761.500,2461901.500,2027.9713,2028.3546,140.0,293.976,17.146,17.098,26.961
2461761.500,2461911.500,2027.9713,2028.3819,150.0,219.261,14.807,14.752,22.787
2461761.500,2461921.500,2027.9713,2028.4093,160.0,162.775,12.758,12.694,19.242
2461761.500,2461931.500,2027.9713,2028.4367,170.0,119.953,10.952,10.877,16.234
2461761.500,2461941.500,2027.9713,2028.4641,180.0,87.515,9.355,9.266,13.695
2461761.500,2461951.500,2027.9713,2028.4914,190.0,63.062,7.941,7.836,11.574
2461761.500,2461961.500,2027.9713,2028.5188,200.0,44.813,6.694,6.570,9.829
2461761.500,2461971.500,2027.9713,2028.5462,210.0,31.426,5.606,5.456,8.428
2461761.500,2461981.500,2027.9713,2028.5736,220.0,21.878,4.677,4.497,7.344
2461761.500,2461991.500,2027.9713,2028.6010,230.0,15.380,3.922,3.705,6.555
2461761.500,2462001.500,2027.9713,2028.6283,240.0,11.320,3.364,3.109,6.035
2461761.500,2462011.500,2027.9713,2028.6557,250.0,9.213,3.035,2.749,5.756
2461761.500,2462021.500,2027.9713,2028.6831,260.0,8.680,2.946,2.650,5.684
2461761.500,2462031.500,2027.9713,2028.7105,270.0,9.414,3.068,2.786,5.783
2461761.500,2462041.500,2027.9713,2028.7379,280.0,11.172,3.342,3.085,6.016
2461761.500,2462051.500,2027.9713,2028.7652,290.0,13.757,3.709,3.479,6.350
2461761.500,2462061.500,2027.9713,2028.7926,300.0,17.007,4.124,3.918,6.757
2461761.500,2462071.500,2027.9713,2028.8200,310.0,20.794,4.560,4.375,7.216
2461761.500,2462081.500,2027.9713,2028.8474,320.0,25.009,5.001,4.833,7.709
2461761.500,2462091.500,2027.9713,2028.8747,330.0,29.565,5.437,5.283,8.223
2461761.500,2462101.500,2027.9713,2028.9021,340.0,34.390,5.864,5.721,8.748
2461761.500,2462111.500,2027.9713,2028.9295,350.0,39.424,6.279,6.146,9.279
2461761.500,2462121.500,2027.9713,2028.9569,360.0,44.616,6.680,6.554,9.809
2461761.500,2462131.500,2027.9713,2028.9843,370.0,49.926,7.066,6.948,10.335
2461761.500,2462141.500,2027.9713,2029.0116,380.0,55.320,7.438,7.326,10.853
2461761.500,2462151.500,2027.9713,2029.0390,390.0,60.769,7.795,7.689,11.363
2461761.500,2462161.500,2027.9713,2029.0664,400.0,66.250,8.139,8.037,11.863
2461761.500,2462171.500,2027.9713,2029.0938,410.0,71.742,8.470,8.372,12.352
2461761.500,2462181.500,2027.9713,2029.1211,420.0,77.229,8.788,8.693,12.829
2461761.500,2462191.500,2027.9713,2029.1485,430.0,82.698,9.094,9.002,13.294
2461761.500,2462201.500,2027.9713,2029.1759,440.0,88.138,9.388,9.300,13.747
2461761.500,2462211.500,2027.9713,2029.2033,450.0,93.539,9.672,9.586,14.187
2461781.500,2461861.500,2028.0260,2028.2450,80.0,1837.940,42.871,42.852,76.228
2461781.500,2461871.500,2028.0260,2028.2724,90.0,1317.512,36.298,36.275,63.365
2461781.500,2461881.500,2028.0260,2028.2998,100.0,960.703,30.995,30.969,53.071
2461781.500,2461891.500,2028.0260,2028.3272,110.0,708.836,26.624,26.593,44.670
2461781.500,2461901.500,2028.0260,2028.3546,120.0,526.994,22.956,22.921,37.711
2461781.500,2461911.500,2028.0260,2028.3819,130.0,393.409,19.835,19.793,31.882
2461781.500,2461921.500,2028.0260,2028.4093,140.0,293.976,17.146,17.098,26.961
2461781.500,2461931.500,2028.0260,2028.4367,150.0,219.260,14.807,14.752,22.787
2461781.500,2461941.500,2028.0260,2028.4641,160.0,162.775,12.758,12.694,19.242
2461781.500,2461951.500,2028.0260,2028.4914,170.0,119.953,10.952,10.877,16.234
2461781.500,2461961.500,2028.0260,2028.5188,180.0,87.515,9.355,9.266,13.695
2461781.500,2461971.500,2028.0260,2028.5462,190.0,63.062,7.941,7.836,11.574
2461781.500,2461981.500,2028.0260,2028.5736,200.0,44.813,6.694,6.570,9.829
2461781.500,2461991.500,2028.0260,2028.6010,210.0,31.425,5.606,5.456,8.428
2461781.500,2462001.500,2028.0260,2028.6283,220.0,21.878,4.677,4.497,7.344
2461781.500,2462011.500,2028.0260,2028.6557,230.0,15.380,3.922,3.705,6.555
2461781.500,2462021.500,2028.0260,2028.6831,240.0,11.319,3.364,3.109,6.035
2461781.500,2462031.500,2028.0260,2028.7105,250.0,9.213,3.035,2.749,5.756
2461781.500,2462041.500,2028.0260,2028.7379,260.0,8.680,2.946,2.650,5.684
2461781.500,2462051.500,2028.0260,2028.7652,270.0,9.414,3.068,2.786,5.783
2461781.500,2462061.500,2028.0260,2028.7926,280.0,11.172,3.342,3.085,6.016
2461781.500,2462071.500,2028.0260,2028.8200,290.0,13.757,3.709,3.479,6.350
2461781.500,2462081.500,2028.0260,2028.8474,300.0,17.008,4.124,3.918,6.757
2461781.500,2462091.500,2028.0260,2028.8747,310.0,20.794,4.560,4.375,7.216
2461781.500,2462101.500,2028.0260,2028.9021,320.0,25.009,5.001,4.833,7.709
2461781.500,2462111.500,2028.0260,2028.9295,330.0,29.566,5.437,5.283,8.223
2461781.500,2462121.500,2028.0260,2028.9569,340.0,34.390,5.864,5.721,8.748
2461781.500,2462131.500,2028.0260,2028.9843,350.0,39.424,6.279,6.146,9.279
2461781.500,2462141.500,2028.0260,2029.0116,360.0,44.616,6.680,6.554,9.809
2461781.500,2462151.500,2028.0260,2029.0390,370.0,49.927,7.066,6.948,10.335
2461781.500,2462161.500,2028.0260,2029.0664,380.0,55.321,7.438,7.326,10.853
2461781.500,2462171.500,2028.0260,2029.0938,390.0,60.770,7.795,7.689,11.363
2461781.500,2462181.500,2028.0260,2029.1211,400.0,66.250,8.139,8.037,11.863
2461781.500,2462191.500,2028.0260,2029.1485,410.0,71.742,8.470,8.372,12.352
2461781.500,2462201.500,2028.0260,2029.1759,420.0,77.230,8.788,8.693,12.829
2461781.500,2462211.500,2028.0260,2029.2033,430.0,82.699,9.094,9.002,13.294
2461781.500,2462221.500,2028.0260,2029.2307,440.0,88.138,9.388,9.300,13.747
2461781.500,2462231.500,2028.0260,2029.2580,450.0,93.539,9.672,9.586,14.187
2461801.500,2461881.500,2028.0808,2028.2998,80.0,1837.939,42.871,42.852,76.228
2461801.500,2461891.500,2028.0808,2028.3272,90.0,1317.511,36.298,36.275,63.365
2461801.500,2461901.500,2028.0808,2028.3546,100.0,960.702,30.995,30.969,53.071
2461801.500,2461911.500,2028.0808,2028.3819,110.0,708.835,26.624,26.593,44.670
2461801.500,2461921.500,2028.0808,2028.4093,120.0,526.994,22.956,22.921,37.711
2461801.500,2461931.500,2028.0808,2028.4367,130.0,393.408,19.835,19.793,31.882
2461801.500,2461941.500,2028.0808,2028.4641,140.0,293.975,17.146,17.098,26.961
2461801.500,2461951.500,2028.0808,2028.4914,150.0,219.260,14.807,14.752,22.787
2461801.500,2461961.500,2028.0808,2028.5188,160.0,162.774,12.758,12.694,19.241
2461801.500,2461971.500,2028.0808,2028.5462,170.0,119.953,10.952,10.877,16.234
2461801.500,2461981.500,2028.0808,2028.5736,180.0,87.515,9.355,9.266,13.695
2461801.500,2461991.500,2028.0808,2028.6010,190.0,63.062,7.941,7.836,11.574
2461801.500,2462001.500,2028.0808,2028.6283,200.0,44.812,6.694,6.570,9.829
2461801.500,2462011.500,2028.0808,2028.6557,210.0,31.425,5.606,5.456,8.428
2461801.500,2462021.500,2028.0808,2028.6831,220.0,21.877,4.677,4.497,7.344
2461801.500,2462031.500,2028.0808,2028.7105,230.0,15.380,3.922,3.705,6.555
2461801.500,2462041.500,2028.0808,2028.7379,240.0,11.319,3.364,3.109,6.035
2461801.500,2462051.500,2028.0808,2028.7652,250.0,9.213,3.035,2.749,5.756
2461801.500,2462061.500,2028.0808,2028.7926,260.0,8.680,2.946,2.650,5.684
2461801.500,2462071.500,2028.0808,2028.8200,270.0,9.414,3.068,2.786,5.783
2461801.500,2462081.500,2028.0808,2028.8474,280.0,11.172,3.342,3.085,6.016
2461801.500,2462091.500,2028.0808,2028.8747,290.0,13.757,3.709,3.479,6.350
2461801.500,2462101.500,2028.0808,2028.9021,300.0,17.008,4.124,3.918,6.757
2461801.500,2462111.500,2028.0808,2028.9295,310.0,20.794,4.560,4.375,7.216
2461801.500,2462121.500,2028.0808,2028.9569,320.0,25.010,5.001,4.833,7.709
2461801.500,2462131.500,2028.0808,2028.9843,330.0,29.566,5.437,5.283,8.223
2461801.500,2462141.500,2028.0808,2029.0116,340.0,34.391,5.864,5.721,8.748
2461801.500,2462151.500,2028.0808,2029.0390,350.0,39.424,6.279,6.146,9.279
2461801.500,2462161.500,2028.0808,2029.0664,360.0,44.617,6.680,6.554,9.809
2461801.500,2462171.500,2028.0808,2029.0938,370.0,49.927,7.066,6.948,10.335
2461801.500,2462181.500,2028.0808,2029.1211,380.0,55.321,7.438,7.326,10.853
2461801.500,2462191.500,2028.0808,2029.1485,390.0,60.770,7.795,7.689,11.363
2461801.500,2462201.500,2028.0808,2029.1759,400.0,66.250,8.139,8.037,11.863
2461801.500,2462211.500,2028.0808,2029.2033,410.0,71.742,8.470,8.372,12.352
2461801.500,2462221.500,2028.0808,2029.2307,420.0,77.230,8.788,8.693,12.829
2461801.500,2462231.500,2028.0808,2029.2580,430.0,82.699,9.094,9.002,13.294
2461801.500,2462241.500,2028.0808,2029.2854,440.0,88.139,9.388,9.300,13.747
2461801.500,2462251.500,2028.0808,2029.3128,450.0,93.539,9.672,9.586,14.187
2461821.500,2461901.500,2028.1355,2028.3546,80.0,1837.937,42.871,42.852,76.228
2461821.500,2461911.500,2028.1355,2028.3819,90.0,1317.510,36.298,36.275,63.365
2461821.500,2461921.500,2028.1355,2028.4093,100.0,960.701,30.995,30.969,53.071
2461821.500,2461931.500,2028.1355,2028.4367,110.0,708.834,26.624,26.593,44.670
2461821.500,2461941.500,2028.1355,2028.4641,120.0,526.993,22.956,22.921,37.711
2461821.500,2461951.500,2028.1355,2028.4914,130.0,393.407,19.835,19.793,31.882
2461821.500,2461961.500,2028.1355,2028.5188,140.0,293.975,17.146,17.098,26.961
2461821.500,2461971.500,2028.1355,2028.5462,150.0,219.259,14.807,14.752,22.787
2461821.500,2461981.500,2028.1355,2028.5736,160.0,162.774,12.758,12.694,19.241
2461821.500,2461991.500,2028.1355,2028.6010,170.0,119.952,10.952,10.877,16.234
2461821.500,2462001.500,2028.1355,2028.6283,180.0,87.514,9.355,9.266,13.695
2461821.500,2462011.500,2028.1355,2028.6557,190.0,63.061,7.941,7.836,11.574
2461821.500,2462021.500,2028.1355,2028.6831,200.0,44.812,6.694,6.570,9.829
2461821.500,2462031.500,2028.1355,2028.7105,210.0,31.425,5.606,5.456,8.428
2461821.500,2462041.500,2028.1355,2028.7379,220.0,21.877,4.677,4.497,7.344
2461821.500,2462051.500,2028.1355,2028.7652,230.0,15.380,3.922,3.705,6.555
2461821.500,2462061.500,2028.1355,2028.7926,240.0,11.319,3.364,3.109,6.035
2461821.500,2462071.500,2028.1355,2028.8200,250.0,9.213,3.035,2.749,5.756
2461821.500,2462081.500,2028.1355,2028.8474,260.0,8.680,2.946,2.650,5.684
2461821.500,2462091.500,2028.1355,2028.8747,270.0,9.414,3.068,2.786,5.783
2461821.500,2462101.500,2028.1355,2028.9021,280.0,11.172,3.342,3.085,6.016
2461821.500,2462111.500,2028.1355,2028.9295,290.0,13.757,3.709,3.479,6.350
2461821.500,2462121.500,2028.1355,2028.9569,300.0,17.008,4.124,3.918,6.757
2461821.500,2462131.500,2028.1355,2028.9843,310.0,20.794,4.560,4.375,7.216
2461821.500,2462141.500,2028.1355,2029.0116,320.0,25.010,5.001,4.833,7.709
2461821.500,2462151.500,2028.1355,2029.0390,330.0,29.566,5.437,5.283,8.223
2461821.500,2462161.500,2028.1355,2029.0664,340.0,34.391,5.864,5.721,8.748
2461821.500,2462171.500,2028.1355,2029.0938,350.0,39.424,6.279,6.146,9.279
2461821.500,2462181.500,2028.1355,2029.1211,360.0,44.617,6.680,6.554,9.809
2461821.500,2462191.500,2028.1355,2029.1485,370.0,49.927,7.066,6.948,10.335
2461821.500,2462201.500,2028.1355,2029.1759,380.0,55.321,7.438,7.326,10.853
2461821.500,2462211.500,2028.1355,2029.2033,390.0,60.770,7.796,7.689,11.363
2461821.500,2462221.500,2028.1355,2029.2307,400.0,66.250,8.139,8.037,11.863
2461821.500,2462231.500,2028.1355,2029.2580,410.0,71.743,8.470,8.372,12.352
2461821.500,2462241.500,2028.1355,2029.2854,420.0,77.230,8.788,8.693,12.829
2461821.500,2462251.500,2028.1355,2029.3128,430.0,82.699,9.094,9.002,13.294
2461821.500,2462261.500,2028.1355,2029.3402,440.0,88.139,9.388,9.300,13.747
2461821.500,2462271.500,2028.1355,2029.3676,450.0,93.540,9.672,9.586,14.188
2461841.500,2461921.500,2028.1903,2028.4093,80.0,1837.936,42.871,42.852,76.228
2461841.500,2461931.500,2028.1903,2028.4367,90.0,1317.509,36.298,36.275,63.365
2461841.500,2461941.500,2028.1903,2028.4641,100.0,960.700,30.995,30.969,53.071
2461841.500,2461951.500,2028.1903,2028.4914,110.0,708.834,26.624,26.593,44.670
2461841.500,2461961.500,2028.1903,2028.5188,120.0,526.992,22.956,22.921,37.711
2461841.500,2461971.500,2028.1903,2028.5462,130.0,393.407,19.834,19.793,31.882
2461841.500,2461981.500,2028.1903,2028.5736,140.0,293.974,17.146,17.098,26.961
2461841.500,2461991.500,2028.1903,2028.6010,150.0,219.259,14.807,14.752,22.787
2461841.500,2462001.500,2028.1903,2028.6283,160.0,162.774,12.758,12.694,19.241
2461841.500,2462011.500,2028.1903,2028.6557,170.0,119.952,10.952,10.877,16.234
2461841.500,2462021.500,2028.1903,2028.6831,180.0,87.514,9.355,9.266,13.695
2461841.500,2462031.500,2028.1903,2028.7105,190.0,63.061,7.941,7.836,11.574
2461841.500,2462041.500,2028.1903,2028.7379,200.0,44.812,6.694,6.570,9.829
2461841.500,2462051.500,2028.1903,2028.7652,210.0,31.425,5.606,5.456,8.428
2461841.500,2462061.500,2028.1903,2028.7926,220.0,21.877,4.677,4.497,7.344
2461841.500,2462071.500,2028.1903,2028.8200,230.0,15.380,3.922,3.705,6.555
2461841.500,2462081.500,2028.1903,2028.8474,240.0,11.319,3.364,3.109,6.035
2461841.500,2462091.500,2028.1903,2028.8747,250.0,9.213,3.035,2.749,5.756
2461841.500,2462101.500,2028.1903,2028.9021,260.0,8.680,2.946,2.650,5.684
2461841.500,2462111.500,2028.1903,2028.9295,270.0,9.414,3.068,2.786,5.783
2461841.500,2462121.500,2028.1903,2028.9569,280.0,11.172,3.342,3.085,6.016
2461841.500,2462131.500,2028.1903,2028.9843,290.0,13.757,3.709,3.479,6.350
2461841.500,2462141.500,2028.1903,2029.0116,300.0,17.008,4.124,3.918,6.757
2461841.500,2462151.500,2028.1903,2029.0390,310.0,20.794,4.560,4.375,7.216
2461841.500,2462161.500,2028.1903,2029.0664,320.0,25.010,5.001,4.833,7.709
2461841.500,2462171.500,2028.1903,2029.0938,330.0,29.566,5.437,5.283,8.223
2461841.500,2462181.500,2028.1903,2029.1211,340.0,34.391,5.864,5.721,8.748
2461841.500,2462191.500,2028.1903,2029.1485,350.0,39.424,6.279,6.146,9.279
2461841.500,2462201.500,2028.1903,2029.1759,360.0,44.617,6.680,6.554,9.809
2461841.500,2462211.500,2028.1903,2029.2033,370.0,49.927,7.066,6.948,10.335
2461841.500,2462221.500,2028.1903,2029.2307,380.0,55.321,7.438,7.326,10.853
2461841.500,2462231.500,2028.1903,2029.2580,390.0,60.770,7.796,7.689,11.363
2461841.500,2462241.500,2028.1903,2029.2854,400.0,66.251,8.139,8.037,11.863
2461841.500,2462251.500,2028.1903,2029.3128,410.0,71.743,8.470,8.372,12.352
2461841.500,2462261.500,2028.1903,2029.3402,420.0,77.230,8.788,8.693,12.829
2461841.500,2462271.500,2028.1903,2029.3676,430.0,82.700,9.094,9.002,13.294
2461841.500,2462281.500,2028.1903,2029.3949,440.0,88.139,9.388,9.300,13.747
2461841.500,2462291.500,2028.1903,2029.4223,450.0,93.540,9.672,9.586,14.188
2461861.500,2461941.500,2028.2450,2028.4641,80.0,1837.934,42.871,42.852,76.228
2461861.500,2461951.500,2028.2450,2028.4914,90.0,1317.507,36.297,36.275,63.365
2461861.500,2461961.500,2028.2450,2028.5188,100.0,960.699,30.995,30.969,53.071
2461861.500,2461971.500,2028.2450,2028.5462,110.0,708.833,26.624,26.593,44.670
2461861.500,2461981.500,2028.2450,2028.5736,120.0,526.991,22.956,22.920,37.711
2461861.500,2461991.500,2028.2450,2028.6010,130.0,393.406,19.834,19.793,31.882
2461861.500,2462001.500,2028.2450,2028.6283,140.0,293.974,17.146,17.098,26.961
2461861.500,2462011.500,2028.2450,2028.6557,150.0,219.258,14.807,14.752,22.787
2461861.500,2462021.500,2028.2450,2028.6831,160.0,162.773,12.758,12.693,19.241
2461861.500,2462031.500,2028.2450,2028.7105,170.0,119.952,10.952,10.877,16.234
2461861.500,2462041.500,2028.2450,2028.7379,180.0,87.514,9.355,9.266,13.695
2461861.500,2462051.500,2028.2450,2028.7652,190.0,63.061,7.941,7.836,11.574
2461861.500,2462061.500,2028.2450,2028.7926,200.0,44.812,6.694,6.570,9.829
2461861.500,2462071.500,2028.2450,2028.8200,210.0,31.425,5.606,5.456,8.428
2461861.500,2462081.500,2028.2450,2028.8474,220.0,21.877,4.677,4.497,7.344
2461861.500,2462091.500,2028.2450,2028.8747,230.0,15.380,3.922,3.705,6.555
2461861.500,2462101.500,2028.2450,2028.9021,240.0,11.319,3.364,3.109,6.035
2461861.500,2462111.500,2028.2450,2028.9295,250.0,9.213,3.035,2.749,5.756
2461861.500,2462121.500,2028.2450,2028.9569,260.0,8.680,2.946,2.650,5.684
2461861.500,2462131.500,2028.2450,2028.9843,270.0,9.414,3.068,2.786,5.783
2461861.500,2462141.500,2028.2450,2029.0116,280.0,11.172,3.343,3.085,6.016
2461861.500,2462151.500,2028.2450,2029.0390,290.0,13.757,3.709,3.479,6.350
2461861.500,2462161.500,2028.2450,2029.0664,300.0,17.008,4.124,3.918,6.757
2461861.500,2462171.500,2028.2450,2029.0938,310.0,20.795,4.560,4.375,7.216
2461861.500,2462181.500,2028.2450,2029.1211,320.0,25.010,5.001,4.833,7.709
2461861.500,2462191.500,2028.2450,2029.1485,330.0,29.566,5.437,5.283,8.223
2461861.500,2462201.500,2028.2450,2029.1759,340.0,34.391,5.864,5.721,8.748
2461861.500,2462211.500,2028.2450,2029.2033,350.0,39.425,6.279,6.146,9.279
2461861.500,2462221.500,2028.2450,2029.2307,360.0,44.617,6.680,6.554,9.809
2461861.500,2462231.500,2028.2450,2029.2580,370.0,49.927,7.066,6.948,10.335
2461861.500,2462241.500,2028.2450,2029.2854,380.0,55.321,7.438,7.326,10.853
2461861.500,2462251.500,2028.2450,2029.3128,390.0,60.770,7.796,7.689,11.363
2461861.500,2462261.500,2028.2450,2029.3402,400.0,66.251,8.139,8.037,11.863
2461861.500,2462271.500,2028.2450,2029.3676,410.0,71.743,8.470,8.372,12.352
2461861.500,2462281.500,2028.2450,2029.3949,420.0,77.231,8.788,8.693,12.829
2461861.500,2462291.500,2028.2450,2029.4223,430.0,82.700,9.094,9.002,13.294
2461861.500,2462301.500,2028.2450,2029.4497,440.0,88.139,9.388,9.300,13.747
2461861.500,2462311.500,2028.2450,2029.4771,450.0,93.540,9.672,9.586,14.188
2461881.500,2461961.500,2028.2998,2028.5188,80.0,1837.933,42.871,42.852,76.228
2461881.500,2461971.500,2028.2998,2028.5462,90.0,1317.506,36.297,36.275,63.365
2461881.500,2461981.500,2028.2998,2028.5736,100.0,960.698,30.995,30.969,53.071
2461881.500,2461991.500,2028.2998,2028.6010,110.0,708.832,26.624,26.593,44.670
2461881.500,2462001.500,2028.2998,2028.6283,120.0,526.991,22.956,22.920,37.711
2461881.500,2462011.500,2028.2998,2028.6557,130.0,393.405,19.834,19.793,31.882
2461881.500,2462021.500,2028.2998,2028.6831,140.0,293.973,17.146,17.098,26.961
2461881.500,2462031.500,2028.2998,2028.7105,150.0,219.258,14.807,14.752,22.787
2461881.500,2462041.500,2028.2998,2028.7379,160.0,162.773,12.758,12.693,19.241
2461881.500,2462051.500,2028.2998,2028.7652,170.0,119.951,10.952,10.877,16.234
2461881.500,2462061.500,2028.2998,2028.7926,180.0,87.513,9.355,9.266,13.695
2461881.500,2462071.500,2028.2998,2028.8200,190.0,63.061,7.941,7.836,11.574
2461881.500,2462081.500,2028.2998,2028.8474,200.0,44.812,6.694,6.570,9.829
2461881.500,2462091.500,2028.2998,2028.8747,210.0,31.425,5.606,5.456,8.428
2461881.500,2462101.500,2028.2998,2028.9021,220.0,21.877,4.677,4.497,7.344
2461881.500,2462111.500,2028.2998,2028.9295,230.0,15.380,3.922,3.705,6.555
2461881.500,2462121.500,2028.2998,2028.9569,240.0,11.319,3.364,3.109,6.035
2461881.500,2462131.500,2028.2998,2028.9843,250.0,9.213,3.035,2.749,5.756
2461881.500,2462141.500,2028.2998,2029.0116,260.0,8.680,2.946,2.650,5.684
2461881.500,2462151.500,2028.2998,2029.0390,270.0,9.414,3.068,2.786,5.783
2461881.500,2462161.500,2028.2998,2029.0664,280.0,11.172,3.343,3.085,6.016
2461881.500,2462171.500,2028.2998,2029.0938,290.0,13.757,3.709,3.479,6.350
2461881.500,2462181.500,2028.2998,2029.1211,300.0,17.008,4.124,3.918,6.757
2461881.500,2462191.500,2028.2998,2029.1485,310.0,20.795,4.560,4.375,7.216
2461881.500,2462201.500,2028.2998,2029.1759,320.0,25.010,5.001,4.833,7.709
2461881.500,2462211.500,2028.2998,2029.2033,330.0,29.566,5.438,5.283,8.223
2461881.500,2462221.500,2028.2998,2029.2307,340.0,34.391,5.864,5.721,8.749
2461881.500,2462231.500,2028.2998,2029.2580,350.0,39.425,6.279,6.146,9.279
2461881.500,2462241.500,2028.2998,2029.2854,360.0,44.617,6.680,6.554,9.809
2461881.500,2462251.500,2028.2998,2029.3128,370.0,49.928,7.066,6.948,10.335
2461881.500,2462261.500,2028.2998,2029.3402,380.0,55.322,7.438,7.326,10.853
2461881.500,2462271.500,2028.2998,2029.3676,390.0,60.771,7.796,7.689,11.363
2461881.500,2462281.500,2028.2998,2029.3949,400.0,66.251,8.139,8.037,11.863
2461881.500,2462291.500,2028.2998,2029.4223,410.0,71.743,8.470,8.372,12.352
2461881.500,2462301.500,2028.2998,2029.4497,420.0,77.231,8.788,8.693,12.829
2461881.500,2462311.500,2028.2998,2029.4771,430.0,82.700,9.094,9.002,13.294
2461881.500,2462321.500,2028.2998,2029.5044,440.0,88.140,9.388,9.300,13.747
2461881.500,2462331.500,2028.2998,2029.5318,450.0,93.540,9.672,9.586,14.188
2461901.500,2461981.500,2028.3546,2028.5736,80.0,1837.932,42.871,42.852,76.228
2461901.500,2461991.500,2028.3546,2028.6010,90.0,1317.505,36.297,36.275,63.365
2461901.500,2462001.500,2028.3546,2028.6283,100.0,960.697,30.995,30.969,53.071
2461901.500,2462011.500,2028.3546,2028.6557,110.0,708.831,26.624,26.593,44.670
2461901.500,2462021.500,2028.3546,2028.6831,120.0,526.990,22.956,22.920,37.711
2461901.500,2462031.500,2028.3546,2028.7105,130.0,393.405,19.834,19.793,31.882
2461901.500,2462041.500,2028.3546,2028.7379,140.0,293.972,17.146,17.098,26.961
2461901.500,2462051.500,2028.3546,2028.7652,150.0,219.257,14.807,14.752,22.787
2461901.500,2462061.500,2028.3546,2028.7926,160.0,162.772,12.758,12.693,19.241
2461901.500,2462071.500,2028.3546,2028.8200,170.0,119.951,10.952,10.877,16.234
2461901.500,2462081.500,2028.3546,2028.8474,180.0,87.513,9.355,9.266,13.695
2461901.500,2462091.500,2028.3546,2028.8747,190.0,63.060,7.941,7.836,11.574
2461901.500,2462101.500,2028.3546,2028.9021,200.0,44.811,6.694,6.570,9.829
2461901.500,2462111.500,2028.3546,2028.9295,210.0,31.425,5.606,5.456,8.428
2461901.500,2462121.500,2028.3546,2028.9569,220.0,21.877,4.677,4.497,7.344
2461901.500,2462131.500,2028.3546,2028.9843,230.0,15.380,3.922,3.705,6.555
2461901.500,2462141.500,2028.3546,2029.0116,240.0,11.319,3.364,3.109,6.035
2461901.500,2462151.500,2028.3546,2029.0390,250.0,9.213,3.035,2.749,5.756
2461901.500,2462161.500,2028.3546,2029.0664,260.0,8.680,2.946,2.650,5.684
2461901.500,2462171.500,2028.3546,2029.0938,270.0,9.414,3.068,2.786,5.783
2461901.500,2462181.500,2028.3546,2029.1211,280.0,11.172,3.343,3.085,6.016
2461901.500,2462191.500,2028.3546,2029.1485,290.0,13.757,3.709,3.479,6.350
2461901.500,2462201.500,2028.3546,2029.1759,300.0,17.008,4.124,3.918,6.757
2461901.500,2462211.500,2028.3546,2029.2033,310.0,20.795,4.560,4.375,7.216
2461901.500,2462221.500,2028.3546,2029.2307,320.0,25.010,5.001,4.833,7.709
2461901.500,2462231.500,2028.3546,2029.2580,330.0,29.567,5.438,5.283,8.223
2461901.500,2462241.500,2028.3546,2029.2854,340.0,34.391,5.864,5.721,8.749
2461901.500,2462251.500,2028.3546,2029.3128,350.0,39.425,6.279,6.146,9.279
2461901.500,2462261.500,2028.3546,2029.3402,360.0,44.618,6.680,6.554,9.809
2461901.500,2462271.500,2028.3546,2029.3676,370.0,49.928,7.066,6.948,10.335
2461901.500,2462281.500,2028.3546,2029.3949,380.0,55.322,7.438,7.326,10.853
2461901.500,2462291.500,2028.3546,2029.4223,390.0,60.771,7.796,7.689,11.363
2461901.500,2462301.500,2028.3546,2029.4497,400.0,66.251,8.140,8.037,11.863
2461901.500,2462311.500,2028.3546,2029.4771,410.0,71.744,8.470,8.372,12.352
2461901.500,2462321.500,2028.3546,2029.5044,420.0,77.231,8.788,8.693,12.829
2461901.500,2462331.500,2028.3546,2029.5318,430.0,82.700,9.094,9.002,13.294
2461901.500,2462341.500,2028.3546,2029.5592,440.0,88.140,9.388,9.300,13.747
2461901.500,2462351.500,2028.3546,2029.5866,450.0,93.541,9.672,9.586,14.188
2461921.500,2462001.500,2028.4093,2028.6283,80.0,1837.930,42.871,42.852,76.228
2461921.500,2462011.500,2028.4093,2028.6557,90.0,1317.504,36.297,36.275,63.365
2461921.500,2462021.500,2028.4093,2028.6831,100.0,960.696,30.995,30.969,53.071
2461921.500,2462031.500,2028.4093,2028.7105,110.0,708.830,26.624,26.593,44.670
2461921.500,2462041.500,2028.4093,2028.7379,120.0,526.989,22.956,22.920,37.711
2461921.500,2462051.500,2028.4093,2028.7652,130.0,393.404,19.834,19.793,31.882
2461921.500,2462061.500,2028.4093,2028.7926,140.0,293.972,17.146,17.098,26.961
2461921.500,2462071.500,2028.4093,2028.8200,150.0,219.257,14.807,14.752,22.787
2461921.500,2462081.500,2028.4093,2028.8474,160.0,162.772,12.758,12.693,19.241
2461921.500,2462091.500,2028.4093,2028.8747,170.0,119.950,10.952,10.877,16.234
2461921.500,2462101.500,2028.4093,2028.9021,180.0,87.513,9.355,9.266,13.695
2461921.500,2462111.500,2028.4093,2028.9295,190.0,63.060,7.941,7.836,11.574
2461921.500,2462121.500,2028.4093,2028.9569,200.0,44.811,6.694,6.570,9.829
2461921.500,2462131.500,2028.4093,2028.9843,210.0,31.424,5.606,5.456,8.428
2461921.500,2462141.500,2028.4093,2029.0116,220.0,21.877,4.677,4.497,7.344
2461921.500,2462151.500,2028.4093,2029.0390,230.0,15.380,3.922,3.705,6.555
2461921.500,2462161.500,2028.4093,2029.0664,240.0,11.319,3.364,3.109,6.035
2461921.500,2462171.500,2028.4093,2029.0938,250.0,9.213,3.035,2.749,5.756
2461921.500,2462181.500,2028.4093,2029.1211,260.0,8.680,2.946,2.650,5.684
2461921.500,2462191.500,2028.4093,2029.1485,270.0,9.414,3.068,2.786,5.783
2461921.500,2462201.500,2028.4093,2029.1759,280.0,11.172,3.343,3.085,6.016
2461921.500,2462211.500,2028.4093,2029.2033,290.0,13.757,3.709,3.479,6.350
2461921.500,2462221.500,2028.4093,2029.2307,300.0,17.008,4.124,3.918,6.757
2461921.500,2462231.500,2028.4093,2029.2580,310.0,20.795,4.560,4.375,7.216
2461921.500,2462241.500,2028.4093,2029.2854,320.0,25.010,5.001,4.833,7.709
2461921.500,2462251.500,2028.4093,2029.3128,330.0,29.567,5.438,5.283,8.223
2461921.500,2462261.500,2028.4093,2029.3402,340.0,34.392,5.864,5.721,8.749
2461921.500,2462271.500,2028.4093,2029.3676,350.0,39.425,6.279,6.146,9.279
2461921.500,2462281.500,2028.4093,2029.3949,360.0,44.618,6.680,6.554,9.809
2461921.500,2462291.500,2028.4093,2029.4223,370.0,49.928,7.066,6.948,10.335
2461921.500,2462301.500,2028.4093,2029.4497,380.0,55.322,7.438,7.326,10.853
2461921.500,2462311.500,2028.4093,2029.4771,390.0,60.771,7.796,7.689,11.363
2461921.500,2462321.500,2028.4093,2029.5044,400.0,66.252,8.140,8.037,11.863
2461921.500,2462331.500,2028.4093,2029.5318,410.0,71.744,8.470,8.372,12.352
2461921.500,2462341.500,2028.4093,2029.5592,420.0,77.231,8.788,8.693,12.829
2461921.500,2462351.500,2028.4093,2029.5866,430.0,82.701,9.094,9.002,13.294
2461921.500,2462361.500,2028.4093,2029.6140,440.0,88.140,9.388,9.300,13.747
2461921.500,2462371.500,2028.4093,2029.6413,450.0,93.541,9.672,9.586,14.188
2461941.500,2462021.500,2028.4641,2028.6831,80.0,1837.929,42.871,42.852,76.228
2461941.500,2462031.500,2028.4641,2028.7105,90.0,1317.503,36.297,36.275,63.365
2461941.500,2462041.500,2028.4641,2028.7379,100.0,960.695,30.995,30.969,53.071
2461941.500,2462051.500,2028.4641,2028.7652,110.0,708.829,26.624,26.593,44.670
2461941.500,2462061.500,2028.4641,2028.7926,120.0,526.988,22.956,22.920,37.711
2461941.500,2462071.500,2028.4641,2028.8200,130.0,393.403,19.834,19.793,31.882
2461941.500,2462081.500,2028.4641,2028.8474,140.0,293.971,17.146,17.098,26.961
2461941.500,2462091.500,2028.4641,2028.8747,150.0,219.256,14.807,14.752,22.787
2461941.500,2462101.500,2028.4641,2028.9021,160.0,162.771,12.758,12.693,19.241
2461941.500,2462111.500,2028.4641,2028.9295,170.0,119.950,10.952,10.877,16.234
2461941.500,2462121.500,2028.4641,2028.9569,180.0,87.512,9.355,9.266,13.695
2461941.500,2462131.500,2028.4641,2028.9843,190.0,63.060,7.941,7.836,11.574
2461941.500,2462141.500,2028.4641,2029.0116,200.0,44.811,6.694,6.570,9.829
2461941.500,2462151.500,2028.4641,2029.0390,210.0,31.424,5.606,5.456,8.428
2461941.500,2462161.500,2028.4641,2029.0664,220.0,21.877,4.677,4.497,7.344
2461941.500,2462171.500,2028.4641,2029.0938,230.0,15.379,3.922,3.705,6.555
2461941.500,2462181.500,2028.4641,2029.1211,240.0,11.319,3.364,3.109,6.035
2461941.500,2462191.500,2028.4641,2029.1485,250.0,9.213,3.035,2.749,5.756
2461941.500,2462201.500,2028.4641,2029.1759,260.0,8.680,2.946,2.650,5.684
2461941.500,2462211.500,2028.4641,2029.2033,270.0,9.414,3.068,2.786,5.783
2461941.500,2462221.500,2028.4641,2029.2307,280.0,11.173,3.343,3.085,6.016
2461941.500,2462231.500,2028.4641,2029.2580,290.0,13.757,3.709,3.479,6.350
2461941.500,2462241.500,2028.4641,2029.2854,300.0,17.008,4.124,3.918,6.757
2461941.500,2462251.500,2028.4641,2029.3128,310.0,20.795,4.560,4.375,7.216
2461941.500,2462261.500,2028.4641,2029.3402,320.0,25.010,5.001,4.833,7.709
2461941.500,2462271.500,2028.4641,2029.3676,330.0,29.567,5.438,5.283,8.223
2461941.500,2462281.500,2028.4641,2029.3949,340.0,34.392,5.864,5.721,8.749
2461941.500,2462291.500,2028.4641,2029.4223,350.0,39.425,6.279,6.146,9.279
2461941.500,2462301.500,2028.4641,2029.4497,360.0,44.618,6.680,6.554,9.809
2461941.500,2462311.500,2028.4641,2029.4771,370.0,49.928,7.066,6.948,10.335
2461941.500,2462321.500,2028.4641,2029.5044,380.0,55.322,7.438,7.326,10.853
2461941.500,2462331.500,2028.4641,2029.5318,390.0,60.771,7.796,7.689,11.363
2461941.500,2462341.500,2028.4641,2029.5592,400.0,66.252,8.140,8.037,11.863
2461941.500,2462351.500,2028.4641,2029.5866,410.0,71.744,8.470,8.372,12.352
2461941.500,2462361.500,2028.4641,2029.6140,420.0,77.232,8.788,8.693,12.829
2461941.500,2462371.500,2028.4641,2029.6413,430.0,82.701,9.094,9.002,13.294
2461941.500,2462381.500,2028.4641,2029.6687,440.0,88.141,9.388,9.300,13.747
2461941.500,2462391.500,2028.4641,2029.6961,450.0,93.541,9.672,9.586,14.188
2461961.500,2462041.500,2028.5188,2028.7379,80.0,1837.927,42.871,42.852,76.228
2461961.500,2462051.500,2028.5188,2028.7652,90.0,1317.501,36.297,36.275,63.365
2461961.500,2462061.500,2028.5188,2028.7926,100.0,960.694,30.995,30.969,53.071
2461961.500,2462071.500,2028.5188,2028.8200,110.0,708.828,26.624,26.593,44.670
2461961.500,2462081.500,2028.5188,2028.8474,120.0,526.988,22.956,22.920,37.711
2461961.500,2462091.500,2028.5188,2028.8747,130.0,393.403,19.834,19.793,31.882
2461961.500,2462101.500,2028.5188,2028.9021,140.0,293.971,17.146,17.098,26.961
2461961.500,2462111.500,2028.5188,2028.9295,150.0,219.256,14.807,14.752,22.787
2461961.500,2462121.500,2028.5188,2028.9569,160.0,162.771,12.758,12.693,19.241
2461961.500,2462131.500,2028.5188,2028.9843,170.0,119.950,10.952,10.877,16.233
2461961.500,2462141.500,2028.5188,2029.0116,180.0,87.512,9.355,9.266,13.695
2461961.500,2462151.500,2028.5188,2029.0390,190.0,63.060,7.941,7.836,11.574
2461961.500,2462161.500,2028.5188,2029.0664,200.0,44.811,6.694,6.570,9.829
2461961.500,2462171.500,2028.5188,2029.0938,210.0,31.424,5.606,5.456,8.428
2461961.500,2462181.500,2028.5188,2029.1211,220.0,21.876,4.677,4.497,7.344
2461961.500,2462191.500,2028.5188,2029.1485,230.0,15.379,3.922,3.705,6.555
2461961.500,2462201.500,2028.5188,2029.1759,240.0,11.319,3.364,3.109,6.035
2461961.500,2462211.500,2028.5188,2029.2033,250.0,9.213,3.035,2.749,5.756
2461961.500,2462221.500,2028.5188,2029.2307,260.0,8.680,2.946,2.650,5.684
2461961.500,2462231.500,2028.5188,2029.2580,270.0,9.414,3.068,2.786,5.783
2461961.500,2462241.500,2028.5188,2029.2854,280.0,11.173,3.343,3.085,6.016
2461961.500,2462251.500,2028.5188,2029.3128,290.0,13.757,3.709,3.479,6.350
2461961.500,2462261.500,2028.5188,2029.3402,300.0,17.008,4.124,3.918,6.757
2461961.500,2462271.500,2028.5188,2029.3676,310.0,20.795,4.560,4.375,7.216
2461961.500,2462281.500,2028.5188,2029.3949,320.0,25.011,5.001,4.833,7.709
2461961.500,2462291.500,2028.5188,2029.4223,330.0,29.567,5.438,5.283,8.223
2461961.500,2462301.500,2028.5188,2029.4497,340.0,34.392,5.864,5.721,8.749
2461961.500,2462311.500,2028.5188,2029.4771,350.0,39.426,6.279,6.146,9.279
2461961.500,2462321.500,2028.5188,2029.5044,360.0,44.618,6.680,6.554,9.809
2461961.500,2462331.500,2028.5188,2029.5318,370.0,49.929,7.066,6.948,10.335
2461961.500,2462341.500,2028.5188,2029.5592,380.0,55.323,7.438,7.326,10.853
2461961.500,2462351.500,2028.5188,2029.5866,390.0,60.772,7.796,7.689,11.363
2461961.500,2462361.500,2028.5188,2029.6140,400.0,66.252,8.140,8.037,11.863
2461961.500,2462371.500,2028.5188,2029.6413,410.0,71.745,8.470,8.372,12.352
2461961.500,2462381.500,2028.5188,2029.6687,420.0,77.232,8.788,8.693,12.829
2461961.500,2462391.500,2028.5188,2029.6961,430.0,82.701,9.094,9.002,13.294
2461961.500,2462401.500,2028.5188,2029.7235,440.0,88.141,9.388,9.300,13.747
2461961.500,2462411.500,2028.5188,2029.7509,450.0,93.542,9.672,9.586,14.188
2461981.500,2462061.500,2028.5736,2028.7926,80.0,1837.926,42.871,42.852,76.228
2461981.500,2462071.500,2028.5736,2028.8200,90.0,1317.500,36.297,36.275,63.365
2461981.500,2462081.500,2028.5736,2028.8474,100.0,960.693,30.995,30.969,53.071
2461981.500,2462091.500,2028.5736,2028.8747,110.0,708.827,26.624,26.593,44.670
2461981.500,2462101.500,2028.5736,2028.9021,120.0,526.987,22.956,22.920,37.711
2461981.500,2462111.500,2028.5736,2028.9295,130.0,393.402,19.834,19.793,31.882
2461981.500,2462121.500,2028.5736,2028.9569,140.0,293.970,17.146,17.098,26.961
2461981.500,2462131.500,2028.5736,2028.9843,150.0,219.255,14.807,14.752,22.787
2461981.500,2462141.500,2028.5736,2029.0116,160.0,162.771,12.758,12.693,19.241
2461981.500,2462151.500,2028.5736,2029.0390,170.0,119.949,10.952,10.877,16.233
2461981.500,2462161.500,2028.5736,2029.0664,180.0,87.512,9.355,9.266,13.695
2461981.500,2462171.500,2028.5736,2029.0938,190.0,63.059,7.941,7.836,11.574
2461981.500,2462181.500,2028.5736,2029.1211,200.0,44.811,6.694,6.570,9.829
2461981.500,2462191.500,2028.5736,2029.1485,210.0,31.424,5.606,5.456,8.428
2461981.500,2462201.500,2028.5736,2029.1759,220.0,21.876,4.677,4.497,7.344
2461981.500,2462211.500,2028.5736,2029.2033,230.0,15.379,3.922,3.705,6.555
2461981.500,2462221.500,2028.5736,2029.2307,240.0,11.319,3.364,3.109,6.035
2461981.500,2462231.500,2028.5736,2029.2580,250.0,9.213,3.035,2.749,5.756
2461981.500,2462241.500,2028.5736,2029.2854,260.0,8.680,2.946,2.650,5.684
2461981.500,2462251.500,2028.5736,2029.3128,270.0,9.414,3.068,2.786,5.783
2461981.500,2462261.500,2028.5736,2029.3402,280.0,11.173,3.343,3.085,6.016
2461981.500,2462271.500,2028.5736,2029.3676,290.0,13.757,3.709,3.479,6.350
2461981.500,2462281.500,2028.5736,2029.3949,300.0,17.008,4.124,3.918,6.757
2461981.500,2462291.500,2028.5736,2029.4223,310.0,20.795,4.560,4.375,7.216
2461981.500,2462301.500,2028.5736,2029.4497,320.0,25.011,5.001,4.833,7.709
2461981.500,2462311.500,2028.5736,2029.4771,330.0,29.567,5.438,5.283,8.223
2461981.500,2462321.500,2028.5736,2029.5044,340.0,34.392,5.864,5.721,8.749
2461981.500,2462331.500,2028.5736,2029.5318,350.0,39.426,6.279,6.146,9.279
2461981.500,2462341.500,2028.5736,2029.5592,360.0,44.618,6.680,6.554,9.809
2461981.500,2462351.500,2028.5736,2029.5866,370.0,49.929,7.066,6.948,10.335
2461981.500,2462361.500,2028.5736,2029.6140,380.0,55.323,7.438,7.326,10.853
2461981.500,2462371.500,2028.5736,2029.6413,390.0,60.772,7.796,7.689,11.363
2461981.500,2462381.500,2028.5736,2029.6687,400.0,66.253,8.140,8.037,11.863
2461981.500,2462391.500,2028.5736,2029.6961,410.0,71.745,8.470,8.372,12.352
2461981.500,2462401.500,2028.5736,2029.7235,420.0,77.232,8.788,8.693,12.829
2461981.500,2462411.500,2028.5736,2029.7509,430.0,82.702,9.094,9.002,13.294
2461981.500,2462421.500,2028.5736,2029.7782,440.0,88.141,9.388,9.300,13.747
2461981.500,2462431.500,2028.5736,2029.8056,450.0,93.542,9.672,9.586,14.188
2462001.500,2462081.500,2028.6283,2028.8474,80.0,1837.924,42.871,42.852,76.228
2462001.500,2462091.500,2028.6283,2028.8747,90.0,1317.499,36.297,36.275,63.365
2462001.500,2462101.500,2028.6283,2028.9021,100.0,960.692,30.995,30.969,53.071
2462001.500,2462111.500,2028.6283,2028.9295,110.0,708.826,26.624,26.593,44.670
2462001.500,2462121.500,2028.6283,2028.9569,120.0,526.986,22.956,22.920,37.711
2462001.500,2462131.500,2028.6283,2028.9843,130.0,393.401,19.834,19.793,31.882
2462001.500,2462141.500,2028.6283,2029.0116,140.0,293.970,17.146,17.098,26.961
2462001.500,2462151.500,2028.6283,2029.0390,150.0,219.255,14.807,14.752,22.787
2462001.500,2462161.500,2028.6283,2029.0664,160.0,162.770,12.758,12.693,19.241
2462001.500,2462171.500,2028.6283,2029.0938,170.0,119.949,10.952,10.877,16.233
2462001.500,2462181.500,2028.6283,2029.1211,180.0,87.512,9.355,9.266,13.695
2462001.500,2462191.500,2028.6283,2029.1485,190.0,63.059,7.941,7.836,11.574
2462001.500,2462201.500,2028.6283,2029.1759,200.0,44.810,6.694,6.570,9.829
2462001.500,2462211.500,2028.6283,2029.2033,210.0,31.424,5.606,5.456,8.428
2462001.500,2462221.500,2028.6283,2029.2307,220.0,21.876,4.677,4.497,7.344
2462001.500,2462231.500,2028.6283,2029.2580,230.0,15.379,3.922,3.705,6.555
2462001.500,2462241.500,2028.6283,2029.2854,240.0,11.319,3.364,3.109,6.035
2462001.500,2462251.500,2028.6283,2029.3128,250.0,9.213,3.035,2.749,5.756
2462001.500,2462261.500,2028.6283,2029.3402,260.0,8.680,2.946,2.650,5.684
2462001.500,2462271.500,2028.6283,2029.3676,270.0,9.414,3.068,2.786,5.783
2462001.500,2462281.500,2028.6283,2029.3949,280.0,11.173,3.343,3.085,6.016
2462001.500,2462291.500,2028.6283,2029.4223,290.0,13.758,3.709,3.479,6.350
2462001.500,2462301.500,2028.6283,2029.4497,300.0,17.009,4.124,3.918,6.757
2462001.500,2462311.500,2028.6283,2029.4771,310.0,20.795,4.560,4.375,7.216
2462001.500,2462321.500,2028.6283,2029.5044,320.0,25.011,5.001,4.833,7.709
2462001.500,2462331.500,2028.6283,2029.5318,330.0,29.567,5.438,5.283,8.223
2462001.500,2462341.500,2028.6283,2029.5592,340.0,34.392,5.864,5.721,8.749
2462001.500,2462351.500,2028.6283,2029.5866,350.0,39.426,6.279,6.146,9.279
2462001.500,2462361.500,2028.6283,2029.6140,360.0,44.619,6.680,6.554,9.809
2462001.500,2462371.500,2028.6283,2029.6413,370.0,49.929,7.066,6.948,10.335
2462001.500,2462381.500,2028.6283,2029.6687,380.0,55.323,7.438,7.326,10.853
2462001.500,2462391.500,2028.6283,2029.6961,390.0,60.772,7.796,7.689,11.363
2462001.500,2462401.500,2028.6283,2029.7235,400.0,66.253,8.140,8.037,11.863
2462001.500,2462411.500,2028.6283,2029.7509,410.0,71.745,8.470,8.372,12.352
2462001.500,2462421.500,2028.6283,2029.7782,420.0,77.233,8.788,8.693,12.829
2462001.500,2462431.500,2028.6283,2029.8056,430.0,82.702,9.094,9.002,13.294
2462001.500,2462441.500,2028.6283,2029.8330,440.0,88.142,9.388,9.300,13.747
2462001.500,2462451.500,2028.6283,2029.8604,450.0,93.542,9.672,9.586,14.188
2462021.500,2462101.500,2028.6831,2028.9021,80.0,1837.923,42.871,42.852,76.228
2462021.500,2462111.500,2028.6831,2028.9295,90.0,1317.498,36.297,36.275,63.365
2462021.500,2462121.500,2028.6831,2028.9569,100.0,960.691,30.995,30.969,53.071
2462021.500,2462131.500,2028.6831,2028.9843,110.0,708.826,26.624,26.593,44.670
2462021.500,2462141.500,2028.6831,2029.0116,120.0,526.985,22.956,22.920,37.711
2462021.500,2462151.500,2028.6831,2029.0390,130.0,393.401,19.834,19.793,31.881
2462021.500,2462161.500,2028.6831,2029.0664,140.0,293.969,17.146,17.098,26.961
2462021.500,2462171.500,2028.6831,2029.0938,150.0,219.254,14.807,14.752,22.787
2462021.500,2462181.500,2028.6831,2029.1211,160.0,162.770,12.758,12.693,19.241
2462021.500,2462191.500,2028.6831,2029.1485,170.0,119.949,10.952,10.877,16.233
2462021.500,2462201.500,2028.6831,2029.1759,180.0,87.511,9.355,9.266,13.695
2462021.500,2462211.500,2028.6831,2029.2033,190.0,63.059,7.941,7.836,11.574
2462021.500,2462221.500,2028.6831,2029.2307,200.0,44.810,6.694,6.570,9.829
2462021.500,2462231.500,2028.6831,2029.2580,210.0,31.424,5.606,5.456,8.428
2462021.500,2462241.500,2028.6831,2029.2854,220.0,21.876,4.677,4.497,7.344
2462021.500,2462251.500,2028.6831,2029.3128,230.0,15.379,3.922,3.705,6.555
2462021.500,2462261.500,2028.6831,2029.3402,240.0,11.319,3.364,3.109,6.035
2462021.500,2462271.500,2028.6831,2029.3676,250.0,9.213,3.035,2.749,5.756
2462021.500,2462281.500,2028.6831,2029.3949,260.0,8.680,2.946,2.650,5.684
2462021.500,2462291.500,2028.6831,2029.4223,270.0,9.414,3.068,2.786,5.783
2462021.500,2462301.500,2028.6831,2029.4497,280.0,11.173,3.343,3.085,6.016
2462021.500,2462311.500,2028.6831,2029.4771,290.0,13.758,3.709,3.479,6.350
2462021.500,2462321.500,2028.6831,2029.5044,300.0,17.009,4.124,3.918,6.757
2462021.500,2462331.500,2028.6831,2029.5318,310.0,20.795,4.560,4.375,7.216
2462021.500,2462341.500,2028.6831,2029.5592,320.0,25.011,5.001,4.833,7.709
2462021.500,2462351.500,2028.6831,2029.5866,330.0,29.568,5.438,5.283,8.223
2462021.500,2462361.500,2028.6831,2029.6140,340.0,34.392,5.865,5.722,8.749
2462021.500,2462371.500,2028.6831,2029.6413,350.0,39.426,6.279,6.146,9.279
2462021.500,2462381.500,2028.6831,2029.6687,360.0,44.619,6.680,6.555,9.809
2462021.500,2462391.500,2028.6831,2029.6961,370.0,49.929,7.066,6.948,10.335
2462021.500,2462401.500,2028.6831,2029.7235,380.0,55.323,7.438,7.326,10.853
2462021.500,2462411.500,2028.6831,2029.7509,390.0,60.772,7.796,7.689,11.363
2462021.500,2462421.500,2028.6831,2029.7782,400.0,66.253,8.140,8.037,11.863
2462021.500,2462431.500,2028.6831,2029.8056,410.0,71.745,8.470,8.372,12.352
2462021.500,2462441.500,2028.6831,2029.8330,420.0,77.233,8.788,8.693,12.829
2462021.500,2462451.500,2028.6831,2029.8604,430.0,82.702,9.094,9.002,13.294
2462021.500,2462461.500,2028.6831,2029.8877,440.0,88.142,9.388,9.300,13.747
2462021.500,2462471.500,2028.6831,2029.9151,450.0,93.543,9.672,9.586,14.188
2462041.500,2462121.500,2028.7379,2028.9569,80.0,1837.922,42.871,42.852,76.228
2462041.500,2462131.500,2028.7379,2028.9843,90.0,1317.497,36.297,36.275,63.364
2462041.500,2462141.500,2028.7379,2029.0116,100.0,960.690,30.995,30.969,53.071
2462041.500,2462151.500,2028.7379,2029.0390,110.0,708.825,26.624,26.593,44.670
2462041.500,2462161.500,2028.7379,2029.0664,120.0,526.984,22.956,22.920,37.711
2462041.500,2462171.500,2028.7379,2029.0938,130.0,393.400,19.834,19.793,31.881
2462041.500,2462181.500,2028.7379,2029.1211,140.0,293.968,17.146,17.098,26.961
2462041.500,2462191.500,2028.7379,2029.1485,150.0,219.254,14.807,14.752,22.787
2462041.500,2462201.500,2028.7379,2029.1759,160.0,162.769,12.758,12.693,19.241
2462041.500,2462211.500,2028.7379,2029.2033,170.0,119.948,10.952,10.877,16.233
2462041.500,2462221.500,2028.7379,2029.2307,180.0,87.511,9.355,9.266,13.695
2462041.500,2462231.500,2028.7379,2029.2580,190.0,63.059,7.941,7.836,11.574
2462041.500,2462241.500,2028.7379,2029.2854,200.0,44.810,6.694,6.570,9.829
2462041.500,2462251.500,2028.7379,2029.3128,210.0,31.423,5.606,5.456,8.428
2462041.500,2462261.500,2028.7379,2029.3402,220.0,21.876,4.677,4.497,7.344
2462041.500,2462271.500,2028.7379,2029.3676,230.0,15.379,3.922,3.705,6.555
2462041.500,2462281.500,2028.7379,2029.3949,240.0,11.319,3.364,3.109,6.035
2462041.500,2462291.500,2028.7379,2029.4223,250.0,9.213,3.035,2.749,5.756
2462041.500,2462301.500,2028.7379,2029.4497,260.0,8.680,2.946,2.650,5.684
2462041.500,2462311.500,2028.7379,2029.4771,270.0,9.414,3.068,2.786,5.783
2462041.500,2462321.500,2028.7379,2029.5044,280.0,11.173,3.343,3.085,6.016
2462041.500,2462331.500,2028.7379,2029.5318,290.0,13.758,3.709,3.479,6.350
2462041.500,2462341.500,2028.7379,2029.5592,300.0,17.009,4.124,3.918,6.757
2462041.500,2462351.500,2028.7379,2029.5866,310.0,20.796,4.560,4.375,7.216
2462041.500,2462361.500,2028.7379,2029.6140,320.0,25.011,5.001,4.833,7.709
2462041.500,2462371.500,2028.7379,2029.6413,330.0,29.568,5.438,5.283,8.223
2462041.500,2462381.500,2028.7379,2029.6687,340.0,34.393,5.865,5.722,8.749
2462041.500,2462391.500,2028.7379,2029.6961,350.0,39.426,6.279,6.146,9.279
2462041.500,2462401.500,2028.7379,2029.7235,360.0,44.619,6.680,6.555,9.809
2462041.500,2462411.500,2028.7379,2029.7509,370.0,49.929,7.066,6.948,10.335
2462041.500,2462421.500,2028.7379,2029.7782,380.0,55.323,7.438,7.326,10.854
2462041.500,2462431.500,2028.7379,2029.8056,390.0,60.773,7.796,7.689,11.363
2462041.500,2462441.500,2028.7379,2029.8330,400.0,66.253,8.140,8.037,11.863
2462041.500,2462451.500,2028.7379,2029.8604,410.0,71.746,8.470,8.372,12.352
2462041.500,2462461.500,2028.7379,2029.8877,420.0,77.233,8.788,8.693,12.829
2462041.500,2462471.500,2028.7379,2029.9151,430.0,82.702,9.094,9.002,13.294
2462041.500,2462481.500,2028.7379,2029.9425,440.0,88.142,9.388,9.300,13.747
2462041.500,2462491.500,2028.7379,2029.9699,450.0,93.543,9.672,9.586,14.188
2462061.500,2462141.500,2028.7926,2029.0116,80.0,1837.920,42.871,42.852,76.228
2462061.500,2462151.500,2028.7926,2029.0390,90.0,1317.495,36.297,36.275,63.364
2462061.500,2462161.500,2028.7926,2029.0664,100.0,960.689,30.995,30.969,53.071
2462061.500,2462171.500,2028.7926,2029.0938,110.0,708.824,26.624,26.593,44.670
2462061.500,2462181.500,2028.7926,2029.1211,120.0,526.984,22.956,22.920,37.711
2462061.500,2462191.500,2028.7926,2029.1485,130.0,393.399,19.834,19.793,31.881
2462061.500,2462201.500,2028.7926,2029.1759,140.0,293.968,17.145,17.098,26.961
2462061.500,2462211.500,2028.7926,2029.2033,150.0,219.254,14.807,14.752,22.787
2462061.500,2462221.500,2028.7926,2029.2307,160.0,162.769,12.758,12.693,19.241
2462061.500,2462231.500,2028.7926,2029.2580,170.0,119.948,10.952,10.877,16.233
2462061.500,2462241.500,2028.7926,2029.2854,180.0,87.511,9.355,9.266,13.695
2462061.500,2462251.500,2028.7926,2029.3128,190.0,63.058,7.941,7.836,11.574
2462061.500,2462261.500,2028.7926,2029.3402,200.0,44.810,6.694,6.570,9.829
2462061.500,2462271.500,2028.7926,2029.3676,210.0,31.423,5.606,5.456,8.428
2462061.500,2462281.500,2028.7926,2029.3949,220.0,21.876,4.677,4.497,7.344
2462061.500,2462291.500,2028.7926,2029.4223,230.0,15.379,3.922,3.705,6.555
2462061.500,2462301.500,2028.7926,2029.4497,240.0,11.319,3.364,3.109,6.035
2462061.500,2462311.500,2028.7926,2029.4771,250.0,9.213,3.035,2.749,5.756
2462061.500,2462321.500,2028.7926,2029.5044,260.0,8.680,2.946,2.650,5.684
2462061.500,2462331.500,2028.7926,2029.5318,270.0,9.414,3.068,2.786,5.783
2462061.500,2462341.500,2028.7926,2029.5592,280.0,11.173,3.343,3.085,6.016
2462061.500,2462351.500,2028.7926,2029.5866,290.0,13.758,3.709,3.479,6.350
2462061.500,2462361.500,2028.7926,2029.6140,300.0,17.009,4.124,3.918,6.757
2462061.500,2462371.500,2028.7926,2029.6413,310.0,20.796,4.560,4.375,7.216
2462061.500,2462381.500,2028.7926,2029.6687,320.0,25.011,5.001,4.833,7.709
2462061.500,2462391.500,2028.7926,2029.6961,330.0,29.568,5.438,5.283,8.223
2462061.500,2462401.500,2028.7926,2029.7235,340.0,34.393,5.865,5.722,8.749
2462061.500,2462411.500,2028.7926,2029.7509,350.0,39.426,6.279,6.146,9.279
2462061.500,2462421.500,2028.7926,2029.7782,360.0,44.619,6.680,6.555,9.809
2462061.500,2462431.500,2028.7926,2029.8056,370.0,49.930,7.066,6.948,10.335
2462061.500,2462441.500,2028.7926,2029.8330,380.0,55.324,7.438,7.326,10.854
2462061.500,2462451.500,2028.7926,2029.8604,390.0,60.773,7.796,7.689,11.363
2462061.500,2462461.500,2028.7926,2029.8877,400.0,66.254,8.140,8.037,11.863
2462061.500,2462471.500,2028.7926,2029.9151,410.0,71.746,8.470,8.372,12.352
2462061.500,2462481.500,2028.7926,2029.9425,420.0,77.233,8.788,8.693,12.829
2462061.500,2462491.500,2028.7926,2029.9699,430.0,82.703,9.094,9.002,13.294
2462061.500,2462501.500,2028.7926,2029.9973,440.0,88.142,9.388,9.300,13.747
2462061.500,2462511.500,2028.7926,2030.0246,450.0,93.543,9.672,9.586,14.188
2462081.500,2462161.500,2028.8474,2029.0664,80.0,1837.919,42.871,42.852,76.228
2462081.500,2462171.500,2028.8474,2029.0938,90.0,1317.494,36.297,36.275,63.364
2462081.500,2462181.500,2028.8474,2029.1211,100.0,960.688,30.995,30.969,53.071
2462081.500,2462191.500,2028.8474,2029.1485,110.0,708.823,26.624,26.593,44.670
2462081.500,2462201.500,2028.8474,2029.1759,120.0,526.983,22.956,22.920,37.711
2462081.500,2462211.500,2028.8474,2029.2033,130.0,393.399,19.834,19.793,31.881
2462081.500,2462221.500,2028.8474,2029.2307,140.0,293.967,17.145,17.097,26.961
2462081.500,2462231.500,2028.8474,2029.2580,150.0,219.253,14.807,14.752,22.787
2462081.500,2462241.500,2028.8474,2029.2854,160.0,162.769,12.758,12.693,19.241
2462081.500,2462251.500,2028.8474,2029.3128,170.0,119.948,10.952,10.877,16.233
2462081.500,2462261.500,2028.8474,2029.3402,180.0,87.510,9.355,9.266,13.695
2462081.500,2462271.500,2028.8474,2029.3676,190.0,63.058,7.941,7.836,11.574
2462081.500,2462281.500,2028.8474,2029.3949,200.0,44.810,6.694,6.570,9.829
2462081.500,2462291.500,2028.8474,2029.4223,210.0,31.423,5.606,5.456,8.427
2462081.500,2462301.500,2028.8474,2029.4497,220.0,21.876,4.677,4.497,7.344
2462081.500,2462311.500,2028.8474,2029.4771,230.0,15.379,3.922,3.705,6.555
2462081.500,2462321.500,2028.8474,2029.5044,240.0,11.319,3.364,3.109,6.035
2462081.500,2462331.500,2028.8474,2029.5318,250.0,9.213,3.035,2.749,5.756
2462081.500,2462341.500,2028.8474,2029.5592,260.0,8.680,2.946,2.650,5.684
2462081.500,2462351.500,2028.8474,2029.5866,270.0,9.414,3.068,2.786,5.783
2462081.500,2462361.500,2028.8474,2029.6140,280.0,11.173,3.343,3.085,6.016
2462081.500,2462371.500,2028.8474,2029.6413,290.0,13.758,3.709,3.479,6.350
2462081.500,2462381.500,2028.8474,2029.6687,300.0,17.009,4.124,3.918,6.757
2462081.500,2462391.500,2028.8474,2029.6961,310.0,20.796,4.560,4.375,7.216
2462081.500,2462401.500,2028.8474,2029.7235,320.0,25.011,5.001,4.833,7.709
2462081.500,2462411.500,2028.8474,2029.7509,330.0,29.568,5.438,5.283,8.223
2462081.500,2462421.500,2028.8474,2029.7782,340.0,34.393,5.865,5.722,8.749
2462081.500,2462431.500,2028.8474,2029.8056,350.0,39.427,6.279,6.146,9.279
2462081.500,2462441.500,2028.8474,2029.8330,360.0,44.619,6.680,6.555,9.809
2462081.500,2462451.500,2028.8474,2029.8604,370.0,49.930,7.066,6.948,10.335
2462081.500,2462461.500,2028.8474,2029.8877,380.0,55.324,7.438,7.326,10.854
2462081.500,2462471.500,2028.8474,2029.9151,390.0,60.773,7.796,7.689,11.363
2462081.500,2462481.500,2028.8474,2029.9425,400.0,66.254,8.140,8.037,11.863
2462081.500,2462491.500,2028.8474,2029.9699,410.0,71.746,8.470,8.372,12.352
2462081.500,2462501.500,2028.8474,2029.9973,420.0,77.234,8.788,8.693,12.829
2462081.500,2462511.500,2028.8474,2030.0246,430.0,82.703,9.094,9.002,13.294
2462081.500,2462521.500,2028.8474,2030.0520,440.0,88.143,9.388,9.300,13.747
2462081.500,2462531.500,2028.8474,2030.0794,450.0,93.544,9.672,9.586,14.188
2462101.500,2462181.500,2028.9021,2029.1211,80.0,1837.917,42.871,42.852,76.228
2462101.500,2462191.500,2028.9021,2029.1485,90.0,1317.493,36.297,36.275,63.364
2462101.500,2462201.500,2028.9021,2029.1759,100.0,960.687,30.995,30.969,53.071
2462101.500,2462211.500,2028.9021,2029.2033,110.0,708.822,26.624,26.593,44.670
2462101.500,2462221.500,2028.9021,2029.2307,120.0,526.982,22.956,22.920,37.711
2462101.500,2462231.500,2028.9021,2029.2580,130.0,393.398,19.834,19.793,31.881
2462101.500,2462241.500,2028.9021,2029.2854,140.0,293.967,17.145,17.097,26.961
2462101.500,2462251.500,2028.9021,2029.3128,150.0,219.253,14.807,14.752,22.787
2462101.500,2462261.500,2028.9021,2029.3402,160.0,162.768,12.758,12.693,19.241
2462101.500,2462271.500,2028.9021,2029.3676,170.0,119.947,10.952,10.877,16.233
2462101.500,2462281.500,2028.9021,2029.3949,180.0,87.510,9.355,9.266,13.695
2462101.500,2462291.500,2028.9021,2029.4223,190.0,63.058,7.941,7.836,11.574
2462101.500,2462301.500,2028.9021,2029.4497,200.0,44.809,6.694,6.570,9.829
2462101.500,2462311.500,2028.9021,2029.4771,210.0,31.423,5.606,5.456,8.427
2462101.500,2462321.500,2028.9021,2029.5044,220.0,21.876,4.677,4.497,7.344
2462101.500,2462331.500,2028.9021,2029.5318,230.0,15.379,3.922,3.705,6.555
2462101.500,2462341.500,2028.9021,2029.5592,240.0,11.319,3.364,3.109,6.035
2462101.500,2462351.500,2028.9021,2029.5866,250.0,9.213,3.035,2.749,5.756
2462101.500,2462361.500,2028.9021,2029.6140,260.0,8.680,2.946,2.650,5.684
2462101.500,2462371.500,2028.9021,2029.6413,270.0,9.414,3.068,2.786,5.783
2462101.500,2462381.500,2028.9021,2029.6687,280.0,11.173,3.343,3.085,6.016
2462101.500,2462391.500,2028.9021,2029.6961,290.0,13.758,3.709,3.479,6.350
2462101.500,2462401.500,2028.9021,2029.7235,300.0,17.009,4.124,3.918,6.757
2462101.500,2462411.500,2028.9021,2029.7509,310.0,20.796,4.560,4.375,7.216
2462101.500,2462421.500,2028.9021,2029.7782,320.0,25.012,5.001,4.833,7.709
2462101.500,2462431.500,2028.9021,2029.8056,330.0,29.568,5.438,5.283,8.223
2462101.500,2462441.500,2028.9021,2029.8330,340.0,34.393,5.865,5.722,8.749
2462101.500,2462451.500,2028.9021,2029.8604,350.0,39.427,6.279,6.146,9.279
2462101.500,2462461.500,2028.9021,2029.8877,360.0,44.620,6.680,6.555,9.809
2462101.500,2462471.500,2028.9021,2029.9151,370.0,49.930,7.066,6.948,10.335
2462101.500,2462481.500,2028.9021,2029.9425,380.0,55.324,7.438,7.326,10.854
2462101.500,2462491.500,2028.9021,2029.9699,390.0,60.773,7.796,7.689,11.363
2462101.500,2462501.500,2028.9021,2029.9973,400.0,66.254,8.140,8.037,11.863
2462101.500,2462511.500,2028.9021,2030.0246,410.0,71.746,8.470,8.372,12.352
2462101.500,2462521.500,2028.9021,2030.0520,420.0,77.234,8.788,8.693,12.829
2462101.500,2462531.500,2028.9021,2030.0794,430.0,82.703,9.094,9.002,13.294
2462101.500,2462541.500,2028.9021,2030.1068,440.0,88.143,9.388,9.300,13.747
2462101.500,2462551.500,2028.9021,2030.1342,450.0,93.544,9.672,9.586,14.188
2462121.500,2462201.500,2028.9569,2029.1759,80.0,1837.916,42.871,42.852,76.228
2462121.500,2462211.500,2028.9569,2029.2033,90.0,1317.492,36.297,36.275,63.364
2462121.500,2462221.500,2028.9569,2029.2307,100.0,960.686,30.995,30.969,53.071
2462121.500,2462231.500,2028.9569,2029.2580,110.0,708.821,26.624,26.593,44.670
2462121.500,2462241.500,2028.9569,2029.2854,120.0,526.981,22.956,22.920,37.711
2462121.500,2462251.500,2028.9569,2029.3128,130.0,393.398,19.834,19.793,31.881
2462121.500,2462261.500,2028.9569,2029.3402,140.0,293.966,17.145,17.097,26.961
2462121.500,2462271.500,2028.9569,2029.3676,150.0,219.252,14.807,14.752,22.787
2462121.500,2462281.500,2028.9569,2029.3949,160.0,162.768,12.758,12.693,19.241
2462121.500,2462291.500,2028.9569,2029.4223,170.0,119.947,10.952,10.877,16.233
2462121.500,2462301.500,2028.9569,2029.4497,180.0,87.510,9.355,9.266,13.695
2462121.500,2462311.500,2028.9569,2029.4771,190.0,63.058,7.941,7.836,11.574
2462121.500,2462321.500,2028.9569,2029.5044,200.0,44.809,6.694,6.570,9.829
2462121.500,2462331.500,2028.9569,2029.5318,210.0,31.423,5.606,5.456,8.427
2462121.500,2462341.500,2028.9569,2029.5592,220.0,21.875,4.677,4.497,7.344
2462121.500,2462351.500,2028.9569,2029.5866,230.0,15.379,3.922,3.705,6.555
2462121.500,2462361.500,2028.9569,2029.6140,240.0,11.319,3.364,3.109,6.035
2462121.500,2462371.500,2028.9569,2029.6413,250.0,9.213,3.035,2.749,5.756
2462121.500,2462381.500,2028.9569,2029.6687,260.0,8.680,2.946,2.650,5.684
2462121.500,2462391.500,2028.9569,2029.6961,270.0,9.414,3.068,2.786,5.783
2462121.500,2462401.500,2028.9569,2029.7235,280.0,11.173,3.343,3.085,6.016
2462121.500,2462411.500,2028.9569,2029.7509,290.0,13.758,3.709,3.479,6.350
2462121.500,2462421.500,2028.9569,2029.7782,300.0,17.009,4.124,3.918,6.757
2462121.500,2462431.500,2028.9569,2029.8056,310.0,20.796,4.560,4.375,7.216
2462121.500,2462441.500,2028.9569,2029.8330,320.0,25.012,5.001,4.833,7.709
2462121.500,2462451.500,2028.9569,2029.8604,330.0,29.568,5.438,5.283,8.223
2462121.500,2462461.500,2028.9569,2029.8877,340.0,34.393,5.865,5.722,8.749
2462121.500,2462471.500,2028.9569,2029.9151,350.0,39.427,6.279,6.146,9.279
2462121.500,2462481.500,2028.9569,2029.9425,360.0,44.620,6.680,6.555,9.809
2462121.500,2462491.500,2028.9569,2029.9699,370.0,49.930,7.066,6.948,10.335
2462121.500,2462501.500,2028.9569,2029.9973,380.0,55.324,7.438,7.326,10.854
2462121.500,2462511.500,2028.9569,2030.0246,390.0,60.774,7.796,7.689,11.363
2462121.500,2462521.500,2028.9569,2030.0520,400.0,66.254,8.140,8.037,11.863
2462121.500,2462531.500,2028.9569,2030.0794,410.0,71.747,8.470,8.372,12.352
2462121.500,2462541.500,2028.9569,2030.1068,420.0,77.234,8.788,8.693,12.829
2462121.500,2462551.500,2028.9569,2030.1342,430.0,82.704,9.094,9.003,13.294
2462121.500,2462561.500,2028.9569,2030.1615,440.0,88.143,9.388,9.300,13.747
2462121.500,2462571.500,2028.9569,2030.1889,450.0,93.544,9.672,9.586,14.188
2462141.500,2462221.500,2029.0116,2029.2307,80.0,1837.914,42.871,42.852,76.228
2462141.500,2462231.500,2029.0116,2029.2580,90.0,1317.490,36.297,36.275,63.364
2462141.500,2462241.500,2029.0116,2029.2854,100.0,960.685,30.995,30.969,53.071
2462141.500,2462251.500,2029.0116,2029.3128,110.0,708.820,26.624,26.593,44.670
2462141.500,2462261.500,2029.0116,2029.3402,120.0,526.981,22.956,22.920,37.711
2462141.500,2462271.500,2029.0116,2029.3676,130.0,393.397,19.834,19.793,31.881
2462141.500,2462281.500,2029.0116,2029.3949,140.0,293.966,17.145,17.097,26.961
2462141.500,2462291.500,2029.0116,2029.4223,150.0,219.252,14.807,14.752,22.787
2462141.500,2462301.500,2029.0116,2029.4497,160.0,162.767,12.758,12.693,19.241
2462141.500,2462311.500,2029.0116,2029.4771,170.0,119.947,10.952,10.877,16.233
2462141.500,2462321.500,2029.0116,2029.5044,180.0,87.509,9.355,9.266,13.695
2462141.500,2462331.500,2029.0116,2029.5318,190.0,63.057,7.941,7.836,11.574
2462141.500,2462341.500,2029.0116,2029.5592,200.0,44.809,6.694,6.570,9.829
2462141.500,2462351.500,2029.0116,2029.5866,210.0,31.423,5.606,5.456,8.427
2462141.500,2462361.500,2029.0116,2029.6140,220.0,21.875,4.677,4.497,7.344
2462141.500,2462371.500,2029.0116,2029.6413,230.0,15.379,3.922,3.705,6.555
2462141.500,2462381.500,2029.0116,2029.6687,240.0,11.318,3.364,3.109,6.035
2462141.500,2462391.500,2029.0116,2029.6961,250.0,9.213,3.035,2.749,5.756
2462141.500,2462401.500,2029.0116,2029.7235,260.0,8.680,2.946,2.650,5.684
2462141.500,2462411.500,2029.0116,2029.7509,270.0,9.414,3.068,2.786,5.783
2462141.500,2462421.500,2029.0116,2029.7782,280.0,11.173,3.343,3.085,6.016
2462141.500,2462431.500,2029.0116,2029.8056,290.0,13.758,3.709,3.479,6.350
2462141.500,2462441.500,2029.0116,2029.8330,300.0,17.009,4.124,3.918,6.757
2462141.500,2462451.500,2029.0116,2029.8604,310.0,20.796,4.560,4.375,7.216
2462141.500,2462461.500,2029.0116,2029.8877,320.0,25.012,5.001,4.833,7.709
2462141.500,2462471.500,2029.0116,2029.9151,330.0,29.568,5.438,5.283,8.223
2462141.500,2462481.500,2029.0116,2029.9425,340.0,34.394,5.865,5.722,8.749
2462141.500,2462491.500,2029.0116,2029.9699,350.0,39.427,6.279,6.146,9.279
2462141.500,2462501.500,2029.0116,2029.9973,360.0,44.620,6.680,6.555,9.809
2462141.500,2462511.500,2029.0116,2030.0246,370.0,49.930,7.066,6.948,10.335
2462141.500,2462521.500,2029.0116,2030.0520,380.0,55.325,7.438,7.326,10.854
2462141.500,2462531.500,2029.0116,2030.0794,390.0,60.774,7.796,7.689,11.363
2462141.500,2462541.500,2029.0116,2030.1068,400.0,66.255,8.140,8.037,11.863
2462141.500,2462551.500,2029.0116,2030.1342,410.0,71.747,8.470,8.372,12.352
2462141.500,2462561.500,2029.0116,2030.1615,420.0,77.235,8.788,8.693,12.829
2462141.500,2462571.500,2029.0116,2030.1889,430.0,82.704,9.094,9.003,13.294
2462141.500,2462581.500,2029.0116,2030.2163,440.0,88.144,9.388,9.300,13.747
2462141.500,2462591.500,2029.0116,2030.2437,450.0,93.544,9.672,9.586,14.188
2462161.500,2462241.500,2029.0664,2029.2854,80.0,1837.913,42.871,42.852,76.228
2462161.500,2462251.500,2029.0664,2029.3128,90.0,1317.489,36.297,36.275,63.364
2462161.500,2462261.500,2029.0664,2029.3402,100.0,960.684,30.995,30.969,53.071
2462161.500,2462271.500,2029.0664,2029.3676,110.0,708.819,26.624,26.593,44.670
2462161.500,2462281.500,2029.0664,2029.3949,120.0,526.980,22.956,22.920,37.711
2462161.500,2462291.500,2029.0664,2029.4223,130.0,393.396,19.834,19.793,31.881
2462161.500,2462301.500,2029.0664,2029.4497,140.0,293.965,17.145,17.097,26.961
2462161.500,2462311.500,2029.0664,2029.4771,150.0,219.251,14.807,14.752,22.787
2462161.500,2462321.500,2029.0664,2029.5044,160.0,162.767,12.758,12.693,19.241
2462161.500,2462331.500,2029.0664,2029.5318,170.0,119.946,10.952,10.877,16.233
2462161.500,2462341.500,2029.0664,2029.5592,180.0,87.509,9.355,9.266,13.695
2462161.500,2462351.500,2029.0664,2029.5866,190.0,63.057,7.941,7.836,11.574
2462161.500,2462361.500,2029.0664,2029.6140,200.0,44.809,6.694,6.570,9.829
2462161.500,2462371.500,2029.0664,2029.6413,210.0,31.422,5.606,5.456,8.427
2462161.500,2462381.500,2029.0664,2029.6687,220.0,21.875,4.677,4.497,7.344
2462161.500,2462391.500,2029.0664,2029.6961,230.0,15.379,3.922,3.705,6.555
2462161.500,2462401.500,2029.0664,2029.7235,240.0,11.318,3.364,3.109,6.035
2462161.500,2462411.500,2029.0664,2029.7509,250.0,9.213,3.035,2.749,5.756
2462161.500,2462421.500,2029.0664,2029.7782,260.0,8.680,2.946,2.650,5.684
2462161.500,2462431.500,2029.0664,2029.8056,270.0,9.415,3.068,2.786,5.783
2462161.500,2462441.500,2029.0664,2029.8330,280.0,11.173,3.343,3.085,6.016
2462161.500,2462451.500,2029.0664,2029.8604,290.0,13.758,3.709,3.479,6.350
2462161.500,2462461.500,2029.0664,2029.8877,300.0,17.009,4.124,3.918,6.757
2462161.500,2462471.500,2029.0664,2029.9151,310.0,20.796,4.560,4.375,7.216
2462161.500,2462481.500,2029.0664,2029.9425,320.0,25.012,5.001,4.833,7.709
2462161.500,2462491.500,2029.0664,2029.9699,330.0,29.569,5.438,5.283,8.223
2462161.500,2462501.500,2029.0664,2029.9973,340.0,34.394,5.865,5.722,8.749
2462161.500,2462511.500,2029.0664,2030.0246,350.0,39.427,6.279,6.146,9.279
2462161.500,2462521.500,2029.0664,2030.0520,360.0,44.620,6.680,6.555,9.809
2462161.500,2462531.500,2029.0664,2030.0794,370.0,49.931,7.066,6.948,10.335
2462161.500,2462541.500,2029.0664,2030.1068,380.0,55.325,7.438,7.326,10.854
2462161.500,2462551.500,2029.0664,2030.1342,390.0,60.774,7.796,7.689,11.364
2462161.500,2462561.500,2029.0664,2030.1615,400.0,66.255,8.140,8.037,11.863
2462161.500,2462571.500,2029.0664,2030.1889,410.0,71.747,8.470,8.372,12.352
2462161.500,2462581.500,2029.0664,2030.2163,420.0,77.235,8.788,8.693,12.829
2462161.500,2462591.500,2029.0664,2030.2437,430.0,82.704,9.094,9.003,13.294
2462161.500,2462601.500,2029.0664,2030.2710,440.0,88.144,9.388,9.300,13.747
2462161.500,2462611.500,2029.0664,2030.2984,450.0,93.545,9.672,9.586,14.188
2462181.500,2462261.500,2029.1211,2029.3402,80.0,1837.912,42.871,42.852,76.228
2462181.500,2462271.500,2029.1211,2029.3676,90.0,1317.488,36.297,36.275,63.364
2462181.500,2462281.500,2029.1211,2029.3949,100.0,960.682,30.995,30.969,53.071
2462181.500,2462291.500,2029.1211,2029.4223,110.0,708.818,26.624,26.593,44.670
2462181.500,2462301.500,2029.1211,2029.4497,120.0,526.979,22.956,22.920,37.711
2462181.500,2462311.500,2029.1211,2029.4771,130.0,393.396,19.834,19.793,31.881
2462181.500,2462321.500,2029.1211,2029.5044,140.0,293.965,17.145,17.097,26.960
2462181.500,2462331.500,2029.1211,2029.5318,150.0,219.251,14.807,14.752,22.787
2462181.500,2462341.500,2029.1211,2029.5592,160.0,162.766,12.758,12.693,19.241
2462181.500,2462351.500,2029.1211,2029.5866,170.0,119.946,10.952,10.877,16.233
2462181.500,2462361.500,2029.1211,2029.6140,180.0,87.509,9.355,9.266,13.695
2462181.500,2462371.500,2029.1211,2029.6413,190.0,63.057,7.941,7.836,11.574
2462181.500,2462381.500,2029.1211,2029.6687,200.0,44.809,6.694,6.569,9.829
2462181.500,2462391.500,2029.1211,2029.6961,210.0,31.422,5.606,5.456,8.427
2462181.500,2462401.500,2029.1211,2029.7235,220.0,21.875,4.677,4.497,7.344
2462181.500,2462411.500,2029.1211,2029.7509,230.0,15.378,3.922,3.705,6.555
2462181.500,2462421.500,2029.1211,2029.7782,240.0,11.318,3.364,3.109,6.035
2462181.500,2462431.500,2029.1211,2029.8056,250.0,9.213,3.035,2.749,5.756
2462181.500,2462441.500,2029.1211,2029.8330,260.0,8.680,2.946,2.650,5.684
2462181.500,2462451.500,2029.1211,2029.8604,270.0,9.415,3.068,2.786,5.783
2462181.500,2462461.500,2029.1211,2029.8877,280.0,11.173,3.343,3.085,6.016
2462181.500,2462471.500,2029.1211,2029.9151,290.0,13.758,3.709,3.479,6.350
2462181.500,2462481.500,2029.1211,2029.9425,300.0,17.009,4.124,3.918,6.757
2462181.500,2462491.500,2029.1211,2029.9699,310.0,20.796,4.560,4.375,7.216
2462181.500,2462501.500,2029.1211,2029.9973,320.0,25.012,5.001,4.833,7.709
2462181.500,2462511.500,2029.1211,2030.0246,330.0,29.569,5.438,5.283,8.223
2462181.500,2462521.500,2029.1211,2030.0520,340.0,34.394,5.865,5.722,8.749
2462181.500,2462531.500,2029.1211,2030.0794,350.0,39.428,6.279,6.146,9.279
2462181.500,2462541.500,2029.1211,2030.1068,360.0,44.620,6.680,6.555,9.809
2462181.500,2462551.500,2029.1211,2030.1342,370.0,49.931,7.066,6.948,10.335
2462181.500,2462561.500,2029.1211,2030.1615,380.0,55.325,7.438,7.326,10.854
2462181.500,2462571.500,2029.1211,2030.1889,390.0,60.774,7.796,7.689,11.364
2462181.500,2462581.500,2029.1211,2030.2163,400.0,66.255,8.140,8.037,11.863
2462181.500,2462591.500,2029.1211,2030.2437,410.0,71.747,8.470,8.372,12.352
2462181.500,2462601.500,2029.1211,2030.2710,420.0,77.235,8.788,8.693,12.829
2462181.500,2462611.500,2029.1211,2030.2984,430.0,82.704,9.094,9.003,13.294
2462181.500,2462621.500,2029.1211,2030.3258,440.0,88.144,9.389,9.300,13.747
2462181.500,2462631.500,2029.1211,2030.3532,450.0,93.545,9.672,9.586,14.188
2462201.500,2462281.500,2029.1759,2029.3949,80.0,1837.910,42.871,42.852,76.228
2462201.500,2462291.500,2029.1759,2029.4223,90.0,1317.487,36.297,36.275,63.364
2462201.500,2462301.500,2029.1759,2029.4497,100.0,960.681,30.995,30.969,53.071
2462201.500,2462311.500,2029.1759,2029.4771,110.0,708.818,26.624,26.593,44.670
2462201.500,2462321.500,2029.1759,2029.5044,120.0,526.978,22.956,22.920,37.711
2462201.500,2462331.500,2029.1759,2029.5318,130.0,393.395,19.834,19.793,31.881
2462201.500,2462341.500,2029.1759,2029.5592,140.0,293.964,17.145,17.097,26.960
2462201.500,2462351.500,2029.1759,2029.5866,150.0,219.250,14.807,14.752,22.787
2462201.500,2462361.500,2029.1759,2029.6140,160.0,162.766,12.758,12.693,19.241
2462201.500,2462371.500,2029.1759,2029.6413,170.0,119.946,10.952,10.877,16.233
2462201.500,2462381.500,2029.1759,2029.6687,180.0,87.509,9.355,9.266,13.695
2462201.500,2462391.500,2029.1759,2029.6961,190.0,63.057,7.941,7.836,11.574
2462201.500,2462401.500,2029.1759,2029.7235,200.0,44.808,6.694,6.569,9.829
2462201.500,2462411.500,2029.1759,2029.7509,210.0,31.422,5.606,5.456,8.427
2462201.500,2462421.500,2029.1759,2029.7782,220.0,21.875,4.677,4.497,7.344
2462201.500,2462431.500,2029.1759,2029.8056,230.0,15.378,3.922,3.705,6.555
2462201.500,2462441.500,2029.1759,2029.8330,240.0,11.318,3.364,3.109,6.035
2462201.500,2462451.500,2029.1759,2029.8604,250.0,9.213,3.035,2.749,5.756
2462201.500,2462461.500,2029.1759,2029.8877,260.0,8.680,2.946,2.650,5.684
2462201.500,2462471.500,2029.1759,2029.9151,270.0,9.415,3.068,2.786,5.783
2462201.500,2462481.500,2029.1759,2029.9425,280.0,11.173,3.343,3.085,6.016
2462201.500,2462491.500,2029.1759,2029.9699,290.0,13.758,3.709,3.479,6.350
2462201.500,2462501.500,2029.1759,2029.9973,300.0,17.010,4.124,3.918,6.757
2462201.500,2462511.500,2029.1759,2030.0246,310.0,20.797,4.560,4.375,7.216
2462201.500,2462521.500,2029.1759,2030.0520,320.0,25.012,5.001,4.833,7.709
2462201.500,2462531.500,2029.1759,2030.0794,330.0,29.569,5.438,5.283,8.223
2462201.500,2462541.500,2029.1759,2030.1068,340.0,34.394,5.865,5.722,8.749
2462201.500,2462551.500,2029.1759,2030.1342,350.0,39.428,6.279,6.146,9.279
2462201.500,2462561.500,2029.1759,2030.1615,360.0,44.621,6.680,6.555,9.809
2462201.500,2462571.500,2029.1759,2030.1889,370.0,49.931,7.066,6.948,10.335
2462201.500,2462581.500,2029.1759,2030.2163,380.0,55.325,7.438,7.326,10.854
2462201.500,2462591.500,2029.1759,2030.2437,390.0,60.775,7.796,7.689,11.364
2462201.500,2462601.500,2029.1759,2030.2710,400.0,66.255,8.140,8.037,11.863
2462201.500,2462611.500,2029.1759,2030.2984,410.0,71.748,8.470,8.372,12.352
2462201.500,2462621.500,2029.1759,2030.3258,420.0,77.235,8.788,8.693,12.829
2462201.500,2462631.500,2029.1759,2030.3532,430.0,82.705,9.094,9.003,13.294
2462201.500,2462641.500,2029.1759,2030.3806,440.0,88.145,9.389,9.300,13.747
2462201.500,2462651.500,2029.1759,2030.4079,450.0,93.545,9.672,9.586,14.188
2462221.500,2462301.500,2029.2307,2029.4497,80.0,1837.909,42.871,42.852,76.228
2462221.500,2462311.500,2029.2307,2029.4771,90.0,1317.486,36.297,36.275,63.364
2462221.500,2462321.500,2029.2307,2029.5044,100.0,960.680,30.995,30.969,53.071
2462221.500,2462331.500,2029.2307,2029.5318,110.0,708.817,26.624,26.593,44.670
2462221.500,2462341.500,2029.2307,2029.5592,120.0,526.978,22.956,22.920,37.710
2462221.500,2462351.500,2029.2307,2029.5866,130.0,393.394,19.834,19.793,31.881
2462221.500,2462361.500,2029.2307,2029.6140,140.0,293.963,17.145,17.097,26.960
2462221.500,2462371.500,2029.2307,2029.6413,150.0,219.250,14.807,14.751,22.787
2462221.500,2462381.500,2029.2307,2029.6687,160.0,162.766,12.758,12.693,19.241
2462221.500,2462391.500,2029.2307,2029.6961,170.0,119.945,10.952,10.877,16.233
2462221.500,2462401.500,2029.2307,2029.7235,180.0,87.508,9.355,9.266,13.695
2462221.500,2462411.500,2029.2307,2029.7509,190.0,63.056,7.941,7.836,11.574
2462221.500,2462421.500,2029.2307,2029.7782,200.0,44.808,6.694,6.569,9.828
2462221.500,2462431.500,2029.2307,2029.8056,210.0,31.422,5.606,5.456,8.427
2462221.500,2462441.500,2029.2307,2029.8330,220.0,21.875,4.677,4.497,7.344
2462221.500,2462451.500,2029.2307,2029.8604,230.0,15.378,3.922,3.705,6.555
2462221.500,2462461.500,2029.2307,2029.8877,240.0,11.318,3.364,3.109,6.035
2462221.500,2462471.500,2029.2307,2029.9151,250.0,9.213,3.035,2.749,5.756
2462221.500,2462481.500,2029.2307,2029.9425,260.0,8.680,2.946,2.650,5.684
2462221.500,2462491.500,2029.2307,2029.9699,270.0,9.415,3.068,2.786,5.783
2462221.500,2462501.500,2029.2307,2029.9973,280.0,11.173,3.343,3.085,6.016
2462221.500,2462511.500,2029.2307,2030.0246,290.0,13.758,3.709,3.479,6.350
2462221.500,2462521.500,2029.2307,2030.0520,300.0,17.010,4.124,3.918,6.757
2462221.500,2462531.500,2029.2307,2030.0794,310.0,20.797,4.560,4.375,7.216
2462221.500,2462541.500,2029.2307,2030.1068,320.0,25.012,5.001,4.833,7.709
2462221.500,2462551.500,2029.2307,2030.1342,330.0,29.569,5.438,5.283,8.223
2462221.500,2462561.500,2029.2307,2030.1615,340.0,34.394,5.865,5.722,8.749
2462221.500,2462571.500,2029.2307,2030.1889,350.0,39.428,6.279,6.146,9.279
2462221.500,2462581.500,2029.2307,2030.2163,360.0,44.621,6.680,6.555,9.809
2462221.500,2462591.500,2029.2307,2030.2437,370.0,49.931,7.066,6.948,10.335
2462221.500,2462601.500,2029.2307,2030.2710,380.0,55.326,7.438,7.326,10.854
2462221.500,2462611.500,2029.2307,2030.2984,390.0,60.775,7.796,7.689,11.364
2462221.500,2462621.500,2029.2307,2030.3258,400.0,66.256,8.140,8.037,11.863
2462221.500,2462631.500,2029.2307,2030.3532,410.0,71.748,8.470,8.372,12.352
2462221.500,2462641.500,2029.2307,2030.3806,420.0,77.236,8.788,8.693,12.829
2462221.500,2462651.500,2029.2307,2030.4079,430.0,82.705,9.094,9.003,13.294
2462221.500,2462661.500,2029.2307,2030.4353,440.0,88.145,9.389,9.300,13.747
2462221.500,2462671.500,2029.2307,2030.4627,450.0,93.546,9.672,9.586,14.188
2462241.500,2462321.500,2029.2854,2029.5044,80.0,1837.907,42.871,42.852,76.228
2462241.500,2462331.500,2029.2854,2029.5318,90.0,1317.484,36.297,36.275,63.364
2462241.500,2462341.500,2029.2854,2029.5592,100.0,960.679,30.995,30.969,53.070
2462241.500,2462351.500,2029.2854,2029.5866,110.0,708.816,26.624,26.593,44.670
2462241.500,2462361.500,2029.2854,2029.6140,120.0,526.977,22.956,22.920,37.710
2462241.500,2462371.500,2029.2854,2029.6413,130.0,393.394,19.834,19.793,31.881
2462241.500,2462381.500,2029.2854,2029.6687,140.0,293.963,17.145,17.097,26.960
2462241.500,2462391.500,2029.2854,2029.6961,150.0,219.249,14.807,14.751,22.787
2462241.500,2462401.500,2029.2854,2029.7235,160.0,162.765,12.758,12.693,19.241
2462241.500,2462411.500,2029.2854,2029.7509,170.0,119.945,10.952,10.877,16.233
2462241.500,2462421.500,2029.2854,2029.7782,180.0,87.508,9.355,9.266,13.695
2462241.500,2462431.500,2029.2854,2029.8056,190.0,63.056,7.941,7.836,11.574
2462241.500,2462441.500,2029.2854,2029.8330,200.0,44.808,6.694,6.569,9.828
2462241.500,2462451.500,2029.2854,2029.8604,210.0,31.422,5.606,5.456,8.427
2462241.500,2462461.500,2029.2854,2029.8877,220.0,21.875,4.677,4.497,7.344
2462241.500,2462471.500,2029.2854,2029.9151,230.0,15.378,3.922,3.705,6.555
2462241.500,2462481.500,2029.2854,2029.9425,240.0,11.318,3.364,3.109,6.035
2462241.500,2462491.500,2029.2854,2029.9699,250.0,9.213,3.035,2.749,5.756
2462241.500,2462501.500,2029.2854,2029.9973,260.0,8.680,2.946,2.650,5.684
2462241.500,2462511.500,2029.2854,2030.0246,270.0,9.415,3.068,2.786,5.783
2462241.500,2462521.500,2029.2854,2030.0520,280.0,11.173,3.343,3.085,6.016
2462241.500,2462531.500,2029.2854,2030.0794,290.0,13.758,3.709,3.479,6.350
2462241.500,2462541.500,2029.2854,2030.1068,300.0,17.010,4.124,3.918,6.757
2462241.500,2462551.500,2029.2854,2030.1342,310.0,20.797,4.560,4.375,7.216
2462241.500,2462561.500,2029.2854,2030.1615,320.0,25.013,5.001,4.833,7.709
2462241.500,2462571.500,2029.2854,2030.1889,330.0,29.569,5.438,5.283,8.223
2462241.500,2462581.500,2029.2854,2030.2163,340.0,34.394,5.865,5.722,8.749
2462241.500,2462591.500,2029.2854,2030.2437,350.0,39.428,6.279,6.146,9.279
2462241.500,2462601.500,2029.2854,2030.2710,360.0,44.621,6.680,6.555,9.809
2462241.500,2462611.500,2029.2854,2030.2984,370.0,49.932,7.066,6.948,10.335
2462241.500,2462621.500,2029.2854,2030.3258,380.0,55.326,7.438,7.326,10.854
2462241.500,2462631.500,2029.2854,2030.3532,390.0,60.775,7.796,7.689,11.364
2462241.500,2462641.500,2029.2854,2030.3806,400.0,66.256,8.140,8.037,11.863
2462241.500,2462651.500,2029.2854,2030.4079,410.0,71.748,8.470,8.372,12.352
2462241.500,2462661.500,2029.2854,2030.4353,420.0,77.236,8.788,8.693,12.829
2462241.500,2462671.500,2029.2854,2030.4627,430.0,82.705,9.094,9.003,13.294
2462241.500,2462681.500,2029.2854,2030.4901,440.0,88.145,9.389,9.300,13.747
2462241.500,2462691.500,2029.2854,2030.5175,450.0,93.546,9.672,9.586,14.188
2462261.500,2462341.500,2029.3402,2029.5592,80.0,1837.906,42.871,42.852,76.228
2462261.500,2462351.500,2029.3402,2029.5866,90.0,1317.483,36.297,36.275,63.364
2462261.500,2462361.500,2029.3402,2029.6140,100.0,960.678,30.995,30.969,53.070
2462261.500,2462371.500,2029.3402,2029.6413,110.0,708.815,26.624,26.593,44.670
2462261.500,2462381.500,2029.3402,2029.6687,120.0,526.976,22.956,22.920,37.710
2462261.500,2462391.500,2029.3402,2029.6961,130.0,393.393,19.834,19.793,31.881
2462261.500,2462401.500,2029.3402,2029.7235,140.0,293.962,17.145,17.097,26.960
2462261.500,2462411.500,2029.3402,2029.7509,150.0,219.249,14.807,14.751,22.787
2462261.500,2462421.500,2029.3402,2029.7782,160.0,162.765,12.758,12.693,19.241
2462261.500,2462431.500,2029.3402,2029.8056,170.0,119.944,10.952,10.877,16.233
2462261.500,2462441.500,2029.3402,2029.8330,180.0,87.508,9.355,9.266,13.695
2462261.500,2462451.500,2029.3402,2029.8604,190.0,63.056,7.941,7.836,11.574
2462261.500,2462461.500,2029.3402,2029.8877,200.0,44.808,6.694,6.569,9.828
2462261.500,2462471.500,2029.3402,2029.9151,210.0,31.422,5.606,5.456,8.427
2462261.500,2462481.500,2029.3402,2029.9425,220.0,21.875,4.677,4.497,7.344
2462261.500,2462491.500,2029.3402,2029.9699,230.0,15.378,3.921,3.705,6.555
2462261.500,2462501.500,2029.3402,2029.9973,240.0,11.318,3.364,3.109,6.035
2462261.500,2462511.500,2029.3402,2030.0246,250.0,9.213,3.035,2.749,5.756
2462261.500,2462521.500,2029.3402,2030.0520,260.0,8.680,2.946,2.650,5.684
2462261.500,2462531.500,2029.3402,2030.0794,270.0,9.415,3.068,2.786,5.783
2462261.500,2462541.500,2029.3402,2030.1068,280.0,11.173,3.343,3.085,6.016
2462261.500,2462551.500,2029.3402,2030.1342,290.0,13.758,3.709,3.479,6.350
2462261.500,2462561.500,2029.3402,2030.1615,300.0,17.010,4.124,3.918,6.757
2462261.500,2462571.500,2029.3402,2030.1889,310.0,20.797,4.560,4.375,7.216
2462261.500,2462581.500,2029.3402,2030.2163,320.0,25.013,5.001,4.833,7.709
2462261.500,2462591.500,2029.3402,2030.2437,330.0,29.569,5.438,5.283,8.223
2462261.500,2462601.500,2029.3402,2030.2710,340.0,34.395,5.865,5.722,8.749
2462261.500,2462611.500,2029.3402,2030.2984,350.0,39.428,6.279,6.146,9.279
2462261.500,2462621.500,2029.3402,2030.3258,360.0,44.621,6.680,6.555,9.809
2462261.500,2462631.500,2029.3402,2030.3532,370.0,49.932,7.066,6.948,10.335
2462261.500,2462641.500,2029.3402,2030.3806,380.0,55.326,7.438,7.326,10.854
2462261.500,2462651.500,2029.3402,2030.4079,390.0,60.775,7.796,7.689,11.364
2462261.500,2462661.500,2029.3402,2030.4353,400.0,66.256,8.140,8.037,11.863
2462261.500,2462671.500,2029.3402,2030.4627,410.0,71.748,8.470,8.372,12.352
2462261.500,2462681.500,2029.3402,2030.4901,420.0,77.236,8.788,8.693,12.829
2462261.500,2462691.500,2029.3402,2030.5175,430.0,82.706,9.094,9.003,13.294
2462261.500,2462701.500,2029.3402,2030.5448,440.0,88.145,9.389,9.300,13.747
2462261.500,2462711.500,2029.3402,2030.5722,450.0,93.546,9.672,9.586,14.188
2462281.500,2462361.500,2029.3949,2029.6140,80.0,1837.904,42.871,42.852,76.228
2462281.500,2462371.500,2029.3949,2029.6413,90.0,1317.482,36.297,36.275,63.364
2462281.500,2462381.500,2029.3949,2029.6687,100.0,960.677,30.995,30.969,53.070
2462281.500,2462391.500,2029.3949,2029.6961,110.0,708.814,26.624,26.593,44.670
2462281.500,2462401.500,2029.3949,2029.7235,120.0,526.975,22.956,22.920,37.710
2462281.500,2462411.500,2029.3949,2029.7509,130.0,393.392,19.834,19.793,31.881
2462281.500,2462421.500,2029.3949,2029.7782,140.0,293.962,17.145,17.097,26.960
2462281.500,2462431.500,2029.3949,2029.8056,150.0,219.248,14.807,14.751,22.787
2462281.500,2462441.500,2029.3949,2029.8330,160.0,162.764,12.758,12.693,19.241
2462281.500,2462451.500,2029.3949,2029.8604,170.0,119.944,10.952,10.876,16.233
2462281.500,2462461.500,2029.3949,2029.8877,180.0,87.507,9.355,9.266,13.695
2462281.500,2462471.500,2029.3949,2029.9151,190.0,63.056,7.941,7.836,11.574
2462281.500,2462481.500,2029.3949,2029.9425,200.0,44.808,6.694,6.569,9.828
2462281.500,2462491.500,2029.3949,2029.9699,210.0,31.421,5.605,5.456,8.427
2462281.500,2462501.500,2029.3949,2029.9973,220.0,21.874,4.677,4.497,7.344
2462281.500,2462511.500,2029.3949,2030.0246,230.0,15.378,3.921,3.705,6.555
2462281.500,2462521.500,2029.3949,2030.0520,240.0,11.318,3.364,3.109,6.035
2462281.500,2462531.500,2029.3949,2030.0794,250.0,9.213,3.035,2.749,5.756
2462281.500,2462541.500,2029.3949,2030.1068,260.0,8.680,2.946,2.650,5.684
2462281.500,2462551.500,2029.3949,2030.1342,270.0,9.415,3.068,2.786,5.783
2462281.500,2462561.500,2029.3949,2030.1615,280.0,11.173,3.343,3.085,6.016
2462281.500,2462571.500,2029.3949,2030.1889,290.0,13.759,3.709,3.479,6.350
2462281.500,2462581.500,2029.3949,2030.2163,300.0,17.010,4.124,3.918,6.757
2462281.500,2462591.500,2029.3949,2030.2437,310.0,20.797,4.560,4.375,7.216
2462281.500,2462601.500,2029.3949,2030.2710,320.0,25.013,5.001,4.833,7.709
2462281.500,2462611.500,2029.3949,2030.2984,330.0,29.569,5.438,5.283,8.223
2462281.500,2462621.500,2029.3949,2030.3258,340.0,34.395,5.865,5.722,8.749
2462281.500,2462631.500,2029.3949,2030.3532,350.0,39.429,6.279,6.146,9.279
2462281.500,2462641.500,2029.3949,2030.3806,360.0,44.621,6.680,6.555,9.809
2462281.500,2462651.500,2029.3949,2030.4079,370.0,49.932,7.066,6.948,10.335
2462281.500,2462661.500,2029.3949,2030.4353,380.0,55.326,7.438,7.326,10.854
2462281.500,2462671.500,2029.3949,2030.4627,390.0,60.776,7.796,7.689,11.364
2462281.500,2462681.500,2029.3949,2030.4901,400.0,66.256,8.140,8.037,11.863
2462281.500,2462691.500,2029.3949,2030.5175,410.0,71.749,8.470,8.372,12.352
2462281.500,2462701.500,2029.3949,2030.5448,420.0,77.236,8.788,8.694,12.829
2462281.500,2462711.500,2029.3949,2030.5722,430.0,82.706,9.094,9.003,13.294
2462281.500,2462721.500,2029.3949,2030.5996,440.0,88.146,9.389,9.300,13.747
2462281.500,2462731.500,2029.3949,2030.6270,450.0,93.547,9.672,9.586,14.188
2462301.500,2462381.500,2029.4497,2029.6687,80.0,1837.903,42.871,42.852,76.228
2462301.500,2462391.500,2029.4497,2029.6961,90.0,1317.481,36.297,36.275,63.364
2462301.500,2462401.500,2029.4497,2029.7235,100.0,960.676,30.995,30.969,53.070
2462301.500,2462411.500,2029.4497,2029.7509,110.0,708.813,26.624,26.593,44.670
2462301.500,2462421.500,2029.4497,2029.7782,120.0,526.975,22.956,22.920,37.710
2462301.500,2462431.500,2029.4497,2029.8056,130.0,393.392,19.834,19.793,31.881
2462301.500,2462441.500,2029.4497,2029.8330,140.0,293.961,17.145,17.097,26.960
2462301.500,2462451.500,2029.4497,2029.8604,150.0,219.248,14.807,14.751,22.787
2462301.500,2462461.500,2029.4497,2029.8877,160.0,162.764,12.758,12.693,19.241
2462301.500,2462471.500,2029.4497,2029.9151,170.0,119.944,10.952,10.876,16.233
2462301.500,2462481.500,2029.4497,2029.9425,180.0,87.507,9.355,9.266,13.695
2462301.500,2462491.500,2029.4497,2029.9699,190.0,63.055,7.941,7.836,11.574
2462301.500,2462501.500,2029.4497,2029.9973,200.0,44.807,6.694,6.569,9.828
2462301.500,2462511.500,2029.4497,2030.0246,210.0,31.421,5.605,5.456,8.427
2462301.500,2462521.500,2029.4497,2030.0520,220.0,21.874,4.677,4.497,7.344
2462301.500,2462531.500,2029.4497,2030.0794,230.0,15.378,3.921,3.705,6.555
2462301.500,2462541.500,2029.4497,2030.1068,240.0,11.318,3.364,3.109,6.035
2462301.500,2462551.500,2029.4497,2030.1342,250.0,9.213,3.035,2.749,5.756
2462301.500,2462561.500,2029.4497,2030.1615,260.0,8.680,2.946,2.650,5.684
2462301.500,2462571.500,2029.4497,2030.1889,270.0,9.415,3.068,2.786,5.783
2462301.500,2462581.500,2029.4497,2030.2163,280.0,11.173,3.343,3.085,6.016
2462301.500,2462591.500,2029.4497,2030.2437,290.0,13.759,3.709,3.479,6.350
2462301.500,2462601.500,2029.4497,2030.2710,300.0,17.010,4.124,3.918,6.757
2462301.500,2462611.500,2029.4497,2030.2984,310.0,20.797,4.560,4.375,7.216
2462301.500,2462621.500,2029.4497,2030.3258,320.0,25.013,5.001,4.833,7.709
2462301.500,2462631.500,2029.4497,2030.3532,330.0,29.570,5.438,5.283,8.223
2462301.500,2462641.500,2029.4497,2030.3806,340.0,34.395,5.865,5.722,8.749
2462301.500,2462651.500,2029.4497,2030.4079,350.0,39.429,6.279,6.146,9.279
2462301.500,2462661.500,2029.4497,2030.4353,360.0,44.622,6.680,6.555,9.809
2462301.500,2462671.500,2029.4497,2030.4627,370.0,49.932,7.066,6.948,10.335
2462301.500,2462681.500,2029.4497,2030.4901,380.0,55.326,7.438,7.326,10.854
2462301.500,2462691.500,2029.4497,2030.5175,390.0,60.776,7.796,7.689,11.364
2462301.500,2462701.500,2029.4497,2030.5448,400.0,66.257,8.140,8.037,11.863
2462301.500,2462711.500,2029.4497,2030.5722,410.0,71.749,8.470,8.372,12.352
2462301.500,2462721.500,2029.4497,2030.5996,420.0,77.237,8.788,8.694,12.829
2462301.500,2462731.500,2029.4497,2030.6270,430.0,82.706,9.094,9.003,13.294
2462301.500,2462741.500,2029.4497,2030.6543,440.0,88.146,9.389,9.300,13.747
2462301.500,2462751.500,2029.4497,2030.6817,450.0,93.547,9.672,9.586,14.188
2462321.500,2462401.500,2029.5044,2029.7235,80.0,1837.901,42.871,42.852,76.228
2462321.500,2462411.500,2029.5044,2029.7509,90.0,1317.480,36.297,36.275,63.364
2462321.500,2462421.500,2029.5044,2029.7782,100.0,960.675,30.995,30.969,53.070
2462321.500,2462431.500,2029.5044,2029.8056,110.0,708.812,26.624,26.593,44.670
2462321.500,2462441.500,2029.5044,2029.8330,120.0,526.974,22.956,22.920,37.710
2462321.500,2462451.500,2029.5044,2029.8604,130.0,393.391,19.834,19.793,31.881
2462321.500,2462461.500,2029.5044,2029.8877,140.0,293.961,17.145,17.097,26.960
2462321.500,2462471.500,2029.5044,2029.9151,150.0,219.247,14.807,14.751,22.787
2462321.500,2462481.500,2029.5044,2029.9425,160.0,162.764,12.758,12.693,19.241
2462321.500,2462491.500,2029.5044,2029.9699,170.0,119.943,10.952,10.876,16.233
2462321.500,2462501.500,2029.5044,2029.9973,180.0,87.507,9.355,9.266,13.695
2462321.500,2462511.500,2029.5044,2030.0246,190.0,63.055,7.941,7.836,11.574
2462321.500,2462521.500,2029.5044,2030.0520,200.0,44.807,6.694,6.569,9.828
2462321.500,2462531.500,2029.5044,2030.0794,210.0,31.421,5.605,5.456,8.427
2462321.500,2462541.500,2029.5044,2030.1068,220.0,21.874,4.677,4.497,7.344
2462321.500,2462551.500,2029.5044,2030.1342,230.0,15.378,3.921,3.705,6.555
2462321.500,2462561.500,2029.5044,2030.1615,240.0,11.318,3.364,3.109,6.035
2462321.500,2462571.500,2029.5044,2030.1889,250.0,9.213,3.035,2.749,5.756
2462321.500,2462581.500,2029.5044,2030.2163,260.0,8.680,2.946,2.650,5.684
2462321.500,2462591.500,2029.5044,2030.2437,270.0,9.415,3.068,2.786,5.783
2462321.500,2462601.500,2029.5044,2030.2710,280.0,11.174,3.343,3.085,6.016
2462321.500,2462611.500,2029.5044,2030.2984,290.0,13.759,3.709,3.479,6.350
2462321.500,2462621.500,2029.5044,2030.3258,300.0,17.010,4.124,3.918,6.757
2462321.500,2462631.500,2029.5044,2030.3532,310.0,20.797,4.560,4.375,7.216
2462321.500,2462641.500,2029.5044,2030.3806,320.0,25.013,5.001,4.833,7.709
2462321.500,2462651.500,2029.5044,2030.4079,330.0,29.570,5.438,5.283,8.223
2462321.500,2462661.500,2029.5044,2030.4353,340.0,34.395,5.865,5.722,8.749
2462321.500,2462671.500,2029.5044,2030.4627,350.0,39.429,6.279,6.146,9.279
2462321.500,2462681.500,2029.5044,2030.4901,360.0,44.622,6.680,6.555,9.809
2462321.500,2462691.500,2029.5044,2030.5175,370.0,49.932,7.066,6.948,10.335
2462321.500,2462701.500,2029.5044,2030.5448,380.0,55.327,7.438,7.326,10.854
2462321.500,2462711.500,2029.5044,2030.5722,390.0,60.776,7.796,7.689,11.364
2462321.500,2462721.500,2029.5044,2030.5996,400.0,66.257,8.140,8.037,11.863
2462321.500,2462731.500,2029.5044,2030.6270,410.0,71.749,8.470,8.372,12.352
2462321.500,2462741.500,2029.5044,2030.6543,420.0,77.237,8.788,8.694,12.829
2462321.500,2462751.500,2029.5044,2030.6817,430.0,82.706,9.094,9.003,13.294
2462321.500,2462761.500,2029.5044,2030.7091,440.0,88.146,9.389,9.300,13.747
2462321.500,2462771.500,2029.5044,2030.7365,450.0,93.547,9.672,9.586,14.188
2462341.500,2462421.500,2029.5592,2029.7782,80.0,1837.900,42.871,42.852,76.228
2462341.500,2462431.500,2029.5592,2029.8056,90.0,1317.478,36.297,36.275,63.364
2462341.500,2462441.500,2029.5592,2029.8330,100.0,960.674,30.995,30.969,53.070
2462341.500,2462451.500,2029.5592,2029.8604,110.0,708.811,26.624,26.593,44.670
2462341.500,2462461.500,2029.5592,2029.8877,120.0,526.973,22.956,22.920,37.710
2462341.500,2462471.500,2029.5592,2029.9151,130.0,393.390,19.834,19.793,31.881
2462341.500,2462481.500,2029.5592,2029.9425,140.0,293.960,17.145,17.097,26.960
2462341.500,2462491.500,2029.5592,2029.9699,150.0,219.247,14.807,14.751,22.787
2462341.500,2462501.500,2029.5592,2029.9973,160.0,162.763,12.758,12.693,19.241
2462341.500,2462511.500,2029.5592,2030.0246,170.0,119.943,10.952,10.876,16.233
2462341.500,2462521.500,2029.5592,2030.0520,180.0,87.506,9.354,9.266,13.695
2462341.500,2462531.500,2029.5592,2030.0794,190.0,63.055,7.941,7.836,11.574
2462341.500,2462541.500,2029.5592,2030.1068,200.0,44.807,6.694,6.569,9.828
2462341.500,2462551.500,2029.5592,2030.1342,210.0,31.421,5.605,5.456,8.427
2462341.500,2462561.500,2029.5592,2030.1615,220.0,21.874,4.677,4.497,7.344
2462341.500,2462571.500,2029.5592,2030.1889,230.0,15.378,3.921,3.705,6.555
2462341.500,2462581.500,2029.5592,2030.2163,240.0,11.318,3.364,3.109,6.035
2462341.500,2462591.500,2029.5592,2030.2437,250.0,9.213,3.035,2.749,5.756
2462341.500,2462601.500,2029.5592,2030.2710,260.0,8.680,2.946,2.650,5.684
2462341.500,2462611.500,2029.5592,2030.2984,270.0,9.415,3.068,2.786,5.783
2462341.500,2462621.500,2029.5592,2030.3258,280.0,11.174,3.343,3.085,6.016
2462341.500,2462631.500,2029.5592,2030.3532,290.0,13.759,3.709,3.479,6.350
2462341.500,2462641.500,2029.5592,2030.3806,300.0,17.010,4.124,3.918,6.757
2462341.500,2462651.500,2029.5592,2030.4079,310.0,20.797,4.560,4.375,7.216
2462341.500,2462661.500,2029.5592,2030.4353,320.0,25.013,5.001,4.833,7.709
2462341.500,2462671.500,2029.5592,2030.4627,330.0,29.570,5.438,5.283,8.223
2462341.500,2462681.500,2029.5592,2030.4901,340.0,34.395,5.865,5.722,8.749
2462341.500,2462691.500,2029.5592,2030.5175,350.0,39.429,6.279,6.146,9.279
2462341.500,2462701.500,2029.5592,2030.5448,360.0,44.622,6.680,6.555,9.809
2462341.500,2462711.500,2029.5592,2030.5722,370.0,49.933,7.066,6.948,10.335
2462341.500,2462721.500,2029.5592,2030.5996,380.0,55.327,7.438,7.326,10.854
2462341.500,2462731.500,2029.5592,2030.6270,390.0,60.776,7.796,7.689,11.364
2462341.500,2462741.500,2029.5592,2030.6543,400.0,66.257,8.140,8.037,11.863
2462341.500,2462751.500,2029.5592,2030.6817,410.0,71.750,8.471,8.372,12.352
2462341.500,2462761.500,2029.5592,2030.7091,420.0,77.237,8.788,8.694,12.829
2462341.500,2462771.500,2029.5592,2030.7365,430.0,82.707,9.094,9.003,13.294
2462341.500,2462781.500,2029.5592,2030.7639,440.0,88.147,9.389,9.300,13.747
2462341.500,2462791.500,2029.5592,2030.7912,450.0,93.548,9.672,9.586,14.188
2462361.500,2462441.500,2029.6140,2029.8330,80.0,1837.899,42.871,42.852,76.228
2462361.500,2462451.500,2029.6140,2029.8604,90.0,1317.477,36.297,36.275,63.364
2462361.500,2462461.500,2029.6140,2029.8877,100.0,960.673,30.995,30.968,53.070
2462361.500,2462471.500,2029.6140,2029.9151,110.0,708.810,26.623,26.593,44.669
2462361.500,2462481.500,2029.6140,2029.9425,120.0,526.972,22.956,22.920,37.710
2462361.500,2462491.500,2029.6140,2029.9699,130.0,393.390,19.834,19.793,31.881
2462361.500,2462501.500,2029.6140,2029.9973,140.0,293.959,17.145,17.097,26.960
2462361.500,2462511.500,2029.6140,2030.0246,150.0,219.246,14.807,14.751,22.787
2462361.500,2462521.500,2029.6140,2030.0520,160.0,162.763,12.758,12.693,19.241
2462361.500,2462531.500,2029.6140,2030.0794,170.0,119.943,10.952,10.876,16.233
2462361.500,2462541.500,2029.6140,2030.1068,180.0,87.506,9.354,9.266,13.695
2462361.500,2462551.500,2029.6140,2030.1342,190.0,63.055,7.941,7.836,11.574
2462361.500,2462561.500,2029.6140,2030.1615,200.0,44.807,6.694,6.569,9.828
2462361.500,2462571.500,2029.6140,2030.1889,210.0,31.421,5.605,5.456,8.427
2462361.500,2462581.500,2029.6140,2030.2163,220.0,21.874,4.677,4.497,7.344
2462361.500,2462591.500,2029.6140,2030.2437,230.0,15.378,3.921,3.705,6.555
2462361.500,2462601.500,2029.6140,2030.2710,240.0,11.318,3.364,3.109,6.035
2462361.500,2462611.500,2029.6140,2030.2984,250.0,9.212,3.035,2.749,5.756
2462361.500,2462621.500,2029.6140,2030.3258,260.0,8.680,2.946,2.650,5.684
2462361.500,2462631.500,2029.6140,2030.3532,270.0,9.415,3.068,2.786,5.783
2462361.500,2462641.500,2029.6140,2030.3806,280.0,11.174,3.343,3.085,6.016
2462361.500,2462651.500,2029.6140,2030.4079,290.0,13.759,3.709,3.479,6.350
2462361.500,2462661.500,2029.6140,2030.4353,300.0,17.010,4.124,3.918,6.757
2462361.500,2462671.500,2029.6140,2030.4627,310.0,20.797,4.560,4.375,7.216
2462361.500,2462681.500,2029.6140,2030.4901,320.0,25.013,5.001,4.833,7.709
2462361.500,2462691.500,2029.6140,2030.5175,330.0,29.570,5.438,5.283,8.223
2462361.500,2462701.500,2029.6140,2030.5448,340.0,34.395,5.865,5.722,8.749
2462361.500,2462711.500,2029.6140,2030.5722,350.0,39.429,6.279,6.146,9.279
2462361.500,2462721.500,2029.6140,2030.5996,360.0,44.622,6.680,6.555,9.809
2462361.500,2462731.500,2029.6140,2030.6270,370.0,49.933,7.066,6.948,10.335
2462361.500,2462741.500,2029.6140,2030.6543,380.0,55.327,7.438,7.326,10.854
2462361.500,2462751.500,2029.6140,2030.6817,390.0,60.777,7.796,7.689,11.364
2462361.500,2462761.500,2029.6140,2030.7091,400.0,66.257,8.140,8.037,11.863
2462361.500,2462771.500,2029.6140,2030.7365,410.0,71.750,8.471,8.372,12.352
2462361.500,2462781.500,2029.6140,2030.7639,420.0,77.238,8.788,8.694,12.829
2462361.500,2462791.500,2029.6140,2030.7912,430.0,82.707,9.094,9.003,13.294
2462361.500,2462801.500,2029.6140,2030.8186,440.0,88.147,9.389,9.300,13.747
2462361.500,2462811.500,2029.6140,2030.8460,450.0,93.548,9.672,9.586,14.188
2462381.500,2462461.500,2029.6687,2029.8877,80.0,1837.897,42.871,42.852,76.228
2462381.500,2462471.500,2029.6687,2029.9151,90.0,1317.476,36.297,36.275,63.364
2462381.500,2462481.500,2029.6687,2029.9425,100.0,960.672,30.995,30.968,53.070
2462381.500,2462491.500,2029.6687,2029.9699,110.0,708.810,26.623,26.593,44.669
2462381.500,2462501.500,2029.6687,2029.9973,120.0,526.971,22.956,22.920,37.710
2462381.500,2462511.500,2029.6687,2030.0246,130.0,393.389,19.834,19.793,31.881
2462381.500,2462521.500,2029.6687,2030.0520,140.0,293.959,17.145,17.097,26.960
2462381.500,2462531.500,2029.6687,2030.0794,150.0,219.246,14.807,14.751,22.787
2462381.500,2462541.500,2029.6687,2030.1068,160.0,162.762,12.758,12.693,19.241
2462381.500,2462551.500,2029.6687,2030.1342,170.0,119.942,10.952,10.876,16.233
2462381.500,2462561.500,2029.6687,2030.1615,180.0,87.506,9.354,9.266,13.695
2462381.500,2462571.500,2029.6687,2030.1889,190.0,63.054,7.941,7.836,11.574
2462381.500,2462581.500,2029.6687,2030.2163,200.0,44.807,6.694,6.569,9.828
2462381.500,2462591.500,2029.6687,2030.2437,210.0,31.421,5.605,5.456,8.427
2462381.500,2462601.500,2029.6687,2030.2710,220.0,21.874,4.677,4.497,7.344
2462381.500,2462611.500,2029.6687,2030.2984,230.0,15.378,3.921,3.705,6.555
2462381.500,2462621.500,2029.6687,2030.3258,240.0,11.318,3.364,3.109,6.035
2462381.500,2462631.500,2029.6687,2030.3532,250.0,9.212,3.035,2.749,5.756
2462381.500,2462641.500,2029.6687,2030.3806,260.0,8.680,2.946,2.650,5.684
2462381.500,2462651.500,2029.6687,2030.4079,270.0,9.415,3.068,2.786,5.783
2462381.500,2462661.500,2029.6687,2030.4353,280.0,11.174,3.343,3.085,6.016
2462381.500,2462671.500,2029.6687,2030.4627,290.0,13.759,3.709,3.479,6.350
2462381.500,2462681.500,2029.6687,2030.4901,300.0,17.010,4.124,3.918,6.757
2462381.500,2462691.500,2029.6687,2030.5175,310.0,20.798,4.560,4.375,7.216
2462381.500,2462701.500,2029.6687,2030.5448,320.0,25.013,5.001,4.833,7.709
2462381.500,2462711.500,2029.6687,2030.5722,330.0,29.570,5.438,5.283,8.223
2462381.500,2462721.500,2029.6687,2030.5996,340.0,34.396,5.865,5.722,8.749
2462381.500,2462731.500,2029.6687,2030.6270,350.0,39.429,6.279,6.146,9.279
2462381.500,2462741.500,2029.6687,2030.6543,360.0,44.622,6.680,6.555,9.809
2462381.500,2462751.500,2029.6687,2030.6817,370.0,49.933,7.066,6.948,10.335
2462381.500,2462761.500,2029.6687,2030.7091,380.0,55.327,7.438,7.326,10.854
2462381.500,2462771.500,2029.6687,2030.7365,390.0,60.777,7.796,7.689,11.364
2462381.500,2462781.500,2029.6687,2030.7639,400.0,66.258,8.140,8.037,11.863
2462381.500,2462791.500,2029.6687,2030.7912,410.0,71.750,8.471,8.372,12.352
2462381.500,2462801.500,2029.6687,2030.8186,420.0,77.238,8.789,8.694,12.829
2462381.500,2462811.500,2029.6687,2030.8460,430.0,82.707,9.094,9.003,13.294
2462381.500,2462821.500,2029.6687,2030.8734,440.0,88.147,9.389,9.300,13.747
2462381.500,2462831.500,2029.6687,2030.9008,450.0,93.548,9.672,9.586,14.188
2462401.500,2462481.500,2029.7235,2029.9425,80.0,1837.896,42.871,42.852,76.228
2462401.500,2462491.500,2029.7235,2029.9699,90.0,1317.475,36.297,36.275,63.364
2462401.500,2462501.500,2029.7235,2029.9973,100.0,960.671,30.995,30.968,53.070
2462401.500,2462511.500,2029.7235,2030.0246,110.0,708.809,26.623,26.593,44.669
2462401.500,2462521.500,2029.7235,2030.0520,120.0,526.971,22.956,22.920,37.710
2462401.500,2462531.500,2029.7235,2030.0794,130.0,393.388,19.834,19.793,31.881
2462401.500,2462541.500,2029.7235,2030.1068,140.0,293.958,17.145,17.097,26.960
2462401.500,2462551.500,2029.7235,2030.1342,150.0,219.245,14.807,14.751,22.787
2462401.500,2462561.500,2029.7235,2030.1615,160.0,162.762,12.758,12.693,19.241
2462401.500,2462571.500,2029.7235,2030.1889,170.0,119.942,10.952,10.876,16.233
2462401.500,2462581.500,2029.7235,2030.2163,180.0,87.506,9.354,9.266,13.695
2462401.500,2462591.500,2029.7235,2030.2437,190.0,63.054,7.941,7.836,11.573
2462401.500,2462601.500,2029.7235,2030.2710,200.0,44.806,6.694,6.569,9.828
2462401.500,2462611.500,2029.7235,2030.2984,210.0,31.421,5.605,5.456,8.427
2462401.500,2462621.500,2029.7235,2030.3258,220.0,21.874,4.677,4.497,7.344
2462401.500,2462631.500,2029.7235,2030.3532,230.0,15.377,3.921,3.705,6.555
2462401.500,2462641.500,2029.7235,2030.3806,240.0,11.318,3.364,3.109,6.035
2462401.500,2462651.500,2029.7235,2030.4079,250.0,9.212,3.035,2.749,5.756
2462401.500,2462661.500,2029.7235,2030.4353,260.0,8.680,2.946,2.650,5.684
2462401.500,2462671.500,2029.7235,2030.4627,270.0,9.415,3.068,2.786,5.783
2462401.500,2462681.500,2029.7235,2030.4901,280.0,11.174,3.343,3.085,6.016
2462401.500,2462691.500,2029.7235,2030.5175,290.0,13.759,3.709,3.479,6.350
2462401.500,2462701.500,2029.7235,2030.5448,300.0,17.011,4.124,3.918,6.757
2462401.500,2462711.500,2029.7235,2030.5722,310.0,20.798,4.560,4.375,7.216
2462401.500,2462721.500,2029.7235,2030.5996,320.0,25.014,5.001,4.833,7.709
2462401.500,2462731.500,2029.7235,2030.6270,330.0,29.570,5.438,5.283,8.223
2462401.500,2462741.500,2029.7235,2030.6543,340.0,34.396,5.865,5.722,8.749
2462401.500,2462751.500,2029.7235,2030.6817,350.0,39.430,6.279,6.146,9.279
2462401.500,2462761.500,2029.7235,2030.7091,360.0,44.623,6.680,6.555,9.809
2462401.500,2462771.500,2029.7235,2030.7365,370.0,49.933,7.066,6.948,10.335
2462401.500,2462781.500,2029.7235,2030.7639,380.0,55.328,7.438,7.326,10.854
2462401.500,2462791.500,2029.7235,2030.7912,390.0,60.777,7.796,7.689,11.364
2462401.500,2462801.500,2029.7235,2030.8186,400.0,66.258,8.140,8.037,11.863
2462401.500,2462811.500,2029.7235,2030.8460,410.0,71.750,8.471,8.372,12.352
2462401.500,2462821.500,2029.7235,2030.8734,420.0,77.238,8.789,8.694,12.829
2462401.500,2462831.500,2029.7235,2030.9008,430.0,82.708,9.094,9.003,13.294
2462401.500,2462841.500,2029.7235,2030.9281,440.0,88.148,9.389,9.300,13.747
2462401.500,2462851.500,2029.7235,2030.9555,450.0,93.548,9.672,9.586,14.188
2462421.500,2462501.500,2029.7782,2029.9973,80.0,1837.894,42.871,42.852,76.228
2462421.500,2462511.500,2029.7782,2030.0246,90.0,1317.473,36.297,36.275,63.364
2462421.500,2462521.500,2029.7782,2030.0520,100.0,960.670,30.995,30.968,53.070
2462421.500,2462531.500,2029.7782,2030.0794,110.0,708.808,26.623,26.593,44.669
2462421.500,2462541.500,2029.7782,2030.1068,120.0,526.970,22.956,22.920,37.710
2462421.500,2462551.500,2029.7782,2030.1342,130.0,393.388,19.834,19.793,31.881
2462421.500,2462561.500,2029.7782,2030.1615,140.0,293.958,17.145,17.097,26.960
2462421.500,2462571.500,2029.7782,2030.1889,150.0,219.245,14.807,14.751,22.787
2462421.500,2462581.500,2029.7782,2030.2163,160.0,162.761,12.758,12.693,19.241
2462421.500,2462591.500,2029.7782,2030.2437,170.0,119.942,10.952,10.876,16.233
2462421.500,2462601.500,2029.7782,2030.2710,180.0,87.505,9.354,9.266,13.695
2462421.500,2462611.500,2029.7782,2030.2984,190.0,63.054,7.941,7.836,11.573
2462421.500,2462621.500,2029.7782,2030.3258,200.0,44.806,6.694,6.569,9.828
2462421.500,2462631.500,2029.7782,2030.3532,210.0,31.420,5.605,5.456,8.427
2462421.500,2462641.500,2029.7782,2030.3806,220.0,21.874,4.677,4.497,7.344
2462421.500,2462651.500,2029.7782,2030.4079,230.0,15.377,3.921,3.705,6.555
2462421.500,2462661.500,2029.7782,2030.4353,240.0,11.318,3.364,3.109,6.035
2462421.500,2462671.500,2029.7782,2030.4627,250.0,9.212,3.035,2.749,5.756
2462421.500,2462681.500,2029.7782,2030.4901,260.0,8.680,2.946,2.650,5.684
2462421.500,2462691.500,2029.7782,2030.5175,270.0,9.415,3.068,2.786,5.783
2462421.500,2462701.500,2029.7782,2030.5448,280.0,11.174,3.343,3.085,6.016
2462421.500,2462711.500,2029.7782,2030.5722,290.0,13.759,3.709,3.479,6.350
2462421.500,2462721.500,2029.7782,2030.5996,300.0,17.011,4.124,3.918,6.757
2462421.500,2462731.500,2029.7782,2030.6270,310.0,20.798,4.560,4.375,7.216
2462421.500,2462741.500,2029.7782,2030.6543,320.0,25.014,5.001,4.833,7.709
2462421.500,2462751.500,2029.7782,2030.6817,330.0,29.571,5.438,5.283,8.223
2462421.500,2462761.500,2029.7782,2030.7091,340.0,34.396,5.865,5.722,8.749
2462421.500,2462771.500,2029.7782,2030.7365,350.0,39.430,6.279,6.146,9.279
2462421.500,2462781.500,2029.7782,2030.7639,360.0,44.623,6.680,6.555,9.809
2462421.500,2462791.500,2029.7782,2030.7912,370.0,49.933,7.066,6.948,10.335
2462421.500,2462801.500,2029.7782,2030.8186,380.0,55.328,7.438,7.326,10.854
2462421.500,2462811.500,2029.7782,2030.8460,390.0,60.777,7.796,7.689,11.364
2462421.500,2462821.500,2029.7782,2030.8734,400.0,66.258,8.140,8.037,11.863
2462421.500,2462831.500,2029.7782,2030.9008,410.0,71.751,8.471,8.372,12.352
2462421.500,2462841.500,2029.7782,2030.9281,420.0,77.238,8.789,8.694,12.829
2462421.500,2462851.500,2029.7782,2030.9555,430.0,82.708,9.094,9.003,13.294
2462421.500,2462861.500,2029.7782,2030.9829,440.0,88.148,9.389,9.300,13.747
2462421.500,2462871.500,2029.7782,2031.0103,450.0,93.549,9.672,9.586,14.188
2462441.500,2462521.500,2029.8330,2030.0520,80.0,1837.893,42.871,42.852,76.228
2462441.500,2462531.500,2029.8330,2030.0794,90.0,1317.472,36.297,36.275,63.364
2462441.500,2462541.500,2029.8330,2030.1068,100.0,960.669,30.995,30.968,53.070
2462441.500,2462551.500,2029.8330,2030.1342,110.0,708.807,26.623,26.593,44.669
2462441.500,2462561.500,2029.8330,2030.1615,120.0,526.969,22.956,22.920,37.710
2462441.500,2462571.500,2029.8330,2030.1889,130.0,393.387,19.834,19.793,31.881
2462441.500,2462581.500,2029.8330,2030.2163,140.0,293.957,17.145,17.097,26.960
2462441.500,2462591.500,2029.8330,2030.2437,150.0,219.244,14.807,14.751,22.787
2462441.500,2462601.500,2029.8330,2030.2710,160.0,162.761,12.758,12.693,19.241
2462441.500,2462611.500,2029.8330,2030.2984,170.0,119.941,10.952,10.876,16.233
2462441.500,2462621.500,2029.8330,2030.3258,180.0,87.505,9.354,9.266,13.695
2462441.500,2462631.500,2029.8330,2030.3532,190.0,63.054,7.941,7.836,11.573
2462441.500,2462641.500,2029.8330,2030.3806,200.0,44.806,6.694,6.569,9.828
2462441.500,2462651.500,2029.8330,2030.4079,210.0,31.420,5.605,5.456,8.427
2462441.500,2462661.500,2029.8330,2030.4353,220.0,21.874,4.677,4.497,7.344
2462441.500,2462671.500,2029.8330,2030.4627,230.0,15.377,3.921,3.705,6.555
2462441.500,2462681.500,2029.8330,2030.4901,240.0,11.318,3.364,3.109,6.035
2462441.500,2462691.500,2029.8330,2030.5175,250.0,9.212,3.035,2.749,5.756
2462441.500,2462701.500,2029.8330,2030.5448,260.0,8.680,2.946,2.650,5.684
2462441.500,2462711.500,2029.8330,2030.5722,270.0,9.415,3.068,2.786,5.783
2462441.500,2462721.500,2029.8330,2030.5996,280.0,11.174,3.343,3.085,6.016
2462441.500,2462731.500,2029.8330,2030.6270,290.0,13.759,3.709,3.479,6.350
2462441.500,2462741.500,2029.8330,2030.6543,300.0,17.011,4.124,3.918,6.757
2462441.500,2462751.500,2029.8330,2030.6817,310.0,20.798,4.560,4.375,7.216
2462441.500,2462761.500,2029.8330,2030.7091,320.0,25.014,5.001,4.833,7.709
2462441.500,2462771.500,2029.8330,2030.7365,330.0,29.571,5.438,5.283,8.223
2462441.500,2462781.500,2029.8330,2030.7639,340.0,34.396,5.865,5.722,8.749
2462441.500,2462791.500,2029.8330,2030.7912,350.0,39.430,6.279,6.146,9.279
2462441.500,2462801.500,2029.8330,2030.8186,360.0,44.623,6.680,6.555,9.809
2462441.500,2462811.500,2029.8330,2030.8460,370.0,49.934,7.066,6.948,10.335
2462441.500,2462821.500,2029.8330,2030.8734,380.0,55.328,7.438,7.326,10.854
2462441.500,2462831.500,2029.8330,2030.9008,390.0,60.778,7.796,7.689,11.364
2462441.500,2462841.500,2029.8330,2030.9281,400.0,66.258,8.140,8.037,11.863
2462441.500,2462851.500,2029.8330,2030.9555,410.0,71.751,8.471,8.372,12.352
2462441.500,2462861.500,2029.8330,2030.9829,420.0,77.239,8.789,8.694,12.829
2462441.500,2462871.500,2029.8330,2031.0103,430.0,82.708,9.094,9.003,13.294
2462441.500,2462881.500,2029.8330,2031.0376,440.0,88.148,9.389,9.300,13.747
2462441.500,2462891.500,2029.8330,2031.0650,450.0,93.549,9.672,9.586,14.188
2462461.500,2462541.500,2029.8877,2030.1068,80.0,1837.891,42.871,42.852,76.228
2462461.500,2462551.500,2029.8877,2030.1342,90.0,1317.471,36.297,36.275,63.364
2462461.500,2462561.500,2029.8877,2030.1615,100.0,960.668,30.995,30.968,53.070
2462461.500,2462571.500,2029.8877,2030.1889,110.0,708.806,26.623,26.593,44.669
2462461.500,2462581.500,2029.8877,2030.2163,120.0,526.968,22.956,22.920,37.710
2462461.500,2462591.500,2029.8877,2030.2437,130.0,393.386,19.834,19.793,31.881
2462461.500,2462601.500,2029.8877,2030.2710,140.0,293.957,17.145,17.097,26.960
2462461.500,2462611.500,2029.8877,2030.2984,150.0,219.244,14.807,14.751,22.787
2462461.500,2462621.500,2029.8877,2030.3258,160.0,162.761,12.758,12.693,19.241
2462461.500,2462631.500,2029.8877,2030.3532,170.0,119.941,10.952,10.876,16.233
2462461.500,2462641.500,2029.8877,2030.3806,180.0,87.505,9.354,9.266,13.695
2462461.500,2462651.500,2029.8877,2030.4079,190.0,63.053,7.941,7.836,11.573
2462461.500,2462661.500,2029.8877,2030.4353,200.0,44.806,6.694,6.569,9.828
2462461.500,2462671.500,2029.8877,2030.4627,210.0,31.420,5.605,5.456,8.427
2462461.500,2462681.500,2029.8877,2030.4901,220.0,21.873,4.677,4.497,7.344
2462461.500,2462691.500,2029.8877,2030.5175,230.0,15.377,3.921,3.705,6.555
2462461.500,2462701.500,2029.8877,2030.5448,240.0,11.318,3.364,3.109,6.035
2462461.500,2462711.500,2029.8877,2030.5722,250.0,9.212,3.035,2.749,5.756
2462461.500,2462721.500,2029.8877,2030.5996,260.0,8.680,2.946,2.650,5.684
2462461.500,2462731.500,2029.8877,2030.6270,270.0,9.415,3.068,2.786,5.783
2462461.500,2462741.500,2029.8877,2030.6543,280.0,11.174,3.343,3.085,6.016
2462461.500,2462751.500,2029.8877,2030.6817,290.0,13.759,3.709,3.479,6.350
2462461.500,2462761.500,2029.8877,2030.7091,300.0,17.011,4.124,3.918,6.757
2462461.500,2462771.500,2029.8877,2030.7365,310.0,20.798,4.560,4.375,7.216
2462461.500,2462781.500,2029.8877,2030.7639,320.0,25.014,5.001,4.833,7.709
2462461.500,2462791.500,2029.8877,2030.7912,330.0,29.571,5.438,5.283,8.223
2462461.500,2462801.500,2029.8877,2030.8186,340.0,34.396,5.865,5.722,8.749
2462461.500,2462811.500,2029.8877,2030.8460,350.0,39.430,6.279,6.146,9.279
2462461.500,2462821.500,2029.8877,2030.8734,360.0,44.623,6.680,6.555,9.809
2462461.500,2462831.500,2029.8877,2030.9008,370.0,49.934,7.066,6.948,10.335
2462461.500,2462841.500,2029.8877,2030.9281,380.0,55.328,7.438,7.326,10.854
2462461.500,2462851.500,2029.8877,2030.9555,390.0,60.778,7.796,7.689,11.364
2462461.500,2462861.500,2029.8877,2030.9829,400.0,66.259,8.140,8.037,11.863
2462461.500,2462871.500,2029.8877,2031.0103,410.0,71.751,8.471,8.372,12.352
2462461.500,2462881.500,2029.8877,2031.0376,420.0,77.239,8.789,8.694,12.829
2462461.500,2462891.500,2029.8877,2031.0650,430.0,82.709,9.094,9.003,13.294
2462461.500,2462901.500,2029.8877,2031.0924,440.0,88.148,9.389,9.300,13.747
2462461.500,2462911.500,2029.8877,2031.1198,450.0,93.549,9.672,9.586,14.188
2462481.500,2462561.500,2029.9425,2030.1615,80.0,1837.890,42.871,42.852,76.228
2462481.500,2462571.500,2029.9425,2030.1889,90.0,1317.470,36.297,36.275,63.364
2462481.500,2462581.500,2029.9425,2030.2163,100.0,960.667,30.995,30.968,53.070
2462481.500,2462591.500,2029.9425,2030.2437,110.0,708.805,26.623,26.593,44.669
2462481.500,2462601.500,2029.9425,2030.2710,120.0,526.968,22.956,22.920,37.710
2462481.500,2462611.500,2029.9425,2030.2984,130.0,393.386,19.834,19.793,31.881
2462481.500,2462621.500,2029.9425,2030.3258,140.0,293.956,17.145,17.097,26.960
2462481.500,2462631.500,2029.9425,2030.3532,150.0,219.243,14.807,14.751,22.787
2462481.500,2462641.500,2029.9425,2030.3806,160.0,162.760,12.758,12.693,19.241
2462481.500,2462651.500,2029.9425,2030.4079,170.0,119.941,10.952,10.876,16.233
2462481.500,2462661.500,2029.9425,2030.4353,180.0,87.504,9.354,9.266,13.695
2462481.500,2462671.500,2029.9425,2030.4627,190.0,63.053,7.941,7.836,11.573
2462481.500,2462681.500,2029.9425,2030.4901,200.0,44.806,6.694,6.569,9.828
2462481.500,2462691.500,2029.9425,2030.5175,210.0,31.420,5.605,5.456,8.427
2462481.500,2462701.500,2029.9425,2030.5448,220.0,21.873,4.677,4.497,7.344
2462481.500,2462711.500,2029.9425,2030.5722,230.0,15.377,3.921,3.705,6.555
2462481.500,2462721.500,2029.9425,2030.5996,240.0,11.318,3.364,3.109,6.035
2462481.500,2462731.500,2029.9425,2030.6270,250.0,9.212,3.035,2.749,5.756
2462481.500,2462741.500,2029.9425,2030.6543,260.0,8.680,2.946,2.650,5.684
2462481.500,2462751.500,2029.9425,2030.6817,270.0,9.415,3.068,2.786,5.783
2462481.500,2462761.500,2029.9425,2030.7091,280.0,11.174,3.343,3.085,6.016
2462481.500,2462771.500,2029.9425,2030.7365,290.0,13.759,3.709,3.479,6.350
2462481.500,2462781.500,2029.9425,2030.7639,300.0,17.011,4.124,3.918,6.757
2462481.500,2462791.500,2029.9425,2030.7912,310.0,20.798,4.560,4.375,7.216
2462481.500,2462801.500,2029.9425,2030.8186,320.0,25.014,5.001,4.833,7.709
2462481.500,2462811.500,2029.9425,2030.8460,330.0,29.571,5.438,5.283,8.223
2462481.500,2462821.500,2029.9425,2030.8734,340.0,34.396,5.865,5.722,8.749
2462481.500,2462831.500,2029.9425,2030.9008,350.0,39.430,6.279,6.146,9.279
2462481.500,2462841.500,2029.9425,2030.9281,360.0,44.623,6.680,6.555,9.809
2462481.500,2462851.500,2029.9425,2030.9555,370.0,49.934,7.066,6.948,10.335
2462481.500,2462861.500,2029.9425,2030.9829,380.0,55.329,7.438,7.326,10.854
2462481.500,2462871.500,2029.9425,2031.0103,390.0,60.778,7.796,7.689,11.364
2462481.500,2462881.500,2029.9425,2031.0376,400.0,66.259,8.140,8.037,11.863
2462481.500,2462891.500,2029.9425,2031.0650,410.0,71.751,8.471,8.372,12.352
2462481.500,2462901.500,2029.9425,2031.0924,420.0,77.239,8.789,8.694,12.829
2462481.500,2462911.500,2029.9425,2031.1198,430.0,82.709,9.094,9.003,13.294
2462481.500,2462921.500,2029.9425,2031.1472,440.0,88.149,9.389,9.300,13.747
2462481.500,2462931.500,2029.9425,2031.1745,450.0,93.550,9.672,9.586,14.188
2462501.500,2462581.500,2029.9973,2030.2163,80.0,1837.889,42.871,42.852,76.228
2462501.500,2462591.500,2029.9973,2030.2437,90.0,1317.469,36.297,36.275,63.364
2462501.500,2462601.500,2029.9973,2030.2710,100.0,960.666,30.995,30.968,53.070
2462501.500,2462611.500,2029.9973,2030.2984,110.0,708.804,26.623,26.593,44.669
2462501.500,2462621.500,2029.9973,2030.3258,120.0,526.967,22.956,22.920,37.710
2462501.500,2462631.500,2029.9973,2030.3532,130.0,393.385,19.834,19.793,31.881
2462501.500,2462641.500,2029.9973,2030.3806,140.0,293.955,17.145,17.097,26.960
2462501.500,2462651.500,2029.9973,2030.4079,150.0,219.243,14.807,14.751,22.787
2462501.500,2462661.500,2029.9973,2030.4353,160.0,162.760,12.758,12.693,19.241
2462501.500,2462671.500,2029.9973,2030.4627,170.0,119.940,10.952,10.876,16.233
2462501.500,2462681.500,2029.9973,2030.4901,180.0,87.504,9.354,9.266,13.695
2462501.500,2462691.500,2029.9973,2030.5175,190.0,63.053,7.941,7.836,11.573
2462501.500,2462701.500,2029.9973,2030.5448,200.0,44.805,6.694,6.569,9.828
2462501.500,2462711.500,2029.9973,2030.5722,210.0,31.420,5.605,5.456,8.427
2462501.500,2462721.500,2029.9973,2030.5996,220.0,21.873,4.677,4.497,7.344
2462501.500,2462731.500,2029.9973,2030.6270,230.0,15.377,3.921,3.705,6.555
2462501.500,2462741.500,2029.9973,2030.6543,240.0,11.318,3.364,3.109,6.035
2462501.500,2462751.500,2029.9973,2030.6817,250.0,9.212,3.035,2.749,5.756
2462501.500,2462761.500,2029.9973,2030.7091,260.0,8.680,2.946,2.650,5.684
2462501.500,2462771.500,2029.9973,2030.7365,270.0,9.415,3.068,2.786,5.783
2462501.500,2462781.500,2029.9973,2030.7639,280.0,11.174,3.343,3.085,6.016
2462501.500,2462791.500,2029.9973,2030.7912,290.0,13.759,3.709,3.479,6.350
2462501.500,2462801.500,2029.9973,2030.8186,300.0,17.011,4.124,3.918,6.757
2462501.500,2462811.500,2029.9973,2030.8460,310.0,20.798,4.561,4.375,7.216
2462501.500,2462821.500,2029.9973,2030.8734,320.0,25.014,5.001,4.833,7.709
2462501.500,2462831.500,2029.9973,2030.9008,330.0,29.571,5.438,5.283,8.223
2462501.500,2462841.500,2029.9973,2030.9281,340.0,34.397,5.865,5.722,8.749
2462501.500,2462851.500,2029.9973,2030.9555,350.0,39.431,6.279,6.146,9.279
2462501.500,2462861.500,2029.9973,2030.9829,360.0,44.624,6.680,6.555,9.809
2462501.500,2462871.500,2029.9973,2031.0103,370.0,49.934,7.066,6.948,10.335
2462501.500,2462881.500,2029.9973,2031.0376,380.0,55.329,7.438,7.326,10.854
2462501.500,2462891.500,2029.9973,2031.0650,390.0,60.778,7.796,7.689,11.364
2462501.500,2462901.500,2029.9973,2031.0924,400.0,66.259,8.140,8.037,11.863
2462501.500,2462911.500,2029.9973,2031.1198,410.0,71.752,8.471,8.372,12.352
2462501.500,2462921.500,2029.9973,2031.1472,420.0,77.240,8.789,8.694,12.829
2462501.500,2462931.500,2029.9973,2031.1745,430.0,82.709,9.094,9.003,13.294
2462501.500,2462941.500,2029.9973,2031.2019,440.0,88.149,9.389,9.300,13.747
2462501.500,2462951.500,2029.9973,2031.2293,450.0,93.550,9.672,9.586,14.188
2462521.500,2462601.500,2030.0520,2030.2710,80.0,1837.887,42.871,42.852,76.227
2462521.500,2462611.500,2030.0520,2030.2984,90.0,1317.467,36.297,36.275,63.364
2462521.500,2462621.500,2030.0520,2030.3258,100.0,960.665,30.995,30.968,53.070
2462521.500,2462631.500,2030.0520,2030.3532,110.0,708.803,26.623,26.593,44.669
2462521.500,2462641.500,2030.0520,2030.3806,120.0,526.966,22.956,22.920,37.710
2462521.500,2462651.500,2030.0520,2030.4079,130.0,393.384,19.834,19.793,31.881
2462521.500,2462661.500,2030.0520,2030.4353,140.0,293.955,17.145,17.097,26.960
2462521.500,2462671.500,2030.0520,2030.4627,150.0,219.242,14.807,14.751,22.787
2462521.500,2462681.500,2030.0520,2030.4901,160.0,162.759,12.758,12.693,19.241
2462521.500,2462691.500,2030.0520,2030.5175,170.0,119.940,10.952,10.876,16.233
2462521.500,2462701.500,2030.0520,2030.5448,180.0,87.504,9.354,9.266,13.695
2462521.500,2462711.500,2030.0520,2030.5722,190.0,63.053,7.941,7.836,11.573
2462521.500,2462721.500,2030.0520,2030.5996,200.0,44.805,6.694,6.569,9.828
2462521.500,2462731.500,2030.0520,2030.6270,210.0,31.420,5.605,5.456,8.427
2462521.500,2462741.500,2030.0520,2030.6543,220.0,21.873,4.677,4.497,7.344
2462521.500,2462751.500,2030.0520,2030.6817,230.0,15.377,3.921,3.705,6.555
2462521.500,2462761.500,2030.0520,2030.7091,240.0,11.317,3.364,3.109,6.035
2462521.500,2462771.500,2030.0520,2030.7365,250.0,9.212,3.035,2.749,5.756
2462521.500,2462781.500,2030.0520,2030.7639,260.0,8.680,2.946,2.650,5.684
2462521.500,2462791.500,2030.0520,2030.7912,270.0,9.415,3.068,2.786,5.783
2462521.500,2462801.500,2030.0520,2030.8186,280.0,11.174,3.343,3.085,6.016
2462521.500,2462811.500,2030.0520,2030.8460,290.0,13.759,3.709,3.479,6.350
2462521.500,2462821.500,2030.0520,2030.8734,300.0,17.011,4.124,3.918,6.757
2462521.500,2462831.500,2030.0520,2030.9008,310.0,20.798,4.561,4.375,7.216
2462521.500,2462841.500,2030.0520,2030.9281,320.0,25.014,5.001,4.833,7.709
2462521.500,2462851.500,2030.0520,2030.9555,330.0,29.571,5.438,5.283,8.223
2462521.500,2462861.500,2030.0520,2030.9829,340.0,34.397,5.865,5.722,8.749
2462521.500,2462871.500,2030.0520,2031.0103,350.0,39.431,6.279,6.146,9.279
2462521.500,2462881.500,2030.0520,2031.0376,360.0,44.624,6.680,6.555,9.809
2462521.500,2462891.500,2030.0520,2031.0650,370.0,49.935,7.066,6.948,10.335
2462521.500,2462901.500,2030.0520,2031.0924,380.0,55.329,7.438,7.326,10.854
2462521.500,2462911.500,2030.0520,2031.1198,390.0,60.778,7.796,7.689,11.364
2462521.500,2462921.500,2030.0520,2031.1472,400.0,66.259,8.140,8.037,11.864
2462521.500,2462931.500,2030.0520,2031.1745,410.0,71.752,8.471,8.372,12.352
2462521.500,2462941.500,2030.0520,2031.2019,420.0,77.240,8.789,8.694,12.829
2462521.500,2462951.500,2030.0520,2031.2293,430.0,82.709,9.094,9.003,13.294
2462521.500,2462961.500,2030.0520,2031.2567,440.0,88.149,9.389,9.300,13.747
2462521.500,2462971.500,2030.0520,2031.2841,450.0,93.550,9.672,9.586,14.188
2462541.500,2462621.500,2030.1068,2030.3258,80.0,1837.886,42.871,42.852,76.227
2462541.500,2462631.500,2030.1068,2030.3532,90.0,1317.466,36.297,36.275,63.364
2462541.500,2462641.500,2030.1068,2030.3806,100.0,960.664,30.995,30.968,53.070
2462541.500,2462651.500,2030.1068,2030.4079,110.0,708.802,26.623,26.593,44.669
2462541.500,2462661.500,2030.1068,2030.4353,120.0,526.965,22.956,22.920,37.710
2462541.500,2462671.500,2030.1068,2030.4627,130.0,393.384,19.834,19.793,31.881
2462541.500,2462681.500,2030.1068,2030.4901,140.0,293.954,17.145,17.097,26.960
2462541.500,2462691.500,2030.1068,2030.5175,150.0,219.242,14.807,14.751,22.787
2462541.500,2462701.500,2030.1068,2030.5448,160.0,162.759,12.758,12.693,19.241
2462541.500,2462711.500,2030.1068,2030.5722,170.0,119.940,10.952,10.876,16.233
2462541.500,2462721.500,2030.1068,2030.5996,180.0,87.503,9.354,9.266,13.695
2462541.500,2462731.500,2030.1068,2030.6270,190.0,63.052,7.941,7.836,11.573
2462541.500,2462741.500,2030.1068,2030.6543,200.0,44.805,6.694,6.569,9.828
2462541.500,2462751.500,2030.1068,2030.6817,210.0,31.419,5.605,5.456,8.427
2462541.500,2462761.500,2030.1068,2030.7091,220.0,21.873,4.677,4.497,7.344
2462541.500,2462771.500,2030.1068,2030.7365,230.0,15.377,3.921,3.705,6.555
2462541.500,2462781.500,2030.1068,2030.7639,240.0,11.317,3.364,3.109,6.035
2462541.500,2462791.500,2030.1068,2030.7912,250.0,9.212,3.035,2.749,5.756
2462541.500,2462801.500,2030.1068,2030.8186,260.0,8.680,2.946,2.650,5.684
2462541.500,2462811.500,2030.1068,2030.8460,270.0,9.415,3.068,2.786,5.783
2462541.500,2462821.500,2030.1068,2030.8734,280.0,11.174,3.343,3.085,6.016
2462541.500,2462831.500,2030.1068,2030.9008,290.0,13.760,3.709,3.479,6.350
2462541.500,2462841.500,2030.1068,2030.9281,300.0,17.011,4.124,3.918,6.757
2462541.500,2462851.500,2030.1068,2030.9555,310.0,20.798,4.561,4.375,7.216
2462541.500,2462861.500,2030.1068,2030.9829,320.0,25.015,5.001,4.833,7.709
2462541.500,2462871.500,2030.1068,2031.0103,330.0,29.571,5.438,5.283,8.223
2462541.500,2462881.500,2030.1068,2031.0376,340.0,34.397,5.865,5.722,8.749
2462541.500,2462891.500,2030.1068,2031.0650,350.0,39.431,6.279,6.146,9.279
2462541.500,2462901.500,2030.1068,2031.0924,360.0,44.624,6.680,6.555,9.809
2462541.500,2462911.500,2030.1068,2031.1198,370.0,49.935,7.066,6.948,10.335
2462541.500,2462921.500,2030.1068,2031.1472,380.0,55.329,7.438,7.326,10.854
2462541.500,2462931.500,2030.1068,2031.1745,390.0,60.779,7.796,7.689,11.364
2462541.500,2462941.500,2030.1068,2031.2019,400.0,66.260,8.140,8.037,11.864
2462541.500,2462951.500,2030.1068,2031.2293,410.0,71.752,8.471,8.372,12.352
2462541.500,2462961.500,2030.1068,2031.2567,420.0,77.240,8.789,8.694,12.829
2462541.500,2462971.500,2030.1068,2031.2841,430.0,82.710,9.094,9.003,13.294
2462541.500,2462981.500,2030.1068,2031.3114,440.0,88.150,9.389,9.300,13.747
2462541.500,2462991.500,2030.1068,2031.3388,450.0,93.551,9.672,9.586,14.188
2462561.500,2462641.500,2030.1615,2030.3806,80.0,1837.884,42.871,42.852,76.227
2462561.500,2462651.500,2030.1615,2030.4079,90.0,1317.465,36.297,36.275,63.364
2462561.500,2462661.500,2030.1615,2030.4353,100.0,960.663,30.995,30.968,53.070
2462561.500,2462671.500,2030.1615,2030.4627,110.0,708.802,26.623,26.593,44.669
2462561.500,2462681.500,2030.1615,2030.4901,120.0,526.965,22.956,22.920,37.710
2462561.500,2462691.500,2030.1615,2030.5175,130.0,393.383,19.834,19.793,31.881
2462561.500,2462701.500,2030.1615,2030.5448,140.0,293.954,17.145,17.097,26.960
2462561.500,2462711.500,2030.1615,2030.5722,150.0,219.241,14.807,14.751,22.786
2462561.500,2462721.500,2030.1615,2030.5996,160.0,162.759,12.758,12.693,19.241
2462561.500,2462731.500,2030.1615,2030.6270,170.0,119.939,10.952,10.876,16.233
2462561.500,2462741.500,2030.1615,2030.6543,180.0,87.503,9.354,9.266,13.695
2462561.500,2462751.500,2030.1615,2030.6817,190.0,63.052,7.941,7.836,11.573
2462561.500,2462761.500,2030.1615,2030.7091,200.0,44.805,6.694,6.569,9.828
2462561.500,2462771.500,2030.1615,2030.7365,210.0,31.419,5.605,5.456,8.427
2462561.500,2462781.500,2030.1615,2030.7639,220.0,21.873,4.677,4.497,7.344
2462561.500,2462791.500,2030.1615,2030.7912,230.0,15.377,3.921,3.705,6.555
2462561.500,2462801.500,2030.1615,2030.8186,240.0,11.317,3.364,3.109,6.035
2462561.500,2462811.500,2030.1615,2030.8460,250.0,9.212,3.035,2.749,5.756
2462561.500,2462821.500,2030.1615,2030.8734,260.0,8.680,2.946,2.650,5.684
2462561.500,2462831.500,2030.1615,2030.9008,270.0,9.415,3.068,2.786,5.783
2462561.500,2462841.500,2030.1615,2030.9281,280.0,11.174,3.343,3.085,6.016
2462561.500,2462851.500,2030.1615,2030.9555,290.0,13.760,3.709,3.479,6.350
2462561.500,2462861.500,2030.1615,2030.9829,300.0,17.011,4.124,3.918,6.757
2462561.500,2462871.500,2030.1615,2031.0103,310.0,20.799,4.561,4.375,7.216
2462561.500,2462881.500,2030.1615,2031.0376,320.0,25.015,5.001,4.833,7.709
2462561.500,2462891.500,2030.1615,2031.0650,330.0,29.572,5.438,5.283,8.223
2462561.500,2462901.500,2030.1615,2031.0924,340.0,34.397,5.865,5.722,8.749
2462561.500,2462911.500,2030.1615,2031.1198,350.0,39.431,6.279,6.146,9.279
2462561.500,2462921.500,2030.1615,2031.1472,360.0,44.624,6.680,6.555,9.809
2462561.500,2462931.500,2030.1615,2031.1745,370.0,49.935,7.066,6.948,10.335
2462561.500,2462941.500,2030.1615,2031.2019,380.0,55.329,7.438,7.326,10.854
2462561.500,2462951.500,2030.1615,2031.2293,390.0,60.779,7.796,7.689,11.364
2462561.500,2462961.500,2030.1615,2031.2567,400.0,66.260,8.140,8.037,11.864
2462561.500,2462971.500,2030.1615,2031.2841,410.0,71.752,8.471,8.372,12.352
2462561.500,2462981.500,2030.1615,2031.3114,420.0,77.240,8.789,8.694,12.829
2462561.500,2462991.500,2030.1615,2031.3388,430.0,82.710,9.095,9.003,13.294
2462561.500,2463001.500,2030.1615,2031.3662,440.0,88.150,9.389,9.300,13.747
2462561.500,2463011.500,2030.1615,2031.3936,450.0,93.551,9.672,9.586,14.188
2462581.500,2462661.500,2030.2163,2030.4353,80.0,1837.883,42.871,42.852,76.227
2462581.500,2462671.500,2030.2163,2030.4627,90.0,1317.464,36.297,36.275,63.364
2462581.500,2462681.500,2030.2163,2030.4901,100.0,960.662,30.995,30.968,53.070
2462581.500,2462691.500,2030.2163,2030.5175,110.0,708.801,26.623,26.593,44.669
2462581.500,2462701.500,2030.2163,2030.5448,120.0,526.964,22.956,22.920,37.710
2462581.500,2462711.500,2030.2163,2030.5722,130.0,393.382,19.834,19.793,31.881
2462581.500,2462721.500,2030.2163,2030.5996,140.0,293.953,17.145,17.097,26.960
2462581.500,2462731.500,2030.2163,2030.6270,150.0,219.241,14.807,14.751,22.786
2462581.500,2462741.500,2030.2163,2030.6543,160.0,162.758,12.758,12.693,19.241
2462581.500,2462751.500,2030.2163,2030.6817,170.0,119.939,10.952,10.876,16.233
2462581.500,2462761.500,2030.2163,2030.7091,180.0,87.503,9.354,9.266,13.695
2462581.500,2462771.500,2030.2163,2030.7365,190.0,63.052,7.941,7.836,11.573
2462581.500,2462781.500,2030.2163,2030.7639,200.0,44.805,6.694,6.569,9.828
2462581.500,2462791.500,2030.2163,2030.7912,210.0,31.419,5.605,5.456,8.427
2462581.500,2462801.500,2030.2163,2030.8186,220.0,21.873,4.677,4.497,7.344
2462581.500,2462811.500,2030.2163,2030.8460,230.0,15.377,3.921,3.705,6.555
2462581.500,2462821.500,2030.2163,2030.8734,240.0,11.317,3.364,3.109,6.035
2462581.500,2462831.500,2030.2163,2030.9008,250.0,9.212,3.035,2.749,5.756
2462581.500,2462841.500,2030.2163,2030.9281,260.0,8.680,2.946,2.650,5.684
2462581.500,2462851.500,2030.2163,2030.9555,270.0,9.415,3.068,2.786,5.783
2462581.500,2462861.500,2030.2163,2030.9829,280.0,11.174,3.343,3.085,6.016
2462581.500,2462871.500,2030.2163,2031.0103,290.0,13.760,3.709,3.479,6.350
2462581.500,2462881.500,2030.2163,2031.0376,300.0,17.011,4.124,3.918,6.757
2462581.500,2462891.500,2030.2163,2031.0650,310.0,20.799,4.561,4.375,7.216
2462581.500,2462901.500,2030.2163,2031.0924,320.0,25.015,5.001,4.833,7.709
2462581.500,2462911.500,2030.2163,2031.1198,330.0,29.572,5.438,5.283,8.223
2462581.500,2462921.500,2030.2163,2031.1472,340.0,34.397,5.865,5.722,8.749
2462581.500,2462931.500,2030.2163,2031.1745,350.0,39.431,6.279,6.146,9.279
2462581.500,2462941.500,2030.2163,2031.2019,360.0,44.624,6.680,6.555,9.809
2462581.500,2462951.500,2030.2163,2031.2293,370.0,49.935,7.066,6.948,10.335
2462581.500,2462961.500,2030.2163,2031.2567,380.0,55.330,7.438,7.326,10.854
2462581.500,2462971.500,2030.2163,2031.2841,390.0,60.779,7.796,7.689,11.364
2462581.500,2462981.500,2030.2163,2031.3114,400.0,66.260,8.140,8.037,11.864
2462581.500,2462991.500,2030.2163,2031.3388,410.0,71.753,8.471,8.372,12.352
2462581.500,2463001.500,2030.2163,2031.3662,420.0,77.241,8.789,8.694,12.829
2462581.500,2463011.500,2030.2163,2031.3936,430.0,82.710,9.095,9.003,13.294
2462581.500,2463021.500,2030.2163,2031.4209,440.0,88.150,9.389,9.300,13.747
2462581.500,2463031.500,2030.2163,2031.4483,450.0,93.551,9.672,9.586,14.188
2462601.500,2462681.500,2030.2710,2030.4901,80.0,1837.881,42.871,42.852,76.227
2462601.500,2462691.500,2030.2710,2030.5175,90.0,1317.463,36.297,36.275,63.364
2462601.500,2462701.500,2030.2710,2030.5448,100.0,960.661,30.995,30.968,53.070
2462601.500,2462711.500,2030.2710,2030.5722,110.0,708.800,26.623,26.593,44.669
2462601.500,2462721.500,2030.2710,2030.5996,120.0,526.963,22.956,22.920,37.710
2462601.500,2462731.500,2030.2710,2030.6270,130.0,393.382,19.834,19.793,31.881
2462601.500,2462741.500,2030.2710,2030.6543,140.0,293.953,17.145,17.097,26.960
2462601.500,2462751.500,2030.2710,2030.6817,150.0,219.240,14.807,14.751,22.786
2462601.500,2462761.500,2030.2710,2030.7091,160.0,162.758,12.758,12.693,19.241
2462601.500,2462771.500,2030.2710,2030.7365,170.0,119.938,10.952,10.876,16.233
2462601.500,2462781.500,2030.2710,2030.7639,180.0,87.503,9.354,9.266,13.695
2462601.500,2462791.500,2030.2710,2030.7912,190.0,63.052,7.941,7.836,11.573
2462601.500,2462801.500,2030.2710,2030.8186,200.0,44.804,6.694,6.569,9.828
2462601.500,2462811.500,2030.2710,2030.8460,210.0,31.419,5.605,5.456,8.427
2462601.500,2462821.500,2030.2710,2030.8734,220.0,21.873,4.677,4.497,7.344
2462601.500,2462831.500,2030.2710,2030.9008,230.0,15.377,3.921,3.705,6.555
2462601.500,2462841.500,2030.2710,2030.9281,240.0,11.317,3.364,3.109,6.035
2462601.500,2462851.500,2030.2710,2030.9555,250.0,9.212,3.035,2.749,5.756
2462601.500,2462861.500,2030.2710,2030.9829,260.0,8.680,2.946,2.650,5.684
2462601.500,2462871.500,2030.2710,2031.0103,270.0,9.415,3.068,2.786,5.783
2462601.500,2462881.500,2030.2710,2031.0376,280.0,11.174,3.343,3.085,6.016
2462601.500,2462891.500,2030.2710,2031.0650,290.0,13.760,3.709,3.479,6.350
2462601.500,2462901.500,2030.2710,2031.0924,300.0,17.011,4.124,3.918,6.757
2462601.500,2462911.500,2030.2710,2031.1198,310.0,20.799,4.561,4.375,7.216
2462601.500,2462921.500,2030.2710,2031.1472,320.0,25.015,5.001,4.833,7.709
2462601.500,2462931.500,2030.2710,2031.1745,330.0,29.572,5.438,5.283,8.223
2462601.500,2462941.500,2030.2710,2031.2019,340.0,34.397,5.865,5.722,8.749
2462601.500,2462951.500,2030.2710,2031.2293,350.0,39.431,6.279,6.146,9.279
2462601.500,2462961.500,2030.2710,2031.2567,360.0,44.625,6.680,6.555,9.809
2462601.500,2462971.500,2030.2710,2031.2841,370.0,49.935,7.067,6.948,10.335
2462601.500,2462981.500,2030.2710,2031.3114,380.0,55.330,7.438,7.326,10.854
2462601.500,2462991.500,2030.2710,2031.3388,390.0,60.779,7.796,7.689,11.364
2462601.500,2463001.500,2030.2710,2031.3662,400.0,66.260,8.140,8.037,11.864
2462601.500,2463011.500,2030.2710,2031.3936,410.0,71.753,8.471,8.372,12.352
2462601.500,2463021.500,2030.2710,2031.4209,420.0,77.241,8.789,8.694,12.829
2462601.500,2463031.500,2030.2710,2031.4483,430.0,82.711,9.095,9.003,13.294
2462601.500,2463041.500,2030.2710,2031.4757,440.0,88.150,9.389,9.300,13.747
2462601.500,2463051.500,2030.2710,2031.5031,450.0,93.552,9.672,9.586,14.188
2462621.500,2462701.500,2030.3258,2030.5448,80.0,1837.880,42.871,42.852,76.227
2462621.500,2462711.500,2030.3258,2030.5722,90.0,1317.461,36.297,36.275,63.364
2462621.500,2462721.500,2030.3258,2030.5996,100.0,960.660,30.995,30.968,53.070
2462621.500,2462731.500,2030.3258,2030.6270,110.0,708.799,26.623,26.593,44.669
2462621.500,2462741.500,2030.3258,2030.6543,120.0,526.962,22.956,22.920,37.710
2462621.500,2462751.500,2030.3258,2030.6817,130.0,393.381,19.834,19.793,31.881
2462621.500,2462761.500,2030.3258,2030.7091,140.0,293.952,17.145,17.097,26.960
2462621.500,2462771.500,2030.3258,2030.7365,150.0,219.240,14.807,14.751,22.786
2462621.500,2462781.500,2030.3258,2030.7639,160.0,162.757,12.758,12.693,19.241
2462621.500,2462791.500,2030.3258,2030.7912,170.0,119.938,10.952,10.876,16.233
2462621.500,2462801.500,2030.3258,2030.8186,180.0,87.502,9.354,9.266,13.695
2462621.500,2462811.500,2030.3258,2030.8460,190.0,63.051,7.940,7.836,11.573
2462621.500,2462821.500,2030.3258,2030.8734,200.0,44.804,6.694,6.569,9.828
2462621.500,2462831.500,2030.3258,2030.9008,210.0,31.419,5.605,5.456,8.427
2462621.500,2462841.500,2030.3258,2030.9281,220.0,21.872,4.677,4.497,7.344
2462621.500,2462851.500,2030.3258,2030.9555,230.0,15.377,3.921,3.705,6.555
2462621.500,2462861.500,2030.3258,2030.9829,240.0,11.317,3.364,3.109,6.035
2462621.500,2462871.500,2030.3258,2031.0103,250.0,9.212,3.035,2.749,5.756
2462621.500,2462881.500,2030.3258,2031.0376,260.0,8.680,2.946,2.650,5.684
2462621.500,2462891.500,2030.3258,2031.0650,270.0,9.415,3.068,2.786,5.783
2462621.500,2462901.500,2030.3258,2031.0924,280.0,11.174,3.343,3.085,6.016
2462621.500,2462911.500,2030.3258,2031.1198,290.0,13.760,3.709,3.479,6.350
2462621.500,2462921.500,2030.3258,2031.1472,300.0,17.012,4.125,3.918,6.757
2462621.500,2462931.500,2030.3258,2031.1745,310.0,20.799,4.561,4.375,7.216
2462621.500,2462941.500,2030.3258,2031.2019,320.0,25.015,5.002,4.833,7.709
2462621.500,2462951.500,2030.3258,2031.2293,330.0,29.572,5.438,5.283,8.223
2462621.500,2462961.500,2030.3258,2031.2567,340.0,34.398,5.865,5.722,8.749
2462621.500,2462971.500,2030.3258,2031.2841,350.0,39.432,6.279,6.146,9.279
2462621.500,2462981.500,2030.3258,2031.3114,360.0,44.625,6.680,6.555,9.809
2462621.500,2462991.500,2030.3258,2031.3388,370.0,49.936,7.067,6.948,10.335
2462621.500,2463001.500,2030.3258,2031.3662,380.0,55.330,7.438,7.326,10.854
2462621.500,2463011.500,2030.3258,2031.3936,390.0,60.780,7.796,7.689,11.364
2462621.500,2463021.500,2030.3258,2031.4209,400.0,66.261,8.140,8.037,11.864
2462621.500,2463031.500,2030.3258,2031.4483,410.0,71.753,8.471,8.372,12.352
2462621.500,2463041.500,2030.3258,2031.4757,420.0,77.241,8.789,8.694,12.829
2462621.500,2463051.500,2030.3258,2031.5031,430.0,82.711,9.095,9.003,13.294
2462621.500,2463061.500,2030.3258,2031.5305,440.0,88.151,9.389,9.300,13.747
2462621.500,2463071.500,2030.3258,2031.5578,450.0,93.552,9.672,9.586,14.188
2462641.500,2462721.500,2030.3806,2030.5996,80.0,1837.879,42.870,42.852,76.227
2462641.500,2462731.500,2030.3806,2030.6270,90.0,1317.460,36.297,36.275,63.364
2462641.500,2462741.500,2030.3806,2030.6543,100.0,960.659,30.994,30.968,53.070
2462641.500,2462751.500,2030.3806,2030.6817,110.0,708.798,26.623,26.593,44.669
2462641.500,2462761.500,2030.3806,2030.7091,120.0,526.962,22.956,22.920,37.710
2462641.500,2462771.500,2030.3806,2030.7365,130.0,393.380,19.834,19.793,31.881
2462641.500,2462781.500,2030.3806,2030.7639,140.0,293.951,17.145,17.097,26.960
2462641.500,2462791.500,2030.3806,2030.7912,150.0,219.239,14.807,14.751,22.786
2462641.500,2462801.500,2030.3806,2030.8186,160.0,162.757,12.758,12.693,19.241
2462641.500,2462811.500,2030.3806,2030.8460,170.0,119.938,10.952,10.876,16.233
2462641.500,2462821.500,2030.3806,2030.8734,180.0,87.502,9.354,9.266,13.695
2462641.500,2462831.500,2030.3806,2030.9008,190.0,63.051,7.940,7.836,11.573
2462641.500,2462841.500,2030.3806,2030.9281,200.0,44.804,6.694,6.569,9.828
2462641.500,2462851.500,2030.3806,2030.9555,210.0,31.419,5.605,5.456,8.427
2462641.500,2462861.500,2030.3806,2030.9829,220.0,21.872,4.677,4.497,7.344
2462641.500,2462871.500,2030.3806,2031.0103,230.0,15.376,3.921,3.705,6.555
2462641.500,2462881.500,2030.3806,2031.0376,240.0,11.317,3.364,3.109,6.035
2462641.500,2462891.500,2030.3806,2031.0650,250.0,9.212,3.035,2.749,5.756
2462641.500,2462901.500,2030.3806,2031.0924,260.0,8.680,2.946,2.650,5.684
2462641.500,2462911.500,2030.3806,2031.1198,270.0,9.415,3.068,2.786,5.783
2462641.500,2462921.500,2030.3806,2031.1472,280.0,11.174,3.343,3.085,6.016
2462641.500,2462931.500,2030.3806,2031.1745,290.0,13.760,3.709,3.479,6.350
2462641.500,2462941.500,2030.3806,2031.2019,300.0,17.012,4.125,3.918,6.757
2462641.500,2462951.500,2030.3806,2031.2293,310.0,20.799,4.561,4.375,7.216
2462641.500,2462961.500,2030.3806,2031.2567,320.0,25.015,5.002,4.833,7.709
2462641.500,2462971.500,2030.3806,2031.2841,330.0,29.572,5.438,5.283,8.223
2462641.500,2462981.500,2030.3806,2031.3114,340.0,34.398,5.865,5.722,8.749
2462641.500,2462991.500,2030.3806,2031.3388,350.0,39.432,6.279,6.146,9.279
2462641.500,2463001.500,2030.3806,2031.3662,360.0,44.625,6.680,6.555,9.809
2462641.500,2463011.500,2030.3806,2031.3936,370.0,49.936,7.067,6.948,10.335
2462641.500,2463021.500,2030.3806,2031.4209,380.0,55.330,7.438,7.326,10.854
2462641.500,2463031.500,2030.3806,2031.4483,390.0,60.780,7.796,7.689,11.364
2462641.500,2463041.500,2030.3806,2031.4757,400.0,66.261,8.140,8.037,11.864
2462641.500,2463051.500,2030.3806,2031.5031,410.0,71.754,8.471,8.372,12.352
2462641.500,2463061.500,2030.3806,2031.5305,420.0,77.241,8.789,8.694,12.829
2462641.500,2463071.500,2030.3806,2031.5578,430.0,82.711,9.095,9.003,13.294
2462641.500,2463081.500,2030.3806,2031.5852,440.0,88.151,9.389,9.300,13.747
2462641.500,2463091.500,2030.3806,2031.6126,450.0,93.552,9.672,9.586,14.188
2462661.500,2462741.500,2030.4353,2030.6543,80.0,1837.877,42.870,42.852,76.227
2462661.500,2462751.500,2030.4353,2030.6817,90.0,1317.459,36.297,36.275,63.364
2462661.500,2462761.500,2030.4353,2030.7091,100.0,960.658,30.994,30.968,53.070
2462661.500,2462771.500,2030.4353,2030.7365,110.0,708.797,26.623,26.593,44.669
2462661.500,2462781.500,2030.4353,2030.7639,120.0,526.961,22.956,22.920,37.710
2462661.500,2462791.500,2030.4353,2030.7912,130.0,393.380,19.834,19.793,31.881
2462661.500,2462801.500,2030.4353,2030.8186,140.0,293.951,17.145,17.097,26.960
2462661.500,2462811.500,2030.4353,2030.8460,150.0,219.239,14.807,14.751,22.786
2462661.500,2462821.500,2030.4353,2030.8734,160.0,162.756,12.758,12.693,19.241
2462661.500,2462831.500,2030.4353,2030.9008,170.0,119.937,10.952,10.876,16.233
2462661.500,2462841.500,2030.4353,2030.9281,180.0,87.502,9.354,9.266,13.695
2462661.500,2462851.500,2030.4353,2030.9555,190.0,63.051,7.940,7.836,11.573
2462661.500,2462861.500,2030.4353,2030.9829,200.0,44.804,6.694,6.569,9.828
2462661.500,2462871.500,2030.4353,2031.0103,210.0,31.418,5.605,5.456,8.427
2462661.500,2462881.500,2030.4353,2031.0376,220.0,21.872,4.677,4.497,7.344
2462661.500,2462891.500,2030.4353,2031.0650,230.0,15.376,3.921,3.705,6.555
2462661.500,2462901.500,2030.4353,2031.0924,240.0,11.317,3.364,3.109,6.035
2462661.500,2462911.500,2030.4353,2031.1198,250.0,9.212,3.035,2.749,5.756
2462661.500,2462921.500,2030.4353,2031.1472,260.0,8.680,2.946,2.650,5.684
2462661.500,2462931.500,2030.4353,2031.1745,270.0,9.415,3.068,2.786,5.783
2462661.500,2462941.500,2030.4353,2031.2019,280.0,11.174,3.343,3.085,6.016
2462661.500,2462951.500,2030.4353,2031.2293,290.0,13.760,3.709,3.479,6.350
2462661.500,2462961.500,2030.4353,2031.2567,300.0,17.012,4.125,3.918,6.757
2462661.500,2462971.500,2030.4353,2031.2841,310.0,20.799,4.561,4.375,7.216
2462661.500,2462981.500,2030.4353,2031.3114,320.0,25.015,5.002,4.833,7.709
2462661.500,2462991.500,2030.4353,2031.3388,330.0,29.572,5.438,5.283,8.223
2462661.500,2463001.500,2030.4353,2031.3662,340.0,34.398,5.865,5.722,8.749
2462661.500,2463011.500,2030.4353,2031.3936,350.0,39.432,6.279,6.146,9.279
2462661.500,2463021.500,2030.4353,2031.4209,360.0,44.625,6.680,6.555,9.809
2462661.500,2463031.500,2030.4353,2031.4483,370.0,49.936,7.067,6.948,10.335
2462661.500,2463041.500,2030.4353,2031.4757,380.0,55.331,7.438,7.326,10.854
2462661.500,2463051.500,2030.4353,2031.5031,390.0,60.780,7.796,7.689,11.364
2462661.500,2463061.500,2030.4353,2031.5305,400.0,66.261,8.140,8.037,11.864
2462661.500,2463071.500,2030.4353,2031.5578,410.0,71.754,8.471,8.372,12.352
2462661.500,2463081.500,2030.4353,2031.5852,420.0,77.242,8.789,8.694,12.829
2462661.500,2463091.500,2030.4353,2031.6126,430.0,82.711,9.095,9.003,13.294
2462661.500,2463101.500,2030.4353,2031.6400,440.0,88.151,9.389,9.300,13.747
2462661.500,2463111.500,2030.4353,2031.6674,450.0,93.552,9.672,9.586,14.188
2462681.500,2462761.500,2030.4901,2030.7091,80.0,1837.876,42.870,42.852,76.227
2462681.500,2462771.500,2030.4901,2030.7365,90.0,1317.458,36.297,36.275,63.364
2462681.500,2462781.500,2030.4901,2030.7639,100.0,960.657,30.994,30.968,53.070
2462681.500,2462791.500,2030.4901,2030.7912,110.0,708.796,26.623,26.593,44.669
2462681.500,2462801.500,2030.4901,2030.8186,120.0,526.960,22.956,22.920,37.710
2462681.500,2462811.500,2030.4901,2030.8460,130.0,393.379,19.834,19.793,31.881
2462681.500,2462821.500,2030.4901,2030.8734,140.0,293.950,17.145,17.097,26.960
2462681.500,2462831.500,2030.4901,2030.9008,150.0,219.238,14.807,14.751,22.786
2462681.500,2462841.500,2030.4901,2030.9281,160.0,162.756,12.758,12.693,19.241
2462681.500,2462851.500,2030.4901,2030.9555,170.0,119.937,10.952,10.876,16.233
2462681.500,2462861.500,2030.4901,2030.9829,180.0,87.501,9.354,9.266,13.695
2462681.500,2462871.500,2030.4901,2031.0103,190.0,63.051,7.940,7.836,11.573
2462681.500,2462881.500,2030.4901,2031.0376,200.0,44.804,6.694,6.569,9.828
2462681.500,2462891.500,2030.4901,2031.0650,210.0,31.418,5.605,5.456,8.427
2462681.500,2462901.500,2030.4901,2031.0924,220.0,21.872,4.677,4.497,7.344
2462681.500,2462911.500,2030.4901,2031.1198,230.0,15.376,3.921,3.705,6.555
2462681.500,2462921.500,2030.4901,2031.1472,240.0,11.317,3.364,3.109,6.035
2462681.500,2462931.500,2030.4901,2031.1745,250.0,9.212,3.035,2.749,5.756
2462681.500,2462941.500,2030.4901,2031.2019,260.0,8.680,2.946,2.650,5.684
2462681.500,2462951.500,2030.4901,2031.2293,270.0,9.415,3.068,2.786,5.783
2462681.500,2462961.500,2030.4901,2031.2567,280.0,11.175,3.343,3.085,6.016
2462681.500,2462971.500,2030.4901,2031.2841,290.0,13.760,3.709,3.479,6.350
2462681.500,2462981.500,2030.4901,2031.3114,300.0,17.012,4.125,3.918,6.757
2462681.500,2462991.500,2030.4901,2031.3388,310.0,20.799,4.561,4.375,7.216
2462681.500,2463001.500,2030.4901,2031.3662,320.0,25.015,5.002,4.833,7.709
2462681.500,2463011.500,2030.4901,2031.3936,330.0,29.573,5.438,5.283,8.223
2462681.500,2463021.500,2030.4901,2031.4209,340.0,34.398,5.865,5.722,8.749
2462681.500,2463031.500,2030.4901,2031.4483,350.0,39.432,6.280,6.146,9.280
2462681.500,2463041.500,2030.4901,2031.4757,360.0,44.625,6.680,6.555,9.809
2462681.500,2463051.500,2030.4901,2031.5031,370.0,49.936,7.067,6.948,10.335
2462681.500,2463061.500,2030.4901,2031.5305,380.0,55.331,7.438,7.326,10.854
2462681.500,2463071.500,2030.4901,2031.5578,390.0,60.780,7.796,7.689,11.364
2462681.500,2463081.500,2030.4901,2031.5852,400.0,66.261,8.140,8.037,11.864
2462681.500,2463091.500,2030.4901,2031.6126,410.0,71.754,8.471,8.372,12.352
2462681.500,2463101.500,2030.4901,2031.6400,420.0,77.242,8.789,8.694,12.829
2462681.500,2463111.500,2030.4901,2031.6674,430.0,82.712,9.095,9.003,13.294
2462681.500,2463121.500,2030.4901,2031.6947,440.0,88.152,9.389,9.300,13.747
2462681.500,2463131.500,2030.4901,2031.7221,450.0,93.553,9.672,9.586,14.188
2462701.500,2462781.500,2030.5448,2030.7639,80.0,1837.874,42.870,42.852,76.227
2462701.500,2462791.500,2030.5448,2030.7912,90.0,1317.456,36.297,36.275,63.364
2462701.500,2462801.500,2030.5448,2030.8186,100.0,960.656,30.994,30.968,53.070
2462701.500,2462811.500,2030.5448,2030.8460,110.0,708.795,26.623,26.593,44.669
2462701.500,2462821.500,2030.5448,2030.8734,120.0,526.959,22.956,22.920,37.710
2462701.500,2462831.500,2030.5448,2030.9008,130.0,393.378,19.834,19.793,31.881
2462701.500,2462841.500,2030.5448,2030.9281,140.0,293.950,17.145,17.097,26.960
2462701.500,2462851.500,2030.5448,2030.9555,150.0,219.238,14.807,14.751,22.786
2462701.500,2462861.500,2030.5448,2030.9829,160.0,162.756,12.758,12.693,19.241
2462701.500,2462871.500,2030.5448,2031.0103,170.0,119.937,10.952,10.876,16.233
2462701.500,2462881.500,2030.5448,2031.0376,180.0,87.501,9.354,9.266,13.695
2462701.500,2462891.500,2030.5448,2031.0650,190.0,63.050,7.940,7.836,11.573
2462701.500,2462901.500,2030.5448,2031.0924,200.0,44.803,6.694,6.569,9.828
2462701.500,2462911.500,2030.5448,2031.1198,210.0,31.418,5.605,5.456,8.427
2462701.500,2462921.500,2030.5448,2031.1472,220.0,21.872,4.677,4.497,7.344
2462701.500,2462931.500,2030.5448,2031.1745,230.0,15.376,3.921,3.705,6.555
2462701.500,2462941.500,2030.5448,2031.2019,240.0,11.317,3.364,3.109,6.035
2462701.500,2462951.500,2030.5448,2031.2293,250.0,9.212,3.035,2.749,5.756
2462701.500,2462961.500,2030.5448,2031.2567,260.0,8.680,2.946,2.650,5.684
2462701.500,2462971.500,2030.5448,2031.2841,270.0,9.415,3.068,2.786,5.783
2462701.500,2462981.500,2030.5448,2031.3114,280.0,11.175,3.343,3.085,6.016
2462701.500,2462991.500,2030.5448,2031.3388,290.0,13.760,3.709,3.479,6.350
2462701.500,2463001.500,2030.5448,2031.3662,300.0,17.012,4.125,3.918,6.757
2462701.500,2463011.500,2030.5448,2031.3936,310.0,20.799,4.561,4.375,7.216
2462701.500,2463021.500,2030.5448,2031.4209,320.0,25.016,5.002,4.833,7.709
2462701.500,2463031.500,2030.5448,2031.4483,330.0,29.573,5.438,5.283,8.223
2462701.500,2463041.500,2030.5448,2031.4757,340.0,34.398,5.865,5.722,8.749
2462701.500,2463051.500,2030.5448,2031.5031,350.0,39.432,6.280,6.146,9.280
2462701.500,2463061.500,2030.5448,2031.5305,360.0,44.626,6.680,6.555,9.810
2462701.500,2463071.500,2030.5448,2031.5578,370.0,49.937,7.067,6.948,10.335
2462701.500,2463081.500,2030.5448,2031.5852,380.0,55.331,7.438,7.326,10.854
2462701.500,2463091.500,2030.5448,2031.6126,390.0,60.781,7.796,7.689,11.364
2462701.500,2463101.500,2030.5448,2031.6400,400.0,66.262,8.140,8.037,11.864
2462701.500,2463111.500,2030.5448,2031.6674,410.0,71.754,8.471,8.372,12.352
2462701.500,2463121.500,2030.5448,2031.6947,420.0,77.242,8.789,8.694,12.829
2462701.500,2463131.500,2030.5448,2031.7221,430.0,82.712,9.095,9.003,13.294
2462701.500,2463141.500,2030.5448,2031.7495,440.0,88.152,9.389,9.300,13.747
2462701.500,2463151.500,2030.5448,2031.7769,450.0,93.553,9.672,9.586,14.188
2462721.500,2462801.500,2030.5996,2030.8186,80.0,1837.873,42.870,42.852,76.227
2462721.500,2462811.500,2030.5996,2030.8460,90.0,1317.455,36.297,36.275,63.364
2462721.500,2462821.500,2030.5996,2030.8734,100.0,960.655,30.994,30.968,53.070
2462721.500,2462831.500,2030.5996,2030.9008,110.0,708.794,26.623,26.593,44.669
2462721.500,2462841.500,2030.5996,2030.9281,120.0,526.959,22.956,22.920,37.710
2462721.500,2462851.500,2030.5996,2030.9555,130.0,393.378,19.834,19.793,31.881
2462721.500,2462861.500,2030.5996,2030.9829,140.0,293.949,17.145,17.097,26.960
2462721.500,2462871.500,2030.5996,2031.0103,150.0,219.237,14.807,14.751,22.786
2462721.500,2462881.500,2030.5996,2031.0376,160.0,162.755,12.758,12.693,19.241
2462721.500,2462891.500,2030.5996,2031.0650,170.0,119.936,10.952,10.876,16.233
2462721.500,2462901.500,2030.5996,2031.0924,180.0,87.501,9.354,9.266,13.695
2462721.500,2462911.500,2030.5996,2031.1198,190.0,63.050,7.940,7.836,11.573
2462721.500,2462921.500,2030.5996,2031.1472,200.0,44.803,6.694,6.569,9.828
2462721.500,2462931.500,2030.5996,2031.1745,210.0,31.418,5.605,5.456,8.427
2462721.500,2462941.500,2030.5996,2031.2019,220.0,21.872,4.677,4.497,7.344
2462721.500,2462951.500,2030.5996,2031.2293,230.0,15.376,3.921,3.705,6.555
2462721.500,2462961.500,2030.5996,2031.2567,240.0,11.317,3.364,3.109,6.035
2462721.500,2462971.500,2030.5996,2031.2841,250.0,9.212,3.035,2.749,5.756
2462721.500,2462981.500,2030.5996,2031.3114,260.0,8.680,2.946,2.650,5.684
2462721.500,2462991.500,2030.5996,2031.3388,270.0,9.415,3.068,2.786,5.783
2462721.500,2463001.500,2030.5996,2031.3662,280.0,11.175,3.343,3.085,6.016
2462721.500,2463011.500,2030.5996,2031.3936,290.0,13.760,3.709,3.479,6.350
2462721.500,2463021.500,2030.5996,2031.4209,300.0,17.012,4.125,3.918,6.757
2462721.500,2463031.500,2030.5996,2031.4483,310.0,20.800,4.561,4.375,7.216
2462721.500,2463041.500,2030.5996,2031.4757,320.0,25.016,5.002,4.833,7.709
2462721.500,2463051.500,2030.5996,2031.5031,330.0,29.573,5.438,5.283,8.223
2462721.500,2463061.500,2030.5996,2031.5305,340.0,34.398,5.865,5.722,8.749
2462721.500,2463071.500,2030.5996,2031.5578,350.0,39.433,6.280,6.146,9.280
2462721.500,2463081.500,2030.5996,2031.5852,360.0,44.626,6.680,6.555,9.810
2462721.500,2463091.500,2030.5996,2031.6126,370.0,49.937,7.067,6.948,10.335
2462721.500,2463101.500,2030.5996,2031.6400,380.0,55.331,7.438,7.326,10.854
2462721.500,2463111.500,2030.5996,2031.6674,390.0,60.781,7.796,7.689,11.364
2462721.500,2463121.500,2030.5996,2031.6947,400.0,66.262,8.140,8.037,11.864
2462721.500,2463131.500,2030.5996,2031.7221,410.0,71.755,8.471,8.372,12.352
2462721.500,2463141.500,2030.5996,2031.7495,420.0,77.243,8.789,8.694,12.829
2462721.500,2463151.500,2030.5996,2031.7769,430.0,82.712,9.095,9.003,13.294
2462721.500,2463161.500,2030.5996,2031.8042,440.0,88.152,9.389,9.300,13.747
2462721.500,2463171.500,2030.5996,2031.8316,450.0,93.553,9.672,9.586,14.188
2462741.500,2462821.500,2030.6543,2030.8734,80.0,1837.871,42.870,42.852,76.227
2462741.500,2462831.500,2030.6543,2030.9008,90.0,1317.454,36.297,36.275,63.364
2462741.500,2462841.500,2030.6543,2030.9281,100.0,960.654,30.994,30.968,53.070
2462741.500,2462851.500,2030.6543,2030.9555,110.0,708.794,26.623,26.593,44.669
2462741.500,2462861.500,2030.6543,2030.9829,120.0,526.958,22.956,22.920,37.710
2462741.500,2462871.500,2030.6543,2031.0103,130.0,393.377,19.834,19.793,31.881
2462741.500,2462881.500,2030.6543,2031.0376,140.0,293.949,17.145,17.097,26.960
2462741.500,2462891.500,2030.6543,2031.0650,150.0,219.237,14.807,14.751,22.786
2462741.500,2462901.500,2030.6543,2031.0924,160.0,162.755,12.758,12.693,19.241
2462741.500,2462911.500,2030.6543,2031.1198,170.0,119.936,10.952,10.876,16.233
2462741.500,2462921.500,2030.6543,2031.1472,180.0,87.501,9.354,9.266,13.694
2462741.500,2462931.500,2030.6543,2031.1745,190.0,63.050,7.940,7.836,11.573
2462741.500,2462941.500,2030.6543,2031.2019,200.0,44.803,6.693,6.569,9.828
2462741.500,2462951.500,2030.6543,2031.2293,210.0,31.418,5.605,5.456,8.427
2462741.500,2462961.500,2030.6543,2031.2567,220.0,21.872,4.677,4.497,7.344
2462741.500,2462971.500,2030.6543,2031.2841,230.0,15.376,3.921,3.705,6.555
2462741.500,2462981.500,2030.6543,2031.3114,240.0,11.317,3.364,3.109,6.035
2462741.500,2462991.500,2030.6543,2031.3388,250.0,9.212,3.035,2.749,5.756
2462741.500,2463001.500,2030.6543,2031.3662,260.0,8.680,2.946,2.650,5.684
2462741.500,2463011.500,2030.6543,2031.3936,270.0,9.415,3.068,2.786,5.783
2462741.500,2463021.500,2030.6543,2031.4209,280.0,11.175,3.343,3.085,6.016
2462741.500,2463031.500,2030.6543,2031.4483,290.0,13.760,3.709,3.479,6.350
2462741.500,2463041.500,2030.6543,2031.4757,300.0,17.012,4.125,3.918,6.758
2462741.500,2463051.500,2030.6543,2031.5031,310.0,20.800,4.561,4.375,7.216
2462741.500,2463061.500,2030.6543,2031.5305,320.0,25.016,5.002,4.833,7.709
2462741.500,2463071.500,2030.6543,2031.5578,330.0,29.573,5.438,5.283,8.223
2462741.500,2463081.500,2030.6543,2031.5852,340.0,34.399,5.865,5.722,8.749
2462741.500,2463091.500,2030.6543,2031.6126,350.0,39.433,6.280,6.146,9.280
2462741.500,2463101.500,2030.6543,2031.6400,360.0,44.626,6.680,6.555,9.810
2462741.500,2463111.500,2030.6543,2031.6674,370.0,49.937,7.067,6.948,10.335
2462741.500,2463121.500,2030.6543,2031.6947,380.0,55.331,7.439,7.326,10.854
2462741.500,2463131.500,2030.6543,2031.7221,390.0,60.781,7.796,7.689,11.364
2462741.500,2463141.500,2030.6543,2031.7495,400.0,66.262,8.140,8.037,11.864
2462741.500,2463151.500,2030.6543,2031.7769,410.0,71.755,8.471,8.372,12.352
2462741.500,2463161.500,2030.6543,2031.8042,420.0,77.243,8.789,8.694,12.829
2462741.500,2463171.500,2030.6543,2031.8316,430.0,82.713,9.095,9.003,13.294
2462741.500,2463181.500,2030.6543,2031.8590,440.0,88.153,9.389,9.300,13.747
2462741.500,2463191.500,2030.6543,2031.8864,450.0,93.554,9.672,9.586,14.188
2462761.500,2462841.500,2030.7091,2030.9281,80.0,1837.870,42.870,42.852,76.227
2462761.500,2462851.500,2030.7091,2030.9555,90.0,1317.453,36.297,36.275,63.364
2462761.500,2462861.500,2030.7091,2030.9829,100.0,960.652,30.994,30.968,53.070
2462761.500,2462871.500,2030.7091,2031.0103,110.0,708.793,26.623,26.593,44.669
2462761.500,2462881.500,2030.7091,2031.0376,120.0,526.957,22.956,22.920,37.710
2462761.500,2462891.500,2030.7091,2031.0650,130.0,393.376,19.834,19.793,31.881
2462761.500,2462901.500,2030.7091,2031.0924,140.0,293.948,17.145,17.097,26.960
2462761.500,2462911.500,2030.7091,2031.1198,150.0,219.236,14.807,14.751,22.786
2462761.500,2462921.500,2030.7091,2031.1472,160.0,162.754,12.758,12.693,19.241
2462761.500,2462931.500,2030.7091,2031.1745,170.0,119.936,10.952,10.876,16.233
2462761.500,2462941.500,2030.7091,2031.2019,180.0,87.500,9.354,9.266,13.694
2462761.500,2462951.500,2030.7091,2031.2293,190.0,63.050,7.940,7.836,11.573
2462761.500,2462961.500,2030.7091,2031.2567,200.0,44.803,6.693,6.569,9.828
2462761.500,2462971.500,2030.7091,2031.2841,210.0,31.418,5.605,5.456,8.427
2462761.500,2462981.500,2030.7091,2031.3114,220.0,21.872,4.677,4.497,7.344
2462761.500,2462991.500,2030.7091,2031.3388,230.0,15.376,3.921,3.705,6.555
2462761.500,2463001.500,2030.7091,2031.3662,240.0,11.317,3.364,3.109,6.035
2462761.500,2463011.500,2030.7091,2031.3936,250.0,9.212,3.035,2.749,5.756
2462761.500,2463021.500,2030.7091,2031.4209,260.0,8.680,2.946,2.650,5.684
2462761.500,2463031.500,2030.7091,2031.4483,270.0,9.415,3.068,2.786,5.783
2462761.500,2463041.500,2030.7091,2031.4757,280.0,11.175,3.343,3.085,6.016
2462761.500,2463051.500,2030.7091,2031.5031,290.0,13.760,3.709,3.479,6.350
2462761.500,2463061.500,2030.7091,2031.5305,300.0,17.012,4.125,3.918,6.758
2462761.500,2463071.500,2030.7091,2031.5578,310.0,20.800,4.561,4.375,7.216
2462761.500,2463081.500,2030.7091,2031.5852,320.0,25.016,5.002,4.833,7.709
2462761.500,2463091.500,2030.7091,2031.6126,330.0,29.573,5.438,5.283,8.223
2462761.500,2463101.500,2030.7091,2031.6400,340.0,34.399,5.865,5.722,8.749
2462761.500,2463111.500,2030.7091,2031.6674,350.0,39.433,6.280,6.146,9.280
2462761.500,2463121.500,2030.7091,2031.6947,360.0,44.626,6.680,6.555,9.810
2462761.500,2463131.500,2030.7091,2031.7221,370.0,49.937,7.067,6.948,10.335
2462761.500,2463141.500,2030.7091,2031.7495,380.0,55.332,7.439,7.326,10.854
2462761.500,2463151.500,2030.7091,2031.7769,390.0,60.781,7.796,7.689,11.364
2462761.500,2463161.500,2030.7091,2031.8042,400.0,66.262,8.140,8.037,11.864
2462761.500,2463171.500,2030.7091,2031.8316,410.0,71.755,8.471,8.372,12.352
2462761.500,2463181.500,2030.7091,2031.8590,420.0,77.243,8.789,8.694,12.829
2462761.500,2463191.500,2030.7091,2031.8864,430.0,82.713,9.095,9.003,13.294
2462761.500,2463201.500,2030.7091,2031.9138,440.0,88.153,9.389,9.300,13.747
2462761.500,2463211.500,2030.7091,2031.9411,450.0,93.554,9.672,9.586,14.188
2462781.500,2462861.500,2030.7639,2030.9829,80.0,1837.868,42.870,42.852,76.227
2462781.500,2462871.500,2030.7639,2031.0103,90.0,1317.452,36.297,36.275,63.364
2462781.500,2462881.500,2030.7639,2031.0376,100.0,960.651,30.994,30.968,53.070
2462781.500,2462891.500,2030.7639,2031.0650,110.0,708.792,26.623,26.593,44.669
2462781.500,2462901.500,2030.7639,2031.0924,120.0,526.956,22.956,22.920,37.710
2462781.500,2462911.500,2030.7639,2031.1198,130.0,393.376,19.834,19.793,31.881
2462781.500,2462921.500,2030.7639,2031.1472,140.0,293.948,17.145,17.097,26.960
2462781.500,2462931.500,2030.7639,2031.1745,150.0,219.236,14.807,14.751,22.786
2462781.500,2462941.500,2030.7639,2031.2019,160.0,162.754,12.758,12.693,19.240
2462781.500,2462951.500,2030.7639,2031.2293,170.0,119.935,10.951,10.876,16.233
2462781.500,2462961.500,2030.7639,2031.2567,180.0,87.500,9.354,9.266,13.694
2462781.500,2462971.500,2030.7639,2031.2841,190.0,63.049,7.940,7.836,11.573
2462781.500,2462981.500,2030.7639,2031.3114,200.0,44.803,6.693,6.569,9.828
2462781.500,2462991.500,2030.7639,2031.3388,210.0,31.417,5.605,5.456,8.427
2462781.500,2463001.500,2030.7639,2031.3662,220.0,21.871,4.677,4.497,7.344
2462781.500,2463011.500,2030.7639,2031.3936,230.0,15.376,3.921,3.705,6.555
2462781.500,2463021.500,2030.7639,2031.4209,240.0,11.317,3.364,3.109,6.035
2462781.500,2463031.500,2030.7639,2031.4483,250.0,9.212,3.035,2.749,5.756
2462781.500,2463041.500,2030.7639,2031.4757,260.0,8.680,2.946,2.650,5.684
2462781.500,2463051.500,2030.7639,2031.5031,270.0,9.415,3.068,2.786,5.783
2462781.500,2463061.500,2030.7639,2031.5305,280.0,11.175,3.343,3.085,6.016
2462781.500,2463071.500,2030.7639,2031.5578,290.0,13.760,3.710,3.479,6.350
2462781.500,2463081.500,2030.7639,2031.5852,300.0,17.012,4.125,3.918,6.758
2462781.500,2463091.500,2030.7639,2031.6126,310.0,20.800,4.561,4.375,7.216
2462781.500,2463101.500,2030.7639,2031.6400,320.0,25.016,5.002,4.833,7.709
2462781.500,2463111.500,2030.7639,2031.6674,330.0,29.573,5.438,5.283,8.223
2462781.500,2463121.500,2030.7639,2031.6947,340.0,34.399,5.865,5.722,8.749
2462781.500,2463131.500,2030.7639,2031.7221,350.0,39.433,6.280,6.146,9.280
2462781.500,2463141.500,2030.7639,2031.7495,360.0,44.626,6.680,6.555,9.810
2462781.500,2463151.500,2030.7639,2031.7769,370.0,49.937,7.067,6.948,10.335
2462781.500,2463161.500,2030.7639,2031.8042,380.0,55.332,7.439,7.326,10.854
2462781.500,2463171.500,2030.7639,2031.8316,390.0,60.782,7.796,7.689,11.364
2462781.500,2463181.500,2030.7639,2031.8590,400.0,66.263,8.140,8.037,11.864
2462781.500,2463191.500,2030.7639,2031.8864,410.0,71.755,8.471,8.372,12.352
2462781.500,2463201.500,2030.7639,2031.9138,420.0,77.243,8.789,8.694,12.829
2462781.500,2463211.500,2030.7639,2031.9411,430.0,82.713,9.095,9.003,13.294
2462781.500,2463221.500,2030.7639,2031.9685,440.0,88.153,9.389,9.300,13.747
2462781.500,2463231.500,2030.7639,2031.9959,450.0,93.554,9.672,9.586,14.188
2462801.500,2462881.500,2030.8186,2031.0376,80.0,1837.867,42.870,42.852,76.227
2462801.500,2462891.500,2030.8186,2031.0650,90.0,1317.450,36.297,36.275,63.364
2462801.500,2462901.500,2030.8186,2031.0924,100.0,960.650,30.994,30.968,53.070
2462801.500,2462911.500,2030.8186,2031.1198,110.0,708.791,26.623,26.593,44.669
2462801.500,2462921.500,2030.8186,2031.1472,120.0,526.955,22.956,22.920,37.710
2462801.500,2462931.500,2030.8186,2031.1745,130.0,393.375,19.834,19.793,31.881
2462801.500,2462941.500,2030.8186,2031.2019,140.0,293.947,17.145,17.097,26.960
2462801.500,2462951.500,2030.8186,2031.2293,150.0,219.235,14.807,14.751,22.786
2462801.500,2462961.500,2030.8186,2031.2567,160.0,162.754,12.757,12.693,19.240
2462801.500,2462971.500,2030.8186,2031.2841,170.0,119.935,10.951,10.876,16.233
2462801.500,2462981.500,2030.8186,2031.3114,180.0,87.500,9.354,9.266,13.694
2462801.500,2462991.500,2030.8186,2031.3388,190.0,63.049,7.940,7.836,11.573
2462801.500,2463001.500,2030.8186,2031.3662,200.0,44.802,6.693,6.569,9.828
2462801.500,2463011.500,2030.8186,2031.3936,210.0,31.417,5.605,5.456,8.427
2462801.500,2463021.500,2030.8186,2031.4209,220.0,21.871,4.677,4.497,7.344
2462801.500,2463031.500,2030.8186,2031.4483,230.0,15.376,3.921,3.705,6.555
2462801.500,2463041.500,2030.8186,2031.4757,240.0,11.317,3.364,3.109,6.035
2462801.500,2463051.500,2030.8186,2031.5031,250.0,9.212,3.035,2.749,5.756
2462801.500,2463061.500,2030.8186,2031.5305,260.0,8.680,2.946,2.650,5.684
2462801.500,2463071.500,2030.8186,2031.5578,270.0,9.415,3.068,2.786,5.783
2462801.500,2463081.500,2030.8186,2031.5852,280.0,11.175,3.343,3.085,6.016
2462801.500,2463091.500,2030.8186,2031.6126,290.0,13.761,3.710,3.479,6.350
2462801.500,2463101.500,2030.8186,2031.6400,300.0,17.012,4.125,3.919,6.758
2462801.500,2463111.500,2030.8186,2031.6674,310.0,20.800,4.561,4.375,7.216
2462801.500,2463121.500,2030.8186,2031.6947,320.0,25.016,5.002,4.833,7.709
2462801.500,2463131.500,2030.8186,2031.7221,330.0,29.573,5.438,5.283,8.223
2462801.500,2463141.500,2030.8186,2031.7495,340.0,34.399,5.865,5.722,8.749
2462801.500,2463151.500,2030.8186,2031.7769,350.0,39.433,6.280,6.146,9.280
2462801.500,2463161.500,2030.8186,2031.8042,360.0,44.627,6.680,6.555,9.810
2462801.500,2463171.500,2030.8186,2031.8316,370.0,49.938,7.067,6.948,10.335
2462801.500,2463181.500,2030.8186,2031.8590,380.0,55.332,7.439,7.326,10.854
2462801.500,2463191.500,2030.8186,2031.8864,390.0,60.782,7.796,7.689,11.364
2462801.500,2463201.500,2030.8186,2031.9138,400.0,66.263,8.140,8.037,11.864
2462801.500,2463211.500,2030.8186,2031.9411,410.0,71.756,8.471,8.372,12.352
2462801.500,2463221.500,2030.8186,2031.9685,420.0,77.244,8.789,8.694,12.829
2462801.500,2463231.500,2030.8186,2031.9959,430.0,82.713,9.095,9.003,13.294
2462801.500,2463241.500,2030.8186,2032.0233,440.0,88.153,9.389,9.300,13.747
2462801.500,2463251.500,2030.8186,2032.0507,450.0,93.555,9.672,9.586,14.188
2462821.500,2462901.500,2030.8734,2031.0924,80.0,1837.866,42.870,42.852,76.227
2462821.500,2462911.500,2030.8734,2031.1198,90.0,1317.449,36.297,36.275,63.364
2462821.500,2462921.500,2030.8734,2031.1472,100.0,960.649,30.994,30.968,53.070
2462821.500,2462931.500,2030.8734,2031.1745,110.0,708.790,26.623,26.593,44.669
2462821.500,2462941.500,2030.8734,2031.2019,120.0,526.955,22.955,22.920,37.710
2462821.500,2462951.500,2030.8734,2031.2293,130.0,393.374,19.834,19.793,31.881
2462821.500,2462961.500,2030.8734,2031.2567,140.0,293.946,17.145,17.097,26.960
2462821.500,2462971.500,2030.8734,2031.2841,150.0,219.235,14.807,14.751,22.786
2462821.500,2462981.500,2030.8734,2031.3114,160.0,162.753,12.757,12.693,19.240
2462821.500,2462991.500,2030.8734,2031.3388,170.0,119.935,10.951,10.876,16.233
2462821.500,2463001.500,2030.8734,2031.3662,180.0,87.499,9.354,9.266,13.694
2462821.500,2463011.500,2030.8734,2031.3936,190.0,63.049,7.940,7.836,11.573
2462821.500,2463021.500,2030.8734,2031.4209,200.0,44.802,6.693,6.569,9.828
2462821.500,2463031.500,2030.8734,2031.4483,210.0,31.417,5.605,5.456,8.427
2462821.500,2463041.500,2030.8734,2031.4757,220.0,21.871,4.677,4.497,7.344
2462821.500,2463051.500,2030.8734,2031.5031,230.0,15.376,3.921,3.705,6.555
2462821.500,2463061.500,2030.8734,2031.5305,240.0,11.317,3.364,3.109,6.035
2462821.500,2463071.500,2030.8734,2031.5578,250.0,9.212,3.035,2.749,5.756
2462821.500,2463081.500,2030.8734,2031.5852,260.0,8.680,2.946,2.650,5.684
2462821.500,2463091.500,2030.8734,2031.6126,270.0,9.415,3.068,2.786,5.783
2462821.500,2463101.500,2030.8734,2031.6400,280.0,11.175,3.343,3.085,6.016
2462821.500,2463111.500,2030.8734,2031.6674,290.0,13.761,3.710,3.479,6.350
2462821.500,2463121.500,2030.8734,2031.6947,300.0,17.013,4.125,3.919,6.758
2462821.500,2463131.500,2030.8734,2031.7221,310.0,20.800,4.561,4.375,7.216
2462821.500,2463141.500,2030.8734,2031.7495,320.0,25.016,5.002,4.833,7.709
2462821.500,2463151.500,2030.8734,2031.7769,330.0,29.574,5.438,5.283,8.223
2462821.500,2463161.500,2030.8734,2031.8042,340.0,34.399,5.865,5.722,8.749
2462821.500,2463171.500,2030.8734,2031.8316,350.0,39.434,6.280,6.146,9.280
2462821.500,2463181.500,2030.8734,2031.8590,360.0,44.627,6.680,6.555,9.810
2462821.500,2463191.500,2030.8734,2031.8864,370.0,49.938,7.067,6.948,10.335
2462821.500,2463201.500,2030.8734,2031.9138,380.0,55.332,7.439,7.326,10.854
2462821.500,2463211.500,2030.8734,2031.9411,390.0,60.782,7.796,7.689,11.364
2462821.500,2463221.500,2030.8734,2031.9685,400.0,66.263,8.140,8.037,11.864
2462821.500,2463231.500,2030.8734,2031.9959,410.0,71.756,8.471,8.372,12.352
2462821.500,2463241.500,2030.8734,2032.0233,420.0,77.244,8.789,8.694,12.829
2462821.500,2463251.500,2030.8734,2032.0507,430.0,82.714,9.095,9.003,13.294
2462821.500,2463261.500,2030.8734,2032.0780,440.0,88.154,9.389,9.300,13.747
2462821.500,2463271.500,2030.8734,2032.1054,450.0,93.555,9.672,9.586,14.188
2462841.500,2462921.500,2030.9281,2031.1472,80.0,1837.864,42.870,42.852,76.227
2462841.500,2462931.500,2030.9281,2031.1745,90.0,1317.448,36.297,36.275,63.363
2462841.500,2462941.500,2030.9281,2031.2019,100.0,960.648,30.994,30.968,53.070
2462841.500,2462951.500,2030.9281,2031.2293,110.0,708.789,26.623,26.593,44.669
2462841.500,2462961.500,2030.9281,2031.2567,120.0,526.954,22.955,22.920,37.710
2462841.500,2462971.500,2030.9281,2031.2841,130.0,393.374,19.834,19.793,31.881
2462841.500,2462981.500,2030.9281,2031.3114,140.0,293.946,17.145,17.097,26.960
2462841.500,2462991.500,2030.9281,2031.3388,150.0,219.235,14.807,14.751,22.786
2462841.500,2463001.500,2030.9281,2031.3662,160.0,162.753,12.757,12.693,19.240
2462841.500,2463011.500,2030.9281,2031.3936,170.0,119.934,10.951,10.876,16.233
2462841.500,2463021.500,2030.9281,2031.4209,180.0,87.499,9.354,9.266,13.694
2462841.500,2463031.500,2030.9281,2031.4483,190.0,63.049,7.940,7.836,11.573
2462841.500,2463041.500,2030.9281,2031.4757,200.0,44.802,6.693,6.569,9.828
2462841.500,2463051.500,2030.9281,2031.5031,210.0,31.417,5.605,5.456,8.427
2462841.500,2463061.500,2030.9281,2031.5305,220.0,21.871,4.677,4.497,7.344
2462841.500,2463071.500,2030.9281,2031.5578,230.0,15.376,3.921,3.705,6.555
2462841.500,2463081.500,2030.9281,2031.5852,240.0,11.317,3.364,3.109,6.035
2462841.500,2463091.500,2030.9281,2031.6126,250.0,9.212,3.035,2.749,5.756
2462841.500,2463101.500,2030.9281,2031.6400,260.0,8.680,2.946,2.650,5.684
2462841.500,2463111.500,2030.9281,2031.6674,270.0,9.415,3.068,2.786,5.783
2462841.500,2463121.500,2030.9281,2031.6947,280.0,11.175,3.343,3.085,6.016
2462841.500,2463131.500,2030.9281,2031.7221,290.0,13.761,3.710,3.479,6.350
2462841.500,2463141.500,2030.9281,2031.7495,300.0,17.013,4.125,3.919,6.758
2462841.500,2463151.500,2030.9281,2031.7769,310.0,20.800,4.561,4.375,7.216
2462841.500,2463161.500,2030.9281,2031.8042,320.0,25.017,5.002,4.833,7.709
2462841.500,2463171.500,2030.9281,2031.8316,330.0,29.574,5.438,5.283,8.223
2462841.500,2463181.500,2030.9281,2031.8590,340.0,34.399,5.865,5.722,8.749
2462841.500,2463191.500,2030.9281,2031.8864,350.0,39.434,6.280,6.146,9.280
2462841.500,2463201.500,2030.9281,2031.9138,360.0,44.627,6.680,6.555,9.810
2462841.500,2463211.500,2030.9281,2031.9411,370.0,49.938,7.067,6.948,10.335
2462841.500,2463221.500,2030.9281,2031.9685,380.0,55.333,7.439,7.326,10.854
2462841.500,2463231.500,2030.9281,2031.9959,390.0,60.782,7.796,7.689,11.364
2462841.500,2463241.500,2030.9281,2032.0233,400.0,66.263,8.140,8.037,11.864
2462841.500,2463251.500,2030.9281,2032.0507,410.0,71.756,8.471,8.372,12.352
2462841.500,2463261.500,2030.9281,2032.0780,420.0,77.244,8.789,8.694,12.829
2462841.500,2463271.500,2030.9281,2032.1054,430.0,82.714,9.095,9.003,13.295
2462841.500,2463281.500,2030.9281,2032.1328,440.0,88.154,9.389,9.300,13.748
2462841.500,2463291.500,2030.9281,2032.1602,450.0,93.555,9.672,9.586,14.188
2462861.500,2462941.500,2030.9829,2031.2019,80.0,1837.863,42.870,42.852,76.227
2462861.500,2462951.500,2030.9829,2031.2293,90.0,1317.447,36.297,36.275,63.363
2462861.500,2462961.500,2030.9829,2031.2567,100.0,960.647,30.994,30.968,53.070
2462861.500,2462971.500,2030.9829,2031.2841,110.0,708.788,26.623,26.593,44.669
2462861.500,2462981.500,2030.9829,2031.3114,120.0,526.953,22.955,22.920,37.710
2462861.500,2462991.500,2030.9829,2031.3388,130.0,393.373,19.834,19.793,31.881
2462861.500,2463001.500,2030.9829,2031.3662,140.0,293.945,17.145,17.097,26.960
2462861.500,2463011.500,2030.9829,2031.3936,150.0,219.234,14.807,14.751,22.786
2462861.500,2463021.500,2030.9829,2031.4209,160.0,162.752,12.757,12.693,19.240
2462861.500,2463031.500,2030.9829,2031.4483,170.0,119.934,10.951,10.876,16.233
2462861.500,2463041.500,2030.9829,2031.4757,180.0,87.499,9.354,9.266,13.694
2462861.500,2463051.500,2030.9829,2031.5031,190.0,63.048,7.940,7.836,11.573
2462861.500,2463061.500,2030.9829,2031.5305,200.0,44.802,6.693,6.569,9.828
2462861.500,2463071.500,2030.9829,2031.5578,210.0,31.417,5.605,5.456,8.427
2462861.500,2463081.500,2030.9829,2031.5852,220.0,21.871,4.677,4.497,7.344
2462861.500,2463091.500,2030.9829,2031.6126,230.0,15.375,3.921,3.705,6.555
2462861.500,2463101.500,2030.9829,2031.6400,240.0,11.317,3.364,3.109,6.035
2462861.500,2463111.500,2030.9829,2031.6674,250.0,9.212,3.035,2.749,5.756
2462861.500,2463121.500,2030.9829,2031.6947,260.0,8.680,2.946,2.650,5.684
2462861.500,2463131.500,2030.9829,2031.7221,270.0,9.416,3.068,2.786,5.783
2462861.500,2463141.500,2030.9829,2031.7495,280.0,11.175,3.343,3.085,6.016
2462861.500,2463151.500,2030.9829,2031.7769,290.0,13.761,3.710,3.479,6.350
2462861.500,2463161.500,2030.9829,2031.8042,300.0,17.013,4.125,3.919,6.758
2462861.500,2463171.500,2030.9829,2031.8316,310.0,20.800,4.561,4.375,7.216
2462861.500,2463181.500,2030.9829,2031.8590,320.0,25.017,5.002,4.833,7.709
2462861.500,2463191.500,2030.9829,2031.8864,330.0,29.574,5.438,5.283,8.223
2462861.500,2463201.500,2030.9829,2031.9138,340.0,34.400,5.865,5.722,8.749
2462861.500,2463211.500,2030.9829,2031.9411,350.0,39.434,6.280,6.146,9.280
2462861.500,2463221.500,2030.9829,2031.9685,360.0,44.627,6.680,6.555,9.810
2462861.500,2463231.500,2030.9829,2031.9959,370.0,49.938,7.067,6.948,10.335
2462861.500,2463241.500,2030.9829,2032.0233,380.0,55.333,7.439,7.326,10.854
2462861.500,2463251.500,2030.9829,2032.0507,390.0,60.783,7.796,7.689,11.364
2462861.500,2463261.500,2030.9829,2032.0780,400.0,66.264,8.140,8.037,11.864
2462861.500,2463271.500,2030.9829,2032.1054,410.0,71.756,8.471,8.372,12.352
2462861.500,2463281.500,2030.9829,2032.1328,420.0,77.245,8.789,8.694,12.829
2462861.500,2463291.500,2030.9829,2032.1602,430.0,82.714,9.095,9.003,13.295
2462861.500,2463301.500,2030.9829,2032.1875,440.0,88.154,9.389,9.300,13.748
2462861.500,2463311.500,2030.9829,2032.2149,450.0,93.556,9.672,9.586,14.188
2462881.500,2462961.500,2031.0376,2031.2567,80.0,1837.861,42.870,42.852,76.227
2462881.500,2462971.500,2031.0376,2031.2841,90.0,1317.446,36.297,36.275,63.363
2462881.500,2462981.500,2031.0376,2031.3114,100.0,960.646,30.994,30.968,53.070
2462881.500,2462991.500,2031.0376,2031.3388,110.0,708.787,26.623,26.593,44.669
2462881.500,2463001.500,2031.0376,2031.3662,120.0,526.952,22.955,22.920,37.710
2462881.500,2463011.500,2031.0376,2031.3936,130.0,393.373,19.834,19.793,31.881
2462881.500,2463021.500,2031.0376,2031.4209,140.0,293.945,17.145,17.097,26.960
2462881.500,2463031.500,2031.0376,2031.4483,150.0,219.234,14.807,14.751,22.786
2462881.500,2463041.500,2031.0376,2031.4757,160.0,162.752,12.757,12.693,19.240
2462881.500,2463051.500,2031.0376,2031.5031,170.0,119.934,10.951,10.876,16.233
2462881.500,2463061.500,2031.0376,2031.5305,180.0,87.498,9.354,9.266,13.694
2462881.500,2463071.500,2031.0376,2031.5578,190.0,63.048,7.940,7.836,11.573
2462881.500,2463081.500,2031.0376,2031.5852,200.0,44.802,6.693,6.569,9.828
2462881.500,2463091.500,2031.0376,2031.6126,210.0,31.417,5.605,5.456,8.427
2462881.500,2463101.500,2031.0376,2031.6400,220.0,21.871,4.677,4.497,7.344
2462881.500,2463111.500,2031.0376,2031.6674,230.0,15.375,3.921,3.705,6.555
2462881.500,2463121.500,2031.0376,2031.6947,240.0,11.316,3.364,3.109,6.035
2462881.500,2463131.500,2031.0376,2031.7221,250.0,9.212,3.035,2.749,5.756
2462881.500,2463141.500,2031.0376,2031.7495,260.0,8.680,2.946,2.650,5.684
2462881.500,2463151.500,2031.0376,2031.7769,270.0,9.416,3.068,2.786,5.783
2462881.500,2463161.500,2031.0376,2031.8042,280.0,11.175,3.343,3.085,6.016
2462881.500,2463171.500,2031.0376,2031.8316,290.0,13.761,3.710,3.479,6.350
2462881.500,2463181.500,2031.0376,2031.8590,300.0,17.013,4.125,3.919,6.758
2462881.500,2463191.500,2031.0376,2031.8864,310.0,20.800,4.561,4.375,7.216
2462881.500,2463201.500,2031.0376,2031.9138,320.0,25.017,5.002,4.833,7.709
2462881.500,2463211.500,2031.0376,2031.9411,330.0,29.574,5.438,5.283,8.223
2462881.500,2463221.500,2031.0376,2031.9685,340.0,34.400,5.865,5.722,8.749
2462881.500,2463231.500,2031.0376,2031.9959,350.0,39.434,6.280,6.146,9.280
2462881.500,2463241.500,2031.0376,2032.0233,360.0,44.627,6.680,6.555,9.810
2462881.500,2463251.500,2031.0376,2032.0507,370.0,49.938,7.067,6.948,10.335
2462881.500,2463261.500,2031.0376,2032.0780,380.0,55.333,7.439,7.326,10.854
2462881.500,2463271.500,2031.0376,2032.1054,390.0,60.783,7.796,7.689,11.364
2462881.500,2463281.500,2031.0376,2032.1328,400.0,66.264,8.140,8.037,11.864
2462881.500,2463291.500,2031.0376,2032.1602,410.0,71.757,8.471,8.372,12.352
2462881.500,2463301.500,2031.0376,2032.1875,420.0,77.245,8.789,8.694,12.829
2462881.500,2463311.500,2031.0376,2032.2149,430.0,82.715,9.095,9.003,13.295
2462881.500,2463321.500,2031.0376,2032.2423,440.0,88.155,9.389,9.300,13.748
2462881.500,2463331.500,2031.0376,2032.2697,450.0,93.556,9.672,9.586,14.188
2462901.500,2462981.500,2031.0924,2031.3114,80.0,1837.860,42.870,42.852,76.227
2462901.500,2462991.500,2031.0924,2031.3388,90.0,1317.444,36.297,36.275,63.363
2462901.500,2463001.500,2031.0924,2031.3662,100.0,960.645,30.994,30.968,53.070
2462901.500,2463011.500,2031.0924,2031.3936,110.0,708.786,26.623,26.593,44.669
2462901.500,2463021.500,2031.0924,2031.4209,120.0,526.952,22.955,22.920,37.710
2462901.500,2463031.500,2031.0924,2031.4483,130.0,393.372,19.834,19.793,31.880
2462901.500,2463041.500,2031.0924,2031.4757,140.0,293.944,17.145,17.097,26.960
2462901.500,2463051.500,2031.0924,2031.5031,150.0,219.233,14.807,14.751,22.786
2462901.500,2463061.500,2031.0924,2031.5305,160.0,162.751,12.757,12.693,19.240
2462901.500,2463071.500,2031.0924,2031.5578,170.0,119.933,10.951,10.876,16.233
2462901.500,2463081.500,2031.0924,2031.5852,180.0,87.498,9.354,9.266,13.694
2462901.500,2463091.500,2031.0924,2031.6126,190.0,63.048,7.940,7.836,11.573
2462901.500,2463101.500,2031.0924,2031.6400,200.0,44.801,6.693,6.569,9.828
2462901.500,2463111.500,2031.0924,2031.6674,210.0,31.417,5.605,5.456,8.427
2462901.500,2463121.500,2031.0924,2031.6947,220.0,21.871,4.677,4.497,7.344
2462901.500,2463131.500,2031.0924,2031.7221,230.0,15.375,3.921,3.705,6.555
2462901.500,2463141.500,2031.0924,2031.7495,240.0,11.316,3.364,3.109,6.035
2462901.500,2463151.500,2031.0924,2031.7769,250.0,9.212,3.035,2.749,5.756
2462901.500,2463161.500,2031.0924,2031.8042,260.0,8.680,2.946,2.650,5.684
2462901.500,2463171.500,2031.0924,2031.8316,270.0,9.416,3.068,2.786,5.783
2462901.500,2463181.500,2031.0924,2031.8590,280.0,11.175,3.343,3.085,6.016
2462901.500,2463191.500,2031.0924,2031.8864,290.0,13.761,3.710,3.479,6.350
2462901.500,2463201.500,2031.0924,2031.9138,300.0,17.013,4.125,3.919,6.758
2462901.500,2463211.500,2031.0924,2031.9411,310.0,20.801,4.561,4.375,7.216
2462901.500,2463221.500,2031.0924,2031.9685,320.0,25.017,5.002,4.833,7.709
2462901.500,2463231.500,2031.0924,2031.9959,330.0,29.574,5.438,5.283,8.223
2462901.500,2463241.500,2031.0924,2032.0233,340.0,34.400,5.865,5.722,8.749
2462901.500,2463251.500,2031.0924,2032.0507,350.0,39.434,6.280,6.146,9.280
2462901.500,2463261.500,2031.0924,2032.0780,360.0,44.628,6.680,6.555,9.810
2462901.500,2463271.500,2031.0924,2032.1054,370.0,49.939,7.067,6.948,10.335
2462901.500,2463281.500,2031.0924,2032.1328,380.0,55.333,7.439,7.326,10.854
2462901.500,2463291.500,2031.0924,2032.1602,390.0,60.783,7.796,7.689,11.364
2462901.500,2463301.500,2031.0924,2032.1875,400.0,66.264,8.140,8.037,11.864
2462901.500,2463311.500,2031.0924,2032.2149,410.0,71.757,8.471,8.372,12.352
2462901.500,2463321.500,2031.0924,2032.2423,420.0,77.245,8.789,8.694,12.829
2462901.500,2463331.500,2031.0924,2032.2697,430.0,82.715,9.095,9.003,13.295
2462901.500,2463341.500,2031.0924,2032.2971,440.0,88.155,9.389,9.300,13.748
2462901.500,2463351.500,2031.0924,2032.3244,450.0,93.556,9.672,9.586,14.188
2462921.500,2463001.500,2031.1472,2031.3662,80.0,1837.858,42.870,42.852,76.227
2462921.500,2463011.500,2031.1472,2031.3936,90.0,1317.443,36.297,36.274,63.363
2462921.500,2463021.500,2031.1472,2031.4209,100.0,960.644,30.994,30.968,53.070
2462921.500,2463031.500,2031.1472,2031.4483,110.0,708.786,26.623,26.593,44.669
2462921.500,2463041.500,2031.1472,2031.4757,120.0,526.951,22.955,22.920,37.710
2462921.500,2463051.500,2031.1472,2031.5031,130.0,393.371,19.834,19.793,31.880
2462921.500,2463061.500,2031.1472,2031.5305,140.0,293.944,17.145,17.097,26.960
2462921.500,2463071.500,2031.1472,2031.5578,150.0,219.233,14.807,14.751,22.786
2462921.500,2463081.500,2031.1472,2031.5852,160.0,162.751,12.757,12.693,19.240
2462921.500,2463091.500,2031.1472,2031.6126,170.0,119.933,10.951,10.876,16.233
2462921.500,2463101.500,2031.1472,2031.6400,180.0,87.498,9.354,9.266,13.694
2462921.500,2463111.500,2031.1472,2031.6674,190.0,63.048,7.940,7.836,11.573
2462921.500,2463121.500,2031.1472,2031.6947,200.0,44.801,6.693,6.569,9.828
2462921.500,2463131.500,2031.1472,2031.7221,210.0,31.416,5.605,5.456,8.427
2462921.500,2463141.500,2031.1472,2031.7495,220.0,21.871,4.677,4.497,7.344
2462921.500,2463151.500,2031.1472,2031.7769,230.0,15.375,3.921,3.705,6.555
2462921.500,2463161.500,2031.1472,2031.8042,240.0,11.316,3.364,3.109,6.035
2462921.500,2463171.500,2031.1472,2031.8316,250.0,9.212,3.035,2.749,5.756
2462921.500,2463181.500,2031.1472,2031.8590,260.0,8.680,2.946,2.650,5.684
2462921.500,2463191.500,2031.1472,2031.8864,270.0,9.416,3.068,2.786,5.783
2462921.500,2463201.500,2031.1472,2031.9138,280.0,11.175,3.343,3.085,6.016
2462921.500,2463211.500,2031.1472,2031.9411,290.0,13.761,3.710,3.479,6.350
2462921.500,2463221.500,2031.1472,2031.9685,300.0,17.013,4.125,3.919,6.758
2462921.500,2463231.500,2031.1472,2031.9959,310.0,20.801,4.561,4.375,7.216
2462921.500,2463241.500,2031.1472,2032.0233,320.0,25.017,5.002,4.833,7.709
2462921.500,2463251.500,2031.1472,2032.0507,330.0,29.574,5.438,5.283,8.223
2462921.500,2463261.500,2031.1472,2032.0780,340.0,34.400,5.865,5.722,8.749
2462921.500,2463271.500,2031.1472,2032.1054,350.0,39.434,6.280,6.146,9.280
2462921.500,2463281.500,2031.1472,2032.1328,360.0,44.628,6.680,6.555,9.810
2462921.500,2463291.500,2031.1472,2032.1602,370.0,49.939,7.067,6.948,10.335
2462921.500,2463301.500,2031.1472,2032.1875,380.0,55.334,7.439,7.326,10.854
2462921.500,2463311.500,2031.1472,2032.2149,390.0,60.783,7.796,7.689,11.364
2462921.500,2463321.500,2031.1472,2032.2423,400.0,66.264,8.140,8.038,11.864
2462921.500,2463331.500,2031.1472,2032.2697,410.0,71.757,8.471,8.372,12.352
2462921.500,2463341.500,2031.1472,2032.2971,420.0,77.245,8.789,8.694,12.830
2462921.500,2463351.500,2031.1472,2032.3244,430.0,82.715,9.095,9.003,13.295
2462921.500,2463361.500,2031.1472,2032.3518,440.0,88.155,9.389,9.300,13.748
2462921.500,2463371.500,2031.1472,2032.3792,450.0,93.556,9.672,9.586,14.189
2462941.500,2463021.500,2031.2019,2031.4209,80.0,1837.857,42.870,42.852,76.227
2462941.500,2463031.500,2031.2019,2031.4483,90.0,1317.442,36.297,36.274,63.363
2462941.500,2463041.500,2031.2019,2031.4757,100.0,960.643,30.994,30.968,53.070
2462941.500,2463051.500,2031.2019,2031.5031,110.0,708.785,26.623,26.593,44.669
2462941.500,2463061.500,2031.2019,2031.5305,120.0,526.950,22.955,22.920,37.710
2462941.500,2463071.500,2031.2019,2031.5578,130.0,393.371,19.834,19.792,31.880
2462941.500,2463081.500,2031.2019,2031.5852,140.0,293.943,17.145,17.097,26.960
2462941.500,2463091.500,2031.2019,2031.6126,150.0,219.232,14.806,14.751,22.786
2462941.500,2463101.500,2031.2019,2031.6400,160.0,162.751,12.757,12.693,19.240
2462941.500,2463111.500,2031.2019,2031.6674,170.0,119.932,10.951,10.876,16.233
2462941.500,2463121.500,2031.2019,2031.6947,180.0,87.498,9.354,9.266,13.694
2462941.500,2463131.500,2031.2019,2031.7221,190.0,63.047,7.940,7.836,11.573
2462941.500,2463141.500,2031.2019,2031.7495,200.0,44.801,6.693,6.569,9.828
2462941.500,2463151.500,2031.2019,2031.7769,210.0,31.416,5.605,5.456,8.427
2462941.500,2463161.500,2031.2019,2031.8042,220.0,21.870,4.677,4.497,7.344
2462941.500,2463171.500,2031.2019,2031.8316,230.0,15.375,3.921,3.705,6.555
2462941.500,2463181.500,2031.2019,2031.8590,240.0,11.316,3.364,3.109,6.035
2462941.500,2463191.500,2031.2019,2031.8864,250.0,9.212,3.035,2.749,5.756
2462941.500,2463201.500,2031.2019,2031.9138,260.0,8.680,2.946,2.650,5.684
2462941.500,2463211.500,2031.2019,2031.9411,270.0,9.416,3.068,2.786,5.783
2462941.500,2463221.500,2031.2019,2031.9685,280.0,11.175,3.343,3.085,6.016
2462941.500,2463231.500,2031.2019,2031.9959,290.0,13.761,3.710,3.479,6.350
2462941.500,2463241.500,2031.2019,2032.0233,300.0,17.013,4.125,3.919,6.758
2462941.500,2463251.500,2031.2019,2032.0507,310.0,20.801,4.561,4.375,7.216
2462941.500,2463261.500,2031.2019,2032.0780,320.0,25.017,5.002,4.833,7.709
2462941.500,2463271.500,2031.2019,2032.1054,330.0,29.575,5.438,5.283,8.223
2462941.500,2463281.500,2031.2019,2032.1328,340.0,34.400,5.865,5.722,8.749
2462941.500,2463291.500,2031.2019,2032.1602,350.0,39.435,6.280,6.146,9.280
2462941.500,2463301.500,2031.2019,2032.1875,360.0,44.628,6.680,6.555,9.810
2462941.500,2463311.500,2031.2019,2032.2149,370.0,49.939,7.067,6.948,10.335
2462941.500,2463321.500,2031.2019,2032.2423,380.0,55.334,7.439,7.326,10.854
2462941.500,2463331.500,2031.2019,2032.2697,390.0,60.784,7.796,7.689,11.364
2462941.500,2463341.500,2031.2019,2032.2971,400.0,66.265,8.140,8.038,11.864
2462941.500,2463351.500,2031.2019,2032.3244,410.0,71.758,8.471,8.372,12.353
2462941.500,2463361.500,2031.2019,2032.3518,420.0,77.246,8.789,8.694,12.830
2462941.500,2463371.500,2031.2019,2032.3792,430.0,82.715,9.095,9.003,13.295
2462941.500,2463381.500,2031.2019,2032.4066,440.0,88.156,9.389,9.300,13.748
2462941.500,2463391.500,2031.2019,2032.4339,450.0,93.557,9.672,9.586,14.189
2462961.500,2463041.500,2031.2567,2031.4757,80.0,1837.856,42.870,42.852,76.227
2462961.500,2463051.500,2031.2567,2031.5031,90.0,1317.441,36.297,36.274,63.363
2462961.500,2463061.500,2031.2567,2031.5305,100.0,960.642,30.994,30.968,53.070
2462961.500,2463071.500,2031.2567,2031.5578,110.0,708.784,26.623,26.593,44.669
2462961.500,2463081.500,2031.2567,2031.5852,120.0,526.949,22.955,22.920,37.710
2462961.500,2463091.500,2031.2567,2031.6126,130.0,393.370,19.834,19.792,31.880
2462961.500,2463101.500,2031.2567,2031.6400,140.0,293.942,17.145,17.097,26.960
2462961.500,2463111.500,2031.2567,2031.6674,150.0,219.232,14.806,14.751,22.786
2462961.500,2463121.500,2031.2567,2031.6947,160.0,162.750,12.757,12.693,19.240
2462961.500,2463131.500,2031.2567,2031.7221,170.0,119.932,10.951,10.876,16.233
2462961.500,2463141.500,2031.2567,2031.7495,180.0,87.497,9.354,9.266,13.694
2462961.500,2463151.500,2031.2567,2031.7769,190.0,63.047,7.940,7.836,11.573
2462961.500,2463161.500,2031.2567,2031.8042,200.0,44.801,6.693,6.569,9.828
2462961.500,2463171.500,2031.2567,2031.8316,210.0,31.416,5.605,5.456,8.427
2462961.500,2463181.500,2031.2567,2031.8590,220.0,21.870,4.677,4.497,7.344
2462961.500,2463191.500,2031.2567,2031.8864,230.0,15.375,3.921,3.705,6.555
2462961.500,2463201.500,2031.2567,2031.9138,240.0,11.316,3.364,3.109,6.035
2462961.500,2463211.500,2031.2567,2031.9411,250.0,9.212,3.035,2.749,5.756
2462961.500,2463221.500,2031.2567,2031.9685,260.0,8.680,2.946,2.650,5.684
2462961.500,2463231.500,2031.2567,2031.9959,270.0,9.416,3.068,2.786,5.783
2462961.500,2463241.500,2031.2567,2032.0233,280.0,11.175,3.343,3.085,6.016
2462961.500,2463251.500,2031.2567,2032.0507,290.0,13.761,3.710,3.479,6.350
2462961.500,2463261.500,2031.2567,2032.0780,300.0,17.013,4.125,3.919,6.758
2462961.500,2463271.500,2031.2567,2032.1054,310.0,20.801,4.561,4.375,7.216
2462961.500,2463281.500,2031.2567,2032.1328,320.0,25.017,5.002,4.833,7.709
2462961.500,2463291.500,2031.2567,2032.1602,330.0,29.575,5.438,5.283,8.223
2462961.500,2463301.500,2031.2567,2032.1875,340.0,34.400,5.865,5.722,8.749
2462961.500,2463311.500,2031.2567,2032.2149,350.0,39.435,6.280,6.146,9.280
2462961.500,2463321.500,2031.2567,2032.2423,360.0,44.628,6.680,6.555,9.810
2462961.500,2463331.500,2031.2567,2032.2697,370.0,49.939,7.067,6.948,10.335
2462961.500,2463341.500,2031.2567,2032.2971,380.0,55.334,7.439,7.326,10.854
2462961.500,2463351.500,2031.2567,2032.3244,390.0,60.784,7.796,7.689,11.364
2462961.500,2463361.500,2031.2567,2032.3518,400.0,66.265,8.140,8.038,11.864
2462961.500,2463371.500,2031.2567,2032.3792,410.0,71.758,8.471,8.372,12.353
2462961.500,2463381.500,2031.2567,2032.4066,420.0,77.246,8.789,8.694,12.830
2462961.500,2463391.500,2031.2567,2032.4339,430.0,82.716,9.095,9.003,13.295
2462961.500,2463401.500,2031.2567,2032.4613,440.0,88.156,9.389,9.300,13.748
2462961.500,2463411.500,2031.2567,2032.4887,450.0,93.557,9.672,9.586,14.189
2462981.500,2463061.500,2031.3114,2031.5305,80.0,1837.854,42.870,42.852,76.227
2462981.500,2463071.500,2031.3114,2031.5578,90.0,1317.439,36.297,36.274,63.363
2462981.500,2463081.500,2031.3114,2031.5852,100.0,960.641,30.994,30.968,53.070
2462981.500,2463091.500,2031.3114,2031.6126,110.0,708.783,26.623,26.593,44.669
2462981.500,2463101.500,2031.3114,2031.6400,120.0,526.949,22.955,22.920,37.710
2462981.500,2463111.500,2031.3114,2031.6674,130.0,393.369,19.834,19.792,31.880
2462981.500,2463121.500,2031.3114,2031.6947,140.0,293.942,17.145,17.097,26.960
2462981.500,2463131.500,2031.3114,2031.7221,150.0,219.231,14.806,14.751,22.786
2462981.500,2463141.500,2031.3114,2031.7495,160.0,162.750,12.757,12.693,19.240
2462981.500,2463151.500,2031.3114,2031.7769,170.0,119.932,10.951,10.876,16.233
2462981.500,2463161.500,2031.3114,2031.8042,180.0,87.497,9.354,9.266,13.694
2462981.500,2463171.500,2031.3114,2031.8316,190.0,63.047,7.940,7.836,11.573
2462981.500,2463181.500,2031.3114,2031.8590,200.0,44.801,6.693,6.569,9.828
2462981.500,2463191.500,2031.3114,2031.8864,210.0,31.416,5.605,5.456,8.427
2462981.500,2463201.500,2031.3114,2031.9138,220.0,21.870,4.677,4.497,7.344
2462981.500,2463211.500,2031.3114,2031.9411,230.0,15.375,3.921,3.705,6.555
2462981.500,2463221.500,2031.3114,2031.9685,240.0,11.316,3.364,3.109,6.035
2462981.500,2463231.500,2031.3114,2031.9959,250.0,9.212,3.035,2.749,5.756
2462981.500,2463241.500,2031.3114,2032.0233,260.0,8.680,2.946,2.650,5.684
2462981.500,2463251.500,2031.3114,2032.0507,270.0,9.416,3.068,2.786,5.783
2462981.500,2463261.500,2031.3114,2032.0780,280.0,11.175,3.343,3.085,6.016
2462981.500,2463271.500,2031.3114,2032.1054,290.0,13.761,3.710,3.479,6.350
2462981.500,2463281.500,2031.3114,2032.1328,300.0,17.013,4.125,3.919,6.758
2462981.500,2463291.500,2031.3114,2032.1602,310.0,20.801,4.561,4.375,7.216
2462981.500,2463301.500,2031.3114,2032.1875,320.0,25.018,5.002,4.833,7.709
2462981.500,2463311.500,2031.3114,2032.2149,330.0,29.575,5.438,5.283,8.223
2462981.500,2463321.500,2031.3114,2032.2423,340.0,34.401,5.865,5.722,8.749
2462981.500,2463331.500,2031.3114,2032.2697,350.0,39.435,6.280,6.146,9.280
2462981.500,2463341.500,2031.3114,2032.2971,360.0,44.628,6.680,6.555,9.810
2462981.500,2463351.500,2031.3114,2032.3244,370.0,49.940,7.067,6.948,10.335
2462981.500,2463361.500,2031.3114,2032.3518,380.0,55.334,7.439,7.326,10.854
2462981.500,2463371.500,2031.3114,2032.3792,390.0,60.784,7.796,7.689,11.364
2462981.500,2463381.500,2031.3114,2032.4066,400.0,66.265,8.140,8.038,11.864
2462981.500,2463391.500,2031.3114,2032.4339,410.0,71.758,8.471,8.372,12.353
2462981.500,2463401.500,2031.3114,2032.4613,420.0,77.246,8.789,8.694,12.830
2462981.500,2463411.500,2031.3114,2032.4887,430.0,82.716,9.095,9.003,13.295
2462981.500,2463421.500,2031.3114,2032.5161,440.0,88.156,9.389,9.300,13.748
2462981.500,2463431.500,2031.3114,2032.5435,450.0,93.557,9.673,9.586,14.189
2463001.500,2463081.500,2031.3662,2031.5852,80.0,1837.853,42.870,42.852,76.227
2463001.500,2463091.500,2031.3662,2031.6126,90.0,1317.438,36.297,36.274,63.363
2463001.500,2463101.500,2031.3662,2031.6400,100.0,960.640,30.994,30.968,53.070
2463001.500,2463111.500,2031.3662,2031.6674,110.0,708.782,26.623,26.593,44.669
2463001.500,2463121.500,2031.3662,2031.6947,120.0,526.948,22.955,22.920,37.710
2463001.500,2463131.500,2031.3662,2031.7221,130.0,393.369,19.834,19.792,31.880
2463001.500,2463141.500,2031.3662,2031.7495,140.0,293.941,17.145,17.097,26.960
2463001.500,2463151.500,2031.3662,2031.7769,150.0,219.231,14.806,14.751,22.786
2463001.500,2463161.500,2031.3662,2031.8042,160.0,162.749,12.757,12.693,19.240
2463001.500,2463171.500,2031.3662,2031.8316,170.0,119.931,10.951,10.876,16.232
2463001.500,2463181.500,2031.3662,2031.8590,180.0,87.497,9.354,9.266,13.694
2463001.500,2463191.500,2031.3662,2031.8864,190.0,63.047,7.940,7.836,11.573
2463001.500,2463201.500,2031.3662,2031.9138,200.0,44.800,6.693,6.569,9.828
2463001.500,2463211.500,2031.3662,2031.9411,210.0,31.416,5.605,5.456,8.427
2463001.500,2463221.500,2031.3662,2031.9685,220.0,21.870,4.677,4.497,7.344
2463001.500,2463231.500,2031.3662,2031.9959,230.0,15.375,3.921,3.705,6.555
2463001.500,2463241.500,2031.3662,2032.0233,240.0,11.316,3.364,3.109,6.035
2463001.500,2463251.500,2031.3662,2032.0507,250.0,9.212,3.035,2.749,5.756
2463001.500,2463261.500,2031.3662,2032.0780,260.0,8.680,2.946,2.650,5.684
2463001.500,2463271.500,2031.3662,2032.1054,270.0,9.416,3.069,2.786,5.783
2463001.500,2463281.500,2031.3662,2032.1328,280.0,11.175,3.343,3.085,6.016
2463001.500,2463291.500,2031.3662,2032.1602,290.0,13.761,3.710,3.479,6.350
2463001.500,2463301.500,2031.3662,2032.1875,300.0,17.013,4.125,3.919,6.758
2463001.500,2463311.500,2031.3662,2032.2149,310.0,20.801,4.561,4.375,7.216
2463001.500,2463321.500,2031.3662,2032.2423,320.0,25.018,5.002,4.833,7.709
2463001.500,2463331.500,2031.3662,2032.2697,330.0,29.575,5.438,5.283,8.223
2463001.500,2463341.500,2031.3662,2032.2971,340.0,34.401,5.865,5.722,8.749
2463001.500,2463351.500,2031.3662,2032.3244,350.0,39.435,6.280,6.146,9.280
2463001.500,2463361.500,2031.3662,2032.3518,360.0,44.629,6.680,6.555,9.810
2463001.500,2463371.500,2031.3662,2032.3792,370.0,49.940,7.067,6.948,10.335
2463001.500,2463381.500,2031.3662,2032.4066,380.0,55.334,7.439,7.326,10.854
2463001.500,2463391.500,2031.3662,2032.4339,390.0,60.784,7.796,7.689,11.364
2463001.500,2463401.500,2031.3662,2032.4613,400.0,66.265,8.140,8.038,11.864
2463001.500,2463411.500,2031.3662,2032.4887,410.0,71.758,8.471,8.372,12.353
2463001.500,2463421.500,2031.3662,2032.5161,420.0,77.246,8.789,8.694,12.830
2463001.500,2463431.500,2031.3662,2032.5435,430.0,82.716,9.095,9.003,13.295
2463001.500,2463441.500,2031.3662,2032.5708,440.0,88.156,9.389,9.300,13.748
2463001.500,2463451.500,2031.3662,2032.5982,450.0,93.558,9.673,9.586,14.189
2463021.500,2463101.500,2031.4209,2031.6400,80.0,1837.851,42.870,42.852,76.227
2463021.500,2463111.500,2031.4209,2031.6674,90.0,1317.437,36.297,36.274,63.363
2463021.500,2463121.500,2031.4209,2031.6947,100.0,960.639,30.994,30.968,53.070
2463021.500,2463131.500,2031.4209,2031.7221,110.0,708.781,26.623,26.593,44.669
2463021.500,2463141.500,2031.4209,2031.7495,120.0,526.947,22.955,22.920,37.710
2463021.500,2463151.500,2031.4209,2031.7769,130.0,393.368,19.834,19.792,31.880
2463021.500,2463161.500,2031.4209,2031.8042,140.0,293.941,17.145,17.097,26.960
2463021.500,2463171.500,2031.4209,2031.8316,150.0,219.230,14.806,14.751,22.786
2463021.500,2463181.500,2031.4209,2031.8590,160.0,162.749,12.757,12.693,19.240
2463021.500,2463191.500,2031.4209,2031.8864,170.0,119.931,10.951,10.876,16.232
2463021.500,2463201.500,2031.4209,2031.9138,180.0,87.496,9.354,9.266,13.694
2463021.500,2463211.500,2031.4209,2031.9411,190.0,63.046,7.940,7.836,11.573
2463021.500,2463221.500,2031.4209,2031.9685,200.0,44.800,6.693,6.569,9.828
2463021.500,2463231.500,2031.4209,2031.9959,210.0,31.416,5.605,5.456,8.427
2463021.500,2463241.500,2031.4209,2032.0233,220.0,21.870,4.677,4.497,7.344
2463021.500,2463251.500,2031.4209,2032.0507,230.0,15.375,3.921,3.705,6.555
2463021.500,2463261.500,2031.4209,2032.0780,240.0,11.316,3.364,3.109,6.035
2463021.500,2463271.500,2031.4209,2032.1054,250.0,9.212,3.035,2.749,5.756
2463021.500,2463281.500,2031.4209,2032.1328,260.0,8.680,2.946,2.650,5.684
2463021.500,2463291.500,2031.4209,2032.1602,270.0,9.416,3.069,2.786,5.783
2463021.500,2463301.500,2031.4209,2032.1875,280.0,11.175,3.343,3.085,6.016
2463021.500,2463311.500,2031.4209,2032.2149,290.0,13.761,3.710,3.479,6.350
2463021.500,2463321.500,2031.4209,2032.2423,300.0,17.014,4.125,3.919,6.758
2463021.500,2463331.500,2031.4209,2032.2697,310.0,20.801,4.561,4.375,7.216
2463021.500,2463341.500,2031.4209,2032.2971,320.0,25.018,5.002,4.833,7.709
2463021.500,2463351.500,2031.4209,2032.3244,330.0,29.575,5.438,5.283,8.223
2463021.500,2463361.500,2031.4209,2032.3518,340.0,34.401,5.865,5.722,8.749
2463021.500,2463371.500,2031.4209,2032.3792,350.0,39.435,6.280,6.146,9.280
2463021.500,2463381.500,2031.4209,2032.4066,360.0,44.629,6.680,6.555,9.810
2463021.500,2463391.500,2031.4209,2032.4339,370.0,49.940,7.067,6.948,10.335
2463021.500,2463401.500,2031.4209,2032.4613,380.0,55.335,7.439,7.326,10.854
2463021.500,2463411.500,2031.4209,2032.4887,390.0,60.785,7.796,7.689,11.364
2463021.500,2463421.500,2031.4209,2032.5161,400.0,66.266,8.140,8.038,11.864
2463021.500,2463431.500,2031.4209,2032.5435,410.0,71.759,8.471,8.372,12.353
2463021.500,2463441.500,2031.4209,2032.5708,420.0,77.247,8.789,8.694,12.830
2463021.500,2463451.500,2031.4209,2032.5982,430.0,82.717,9.095,9.003,13.295
2463021.500,2463461.500,2031.4209,2032.6256,440.0,88.157,9.389,9.300,13.748
2463021.500,2463471.500,2031.4209,2032.6530,450.0,93.558,9.673,9.586,14.189
2463041.500,2463121.500,2031.4757,2031.6947,80.0,1837.850,42.870,42.852,76.227
2463041.500,2463131.500,2031.4757,2031.7221,90.0,1317.436,36.296,36.274,63.363
2463041.500,2463141.500,2031.4757,2031.7495,100.0,960.638,30.994,30.968,53.069
2463041.500,2463151.500,2031.4757,2031.7769,110.0,708.780,26.623,26.593,44.669
2463041.500,2463161.500,2031.4757,2031.8042,120.0,526.946,22.955,22.920,37.710
2463041.500,2463171.500,2031.4757,2031.8316,130.0,393.367,19.833,19.792,31.880
2463041.500,2463181.500,2031.4757,2031.8590,140.0,293.940,17.145,17.097,26.960
2463041.500,2463191.500,2031.4757,2031.8864,150.0,219.230,14.806,14.751,22.786
2463041.500,2463201.500,2031.4757,2031.9138,160.0,162.749,12.757,12.693,19.240
2463041.500,2463211.500,2031.4757,2031.9411,170.0,119.931,10.951,10.876,16.232
2463041.500,2463221.500,2031.4757,2031.9685,180.0,87.496,9.354,9.266,13.694
2463041.500,2463231.500,2031.4757,2031.9959,190.0,63.046,7.940,7.836,11.573
2463041.500,2463241.500,2031.4757,2032.0233,200.0,44.800,6.693,6.569,9.828
2463041.500,2463251.500,2031.4757,2032.0507,210.0,31.415,5.605,5.456,8.427
2463041.500,2463261.500,2031.4757,2032.0780,220.0,21.870,4.677,4.497,7.344
2463041.500,2463271.500,2031.4757,2032.1054,230.0,15.375,3.921,3.705,6.554
2463041.500,2463281.500,2031.4757,2032.1328,240.0,11.316,3.364,3.109,6.035
2463041.500,2463291.500,2031.4757,2032.1602,250.0,9.212,3.035,2.749,5.756
2463041.500,2463301.500,2031.4757,2032.1875,260.0,8.680,2.946,2.650,5.684
2463041.500,2463311.500,2031.4757,2032.2149,270.0,9.416,3.069,2.786,5.783
2463041.500,2463321.500,2031.4757,2032.2423,280.0,11.175,3.343,3.085,6.016
2463041.500,2463331.500,2031.4757,2032.2697,290.0,13.761,3.710,3.479,6.350
2463041.500,2463341.500,2031.4757,2032.2971,300.0,17.014,4.125,3.919,6.758
2463041.500,2463351.500,2031.4757,2032.3244,310.0,20.801,4.561,4.375,7.216
2463041.500,2463361.500,2031.4757,2032.3518,320.0,25.018,5.002,4.833,7.709
2463041.500,2463371.500,2031.4757,2032.3792,330.0,29.575,5.438,5.283,8.223
2463041.500,2463381.500,2031.4757,2032.4066,340.0,34.401,5.865,5.722,8.749
2463041.500,2463391.500,2031.4757,2032.4339,350.0,39.436,6.280,6.146,9.280
2463041.500,2463401.500,2031.4757,2032.4613,360.0,44.629,6.680,6.555,9.810
2463041.500,2463411.500,2031.4757,2032.4887,370.0,49.940,7.067,6.948,10.336
2463041.500,2463421.500,2031.4757,2032.5161,380.0,55.335,7.439,7.326,10.854
2463041.500,2463431.500,2031.4757,2032.5435,390.0,60.785,7.796,7.689,11.364
2463041.500,2463441.500,2031.4757,2032.5708,400.0,66.266,8.140,8.038,11.864
2463041.500,2463451.500,2031.4757,2032.5982,410.0,71.759,8.471,8.372,12.353
2463041.500,2463461.500,2031.4757,2032.6256,420.0,77.247,8.789,8.694,12.830
2463041.500,2463471.500,2031.4757,2032.6530,430.0,82.717,9.095,9.003,13.295
2463041.500,2463481.500,2031.4757,2032.6804,440.0,88.157,9.389,9.300,13.748
2463041.500,2463491.500,2031.4757,2032.7077,450.0,93.558,9.673,9.586,14.189
2463061.500,2463141.500,2031.5305,2031.7495,80.0,1837.848,42.870,42.852,76.227
2463061.500,2463151.500,2031.5305,2031.7769,90.0,1317.435,36.296,36.274,63.363
2463061.500,2463161.500,2031.5305,2031.8042,100.0,960.637,30.994,30.968,53.069
2463061.500,2463171.500,2031.5305,2031.8316,110.0,708.779,26.623,26.593,44.669
2463061.500,2463181.500,2031.5305,2031.8590,120.0,526.946,22.955,22.920,37.709
2463061.500,2463191.500,2031.5305,2031.8864,130.0,393.367,19.833,19.792,31.880
2463061.500,2463201.500,2031.5305,2031.9138,140.0,293.940,17.145,17.097,26.960
2463061.500,2463211.500,2031.5305,2031.9411,150.0,219.229,14.806,14.751,22.786
2463061.500,2463221.500,2031.5305,2031.9685,160.0,162.748,12.757,12.693,19.240
2463061.500,2463231.500,2031.5305,2031.9959,170.0,119.930,10.951,10.876,16.232
2463061.500,2463241.500,2031.5305,2032.0233,180.0,87.496,9.354,9.266,13.694
2463061.500,2463251.500,2031.5305,2032.0507,190.0,63.046,7.940,7.836,11.573
2463061.500,2463261.500,2031.5305,2032.0780,200.0,44.800,6.693,6.569,9.828
2463061.500,2463271.500,2031.5305,2032.1054,210.0,31.415,5.605,5.456,8.427
2463061.500,2463281.500,2031.5305,2032.1328,220.0,21.870,4.677,4.497,7.344
2463061.500,2463291.500,2031.5305,2032.1602,230.0,15.375,3.921,3.705,6.554
2463061.500,2463301.500,2031.5305,2032.1875,240.0,11.316,3.364,3.109,6.035
2463061.500,2463311.500,2031.5305,2032.2149,250.0,9.212,3.035,2.749,5.756
2463061.500,2463321.500,2031.5305,2032.2423,260.0,8.680,2.946,2.650,5.684
2463061.500,2463331.500,2031.5305,2032.2697,270.0,9.416,3.069,2.786,5.783
2463061.500,2463341.500,2031.5305,2032.2971,280.0,11.176,3.343,3.085,6.016
2463061.500,2463351.500,2031.5305,2032.3244,290.0,13.762,3.710,3.479,6.350
2463061.500,2463361.500,2031.5305,2032.3518,300.0,17.014,4.125,3.919,6.758
2463061.500,2463371.500,2031.5305,2032.3792,310.0,20.802,4.561,4.375,7.216
2463061.500,2463381.500,2031.5305,2032.4066,320.0,25.018,5.002,4.833,7.709
2463061.500,2463391.500,2031.5305,2032.4339,330.0,29.575,5.438,5.283,8.223
2463061.500,2463401.500,2031.5305,2032.4613,340.0,34.401,5.865,5.722,8.749
2463061.500,2463411.500,2031.5305,2032.4887,350.0,39.436,6.280,6.146,9.280
2463061.500,2463421.500,2031.5305,2032.5161,360.0,44.629,6.681,6.555,9.810
2463061.500,2463431.500,2031.5305,2032.5435,370.0,49.940,7.067,6.948,10.336
2463061.500,2463441.500,2031.5305,2032.5708,380.0,55.335,7.439,7.326,10.854
2463061.500,2463451.500,2031.5305,2032.5982,390.0,60.785,7.796,7.689,11.364
2463061.500,2463461.500,2031.5305,2032.6256,400.0,66.266,8.140,8.038,11.864
2463061.500,2463471.500,2031.5305,2032.6530,410.0,71.759,8.471,8.372,12.353
2463061.500,2463481.500,2031.5305,2032.6804,420.0,77.247,8.789,8.694,12.830
2463061.500,2463491.500,2031.5305,2032.7077,430.0,82.717,9.095,9.003,13.295
2463061.500,2463501.500,2031.5305,2032.7351,440.0,88.157,9.389,9.300,13.748
2463061.500,2463511.500,2031.5305,2032.7625,450.0,93.559,9.673,9.586,14.189
2463081.500,2463161.500,2031.5852,2031.8042,80.0,1837.847,42.870,42.852,76.227
2463081.500,2463171.500,2031.5852,2031.8316,90.0,1317.433,36.296,36.274,63.363
2463081.500,2463181.500,2031.5852,2031.8590,100.0,960.636,30.994,30.968,53.069
2463081.500,2463191.500,2031.5852,2031.8864,110.0,708.778,26.623,26.593,44.669
2463081.500,2463201.500,2031.5852,2031.9138,120.0,526.945,22.955,22.920,37.709
2463081.500,2463211.500,2031.5852,2031.9411,130.0,393.366,19.833,19.792,31.880
2463081.500,2463221.500,2031.5852,2031.9685,140.0,293.939,17.145,17.097,26.959
2463081.500,2463231.500,2031.5852,2031.9959,150.0,219.229,14.806,14.751,22.786
2463081.500,2463241.500,2031.5852,2032.0233,160.0,162.748,12.757,12.693,19.240
2463081.500,2463251.500,2031.5852,2032.0507,170.0,119.930,10.951,10.876,16.232
2463081.500,2463261.500,2031.5852,2032.0780,180.0,87.495,9.354,9.266,13.694
2463081.500,2463271.500,2031.5852,2032.1054,190.0,63.046,7.940,7.836,11.573
2463081.500,2463281.500,2031.5852,2032.1328,200.0,44.799,6.693,6.569,9.828
2463081.500,2463291.500,2031.5852,2032.1602,210.0,31.415,5.605,5.456,8.427
2463081.500,2463301.500,2031.5852,2032.1875,220.0,21.870,4.676,4.497,7.344
2463081.500,2463311.500,2031.5852,2032.2149,230.0,15.375,3.921,3.705,6.554
2463081.500,2463321.500,2031.5852,2032.2423,240.0,11.316,3.364,3.109,6.035
2463081.500,2463331.500,2031.5852,2032.2697,250.0,9.212,3.035,2.749,5.756
2463081.500,2463341.500,2031.5852,2032.2971,260.0,8.680,2.946,2.650,5.684
2463081.500,2463351.500,2031.5852,2032.3244,270.0,9.416,3.069,2.786,5.783
2463081.500,2463361.500,2031.5852,2032.3518,280.0,11.176,3.343,3.085,6.016
2463081.500,2463371.500,2031.5852,2032.3792,290.0,13.762,3.710,3.479,6.350
2463081.500,2463381.500,2031.5852,2032.4066,300.0,17.014,4.125,3.919,6.758
2463081.500,2463391.500,2031.5852,2032.4339,310.0,20.802,4.561,4.375,7.216
2463081.500,2463401.500,2031.5852,2032.4613,320.0,25.018,5.002,4.833,7.709
2463081.500,2463411.500,2031.5852,2032.4887,330.0,29.576,5.438,5.283,8.223
2463081.500,2463421.500,2031.5852,2032.5161,340.0,34.402,5.865,5.722,8.749
2463081.500,2463431.500,2031.5852,2032.5435,350.0,39.436,6.280,6.146,9.280
2463081.500,2463441.500,2031.5852,2032.5708,360.0,44.629,6.681,6.555,9.810
2463081.500,2463451.500,2031.5852,2032.5982,370.0,49.941,7.067,6.948,10.336
2463081.500,2463461.500,2031.5852,2032.6256,380.0,55.335,7.439,7.326,10.854
2463081.500,2463471.500,2031.5852,2032.6530,390.0,60.785,7.796,7.689,11.364
2463081.500,2463481.500,2031.5852,2032.6804,400.0,66.266,8.140,8.038,11.864
2463081.500,2463491.500,2031.5852,2032.7077,410.0,71.759,8.471,8.372,12.353
2463081.500,2463501.500,2031.5852,2032.7351,420.0,77.248,8.789,8.694,12.830
2463081.500,2463511.500,2031.5852,2032.7625,430.0,82.717,9.095,9.003,13.295
2463081.500,2463521.500,2031.5852,2032.7899,440.0,88.158,9.389,9.300,13.748
2463081.500,2463531.500,2031.5852,2032.8172,450.0,93.559,9.673,9.586,14.189
2463101.500,2463181.500,2031.6400,2031.8590,80.0,1837.846,42.870,42.852,76.227
2463101.500,2463191.500,2031.6400,2031.8864,90.0,1317.432,36.296,36.274,63.363
2463101.500,2463201.500,2031.6400,2031.9138,100.0,960.635,30.994,30.968,53.069
2463101.500,2463211.500,2031.6400,2031.9411,110.0,708.778,26.623,26.593,44.669
2463101.500,2463221.500,2031.6400,2031.9685,120.0,526.944,22.955,22.920,37.709
2463101.500,2463231.500,2031.6400,2031.9959,130.0,393.365,19.833,19.792,31.880
2463101.500,2463241.500,2031.6400,2032.0233,140.0,293.938,17.145,17.097,26.959
2463101.500,2463251.500,2031.6400,2032.0507,150.0,219.228,14.806,14.751,22.786
2463101.500,2463261.500,2031.6400,2032.0780,160.0,162.747,12.757,12.693,19.240
2463101.500,2463271.500,2031.6400,2032.1054,170.0,119.930,10.951,10.876,16.232
2463101.500,2463281.500,2031.6400,2032.1328,180.0,87.495,9.354,9.266,13.694
2463101.500,2463291.500,2031.6400,2032.1602,190.0,63.046,7.940,7.836,11.573
2463101.500,2463301.500,2031.6400,2032.1875,200.0,44.799,6.693,6.569,9.828
2463101.500,2463311.500,2031.6400,2032.2149,210.0,31.415,5.605,5.456,8.427
2463101.500,2463321.500,2031.6400,2032.2423,220.0,21.869,4.676,4.497,7.344
2463101.500,2463331.500,2031.6400,2032.2697,230.0,15.374,3.921,3.705,6.554
2463101.500,2463341.500,2031.6400,2032.2971,240.0,11.316,3.364,3.109,6.035
2463101.500,2463351.500,2031.6400,2032.3244,250.0,9.212,3.035,2.749,5.756
2463101.500,2463361.500,2031.6400,2032.3518,260.0,8.680,2.946,2.650,5.684
2463101.500,2463371.500,2031.6400,2032.3792,270.0,9.416,3.069,2.786,5.783
2463101.500,2463381.500,2031.6400,2032.4066,280.0,11.176,3.343,3.085,6.016
2463101.500,2463391.500,2031.6400,2032.4339,290.0,13.762,3.710,3.479,6.350
2463101.500,2463401.500,2031.6400,2032.4613,300.0,17.014,4.125,3.919,6.758
2463101.500,2463411.500,2031.6400,2032.4887,310.0,20.802,4.561,4.375,7.216
2463101.500,2463421.500,2031.6400,2032.5161,320.0,25.018,5.002,4.833,7.709
2463101.500,2463431.500,2031.6400,2032.5435,330.0,29.576,5.438,5.283,8.223
2463101.500,2463441.500,2031.6400,2032.5708,340.0,34.402,5.865,5.722,8.749
2463101.500,2463451.500,2031.6400,2032.5982,350.0,39.436,6.280,6.146,9.280
2463101.500,2463461.500,2031.6400,2032.6256,360.0,44.630,6.681,6.555,9.810
2463101.500,2463471.500,2031.6400,2032.6530,370.0,49.941,7.067,6.948,10.336
2463101.500,2463481.500,2031.6400,2032.6804,380.0,55.336,7.439,7.326,10.854
2463101.500,2463491.500,2031.6400,2032.7077,390.0,60.785,7.797,7.689,11.364
2463101.500,2463501.500,2031.6400,2032.7351,400.0,66.267,8.140,8.038,11.864
2463101.500,2463511.500,2031.6400,2032.7625,410.0,71.760,8.471,8.372,12.353
2463101.500,2463521.500,2031.6400,2032.7899,420.0,77.248,8.789,8.694,12.830
2463101.500,2463531.500,2031.6400,2032.8172,430.0,82.718,9.095,9.003,13.295
2463101.500,2463541.500,2031.6400,2032.8446,440.0,88.158,9.389,9.300,13.748
2463101.500,2463551.500,2031.6400,2032.8720,450.0,93.559,9.673,9.586,14.189
2463121.500,2463201.500,2031.6947,2031.9138,80.0,1837.844,42.870,42.852,76.227
2463121.500,2463211.500,2031.6947,2031.9411,90.0,1317.431,36.296,36.274,63.363
2463121.500,2463221.500,2031.6947,2031.9685,100.0,960.634,30.994,30.968,53.069
2463121.500,2463231.500,2031.6947,2031.9959,110.0,708.777,26.623,26.593,44.669
2463121.500,2463241.500,2031.6947,2032.0233,120.0,526.943,22.955,22.920,37.709
2463121.500,2463251.500,2031.6947,2032.0507,130.0,393.365,19.833,19.792,31.880
2463121.500,2463261.500,2031.6947,2032.0780,140.0,293.938,17.145,17.097,26.959
2463121.500,2463271.500,2031.6947,2032.1054,150.0,219.228,14.806,14.751,22.786
2463121.500,2463281.500,2031.6947,2032.1328,160.0,162.747,12.757,12.693,19.240
2463121.500,2463291.500,2031.6947,2032.1602,170.0,119.929,10.951,10.876,16.232
2463121.500,2463301.500,2031.6947,2032.1875,180.0,87.495,9.354,9.266,13.694
2463121.500,2463311.500,2031.6947,2032.2149,190.0,63.045,7.940,7.836,11.573
2463121.500,2463321.500,2031.6947,2032.2423,200.0,44.799,6.693,6.569,9.828
2463121.500,2463331.500,2031.6947,2032.2697,210.0,31.415,5.605,5.456,8.427
2463121.500,2463341.500,2031.6947,2032.2971,220.0,21.869,4.676,4.497,7.344
2463121.500,2463351.500,2031.6947,2032.3244,230.0,15.374,3.921,3.705,6.554
2463121.500,2463361.500,2031.6947,2032.3518,240.0,11.316,3.364,3.109,6.035
2463121.500,2463371.500,2031.6947,2032.3792,250.0,9.212,3.035,2.749,5.756
2463121.500,2463381.500,2031.6947,2032.4066,260.0,8.680,2.946,2.650,5.684
2463121.500,2463391.500,2031.6947,2032.4339,270.0,9.416,3.069,2.786,5.783
2463121.500,2463401.500,2031.6947,2032.4613,280.0,11.176,3.343,3.085,6.016
2463121.500,2463411.500,2031.6947,2032.4887,290.0,13.762,3.710,3.479,6.350
2463121.500,2463421.500,2031.6947,2032.5161,300.0,17.014,4.125,3.919,6.758
2463121.500,2463431.500,2031.6947,2032.5435,310.0,20.802,4.561,4.375,7.216
2463121.500,2463441.500,2031.6947,2032.5708,320.0,25.018,5.002,4.833,7.709
2463121.500,2463451.500,2031.6947,2032.5982,330.0,29.576,5.438,5.283,8.223
2463121.500,2463461.500,2031.6947,2032.6256,340.0,34.402,5.865,5.722,8.749
2463121.500,2463471.500,2031.6947,2032.6530,350.0,39.436,6.280,6.146,9.280
2463121.500,2463481.500,2031.6947,2032.6804,360.0,44.630,6.681,6.555,9.810
2463121.500,2463491.500,2031.6947,2032.7077,370.0,49.941,7.067,6.948,10.336
2463121.500,2463501.500,2031.6947,2032.7351,380.0,55.336,7.439,7.326,10.854
2463121.500,2463511.500,2031.6947,2032.7625,390.0,60.786,7.797,7.689,11.364
2463121.500,2463521.500,2031.6947,2032.7899,400.0,66.267,8.140,8.038,11.864
2463121.500,2463531.500,2031.6947,2032.8172,410.0,71.760,8.471,8.372,12.353
2463121.500,2463541.500,2031.6947,2032.8446,420.0,77.248,8.789,8.694,12.830
2463121.500,2463551.500,2031.6947,2032.8720,430.0,82.718,9.095,9.003,13.295
2463121.500,2463561.500,2031.6947,2032.8994,440.0,88.158,9.389,9.300,13.748
2463121.500,2463571.500,2031.6947,2032.9268,450.0,93.560,9.673,9.586,14.189
2463141.500,2463221.500,2031.7495,2031.9685,80.0,1837.843,42.870,42.852,76.227
2463141.500,2463231.500,2031.7495,2031.9959,90.0,1317.430,36.296,36.274,63.363
2463141.500,2463241.500,2031.7495,2032.0233,100.0,960.633,30.994,30.968,53.069
2463141.500,2463251.500,2031.7495,2032.0507,110.0,708.776,26.623,26.593,44.669
2463141.500,2463261.500,2031.7495,2032.0780,120.0,526.942,22.955,22.920,37.709
2463141.500,2463271.500,2031.7495,2032.1054,130.0,393.364,19.833,19.792,31.880
2463141.500,2463281.500,2031.7495,2032.1328,140.0,293.937,17.145,17.097,26.959
2463141.500,2463291.500,2031.7495,2032.1602,150.0,219.227,14.806,14.751,22.786
2463141.500,2463301.500,2031.7495,2032.1875,160.0,162.746,12.757,12.693,19.240
2463141.500,2463311.500,2031.7495,2032.2149,170.0,119.929,10.951,10.876,16.232
2463141.500,2463321.500,2031.7495,2032.2423,180.0,87.495,9.354,9.266,13.694
2463141.500,2463331.500,2031.7495,2032.2697,190.0,63.045,7.940,7.836,11.573
2463141.500,2463341.500,2031.7495,2032.2971,200.0,44.799,6.693,6.569,9.828
2463141.500,2463351.500,2031.7495,2032.3244,210.0,31.415,5.605,5.456,8.427
2463141.500,2463361.500,2031.7495,2032.3518,220.0,21.869,4.676,4.497,7.344
2463141.500,2463371.500,2031.7495,2032.3792,230.0,15.374,3.921,3.705,6.554
2463141.500,2463381.500,2031.7495,2032.4066,240.0,11.316,3.364,3.109,6.035
2463141.500,2463391.500,2031.7495,2032.4339,250.0,9.212,3.035,2.749,5.756
2463141.500,2463401.500,2031.7495,2032.4613,260.0,8.680,2.946,2.650,5.684
2463141.500,2463411.500,2031.7495,2032.4887,270.0,9.416,3.069,2.786,5.783
2463141.500,2463421.500,2031.7495,2032.5161,280.0,11.176,3.343,3.085,6.016
2463141.500,2463431.500,2031.7495,2032.5435,290.0,13.762,3.710,3.479,6.350
2463141.500,2463441.500,2031.7495,2032.5708,300.0,17.014,4.125,3.919,6.758
2463141.500,2463451.500,2031.7495,2032.5982,310.0,20.802,4.561,4.375,7.216
2463141.500,2463461.500,2031.7495,2032.6256,320.0,25.019,5.002,4.833,7.709
2463141.500,2463471.500,2031.7495,2032.6530,330.0,29.576,5.438,5.283,8.223
2463141.500,2463481.500,2031.7495,2032.6804,340.0,34.402,5.865,5.722,8.749
2463141.500,2463491.500,2031.7495,2032.7077,350.0,39.437,6.280,6.146,9.280
2463141.500,2463501.500,2031.7495,2032.7351,360.0,44.630,6.681,6.555,9.810
2463141.500,2463511.500,2031.7495,2032.7625,370.0,49.941,7.067,6.948,10.336
2463141.500,2463521.500,2031.7495,2032.7899,380.0,55.336,7.439,7.326,10.854
2463141.500,2463531.500,2031.7495,2032.8172,390.0,60.786,7.797,7.689,11.364
2463141.500,2463541.500,2031.7495,2032.8446,400.0,66.267,8.140,8.038,11.864
2463141.500,2463551.500,2031.7495,2032.8720,410.0,71.760,8.471,8.372,12.353
2463141.500,2463561.500,2031.7495,2032.8994,420.0,77.248,8.789,8.694,12.830
2463141.500,2463571.500,2031.7495,2032.9268,430.0,82.718,9.095,9.003,13.295
2463141.500,2463581.500,2031.7495,2032.9541,440.0,88.159,9.389,9.300,13.748
2463141.500,2463591.500,2031.7495,2032.9815,450.0,93.560,9.673,9.586,14.189
2463161.500,2463241.500,2031.8042,2032.0233,80.0,1837.841,42.870,42.852,76.227
2463161.500,2463251.500,2031.8042,2032.0507,90.0,1317.429,36.296,36.274,63.363
2463161.500,2463261.500,2031.8042,2032.0780,100.0,960.632,30.994,30.968,53.069
2463161.500,2463271.500,2031.8042,2032.1054,110.0,708.775,26.623,26.593,44.669
2463161.500,2463281.500,2031.8042,2032.1328,120.0,526.942,22.955,22.920,37.709
2463161.500,2463291.500,2031.8042,2032.1602,130.0,393.363,19.833,19.792,31.880
2463161.500,2463301.500,2031.8042,2032.1875,140.0,293.937,17.145,17.097,26.959
2463161.500,2463311.500,2031.8042,2032.2149,150.0,219.227,14.806,14.751,22.786
2463161.500,2463321.500,2031.8042,2032.2423,160.0,162.746,12.757,12.693,19.240
2463161.500,2463331.500,2031.8042,2032.2697,170.0,119.929,10.951,10.876,16.232
2463161.500,2463341.500,2031.8042,2032.2971,180.0,87.494,9.354,9.266,13.694
2463161.500,2463351.500,2031.8042,2032.3244,190.0,63.045,7.940,7.836,11.573
2463161.500,2463361.500,2031.8042,2032.3518,200.0,44.799,6.693,6.569,9.828
2463161.500,2463371.500,2031.8042,2032.3792,210.0,31.414,5.605,5.456,8.427
2463161.500,2463381.500,2031.8042,2032.4066,220.0,21.869,4.676,4.497,7.344
2463161.500,2463391.500,2031.8042,2032.4339,230.0,15.374,3.921,3.705,6.554
2463161.500,2463401.500,2031.8042,2032.4613,240.0,11.316,3.364,3.109,6.035
2463161.500,2463411.500,2031.8042,2032.4887,250.0,9.211,3.035,2.749,5.756
2463161.500,2463421.500,2031.8042,2032.5161,260.0,8.680,2.946,2.650,5.684
2463161.500,2463431.500,2031.8042,2032.5435,270.0,9.416,3.069,2.786,5.783
2463161.500,2463441.500,2031.8042,2032.5708,280.0,11.176,3.343,3.085,6.016
2463161.500,2463451.500,2031.8042,2032.5982,290.0,13.762,3.710,3.479,6.350
2463161.500,2463461.500,2031.8042,2032.6256,300.0,17.014,4.125,3.919,6.758
2463161.500,2463471.500,2031.8042,2032.6530,310.0,20.802,4.561,4.375,7.216
2463161.500,2463481.500,2031.8042,2032.6804,320.0,25.019,5.002,4.833,7.709
2463161.500,2463491.500,2031.8042,2032.7077,330.0,29.576,5.438,5.284,8.223
2463161.500,2463501.500,2031.8042,2032.7351,340.0,34.402,5.865,5.722,8.749
2463161.500,2463511.500,2031.8042,2032.7625,350.0,39.437,6.280,6.146,9.280
2463161.500,2463521.500,2031.8042,2032.7899,360.0,44.630,6.681,6.555,9.810
2463161.500,2463531.500,2031.8042,2032.8172,370.0,49.941,7.067,6.948,10.336
2463161.500,2463541.500,2031.8042,2032.8446,380.0,55.336,7.439,7.326,10.854
2463161.500,2463551.500,2031.8042,2032.8720,390.0,60.786,7.797,7.689,11.364
2463161.500,2463561.500,2031.8042,2032.8994,400.0,66.268,8.140,8.038,11.864
2463161.500,2463571.500,2031.8042,2032.9268,410.0,71.760,8.471,8.372,12.353
2463161.500,2463581.500,2031.8042,2032.9541,420.0,77.249,8.789,8.694,12.830
2463161.500,2463591.500,2031.8042,2032.9815,430.0,82.719,9.095,9.003,13.295
2463161.500,2463601.500,2031.8042,2033.0089,440.0,88.159,9.389,9.300,13.748
2463161.500,2463611.500,2031.8042,2033.0363,450.0,93.560,9.673,9.586,14.189
2463181.500,2463261.500,2031.8590,2032.0780,80.0,1837.840,42.870,42.852,76.227
2463181.500,2463271.500,2031.8590,2032.1054,90.0,1317.427,36.296,36.274,63.363
2463181.500,2463281.500,2031.8590,2032.1328,100.0,960.631,30.994,30.968,53.069
2463181.500,2463291.500,2031.8590,2032.1602,110.0,708.774,26.623,26.593,44.668
2463181.500,2463301.500,2031.8590,2032.1875,120.0,526.941,22.955,22.920,37.709
2463181.500,2463311.500,2031.8590,2032.2149,130.0,393.363,19.833,19.792,31.880
2463181.500,2463321.500,2031.8590,2032.2423,140.0,293.936,17.145,17.097,26.959
2463181.500,2463331.500,2031.8590,2032.2697,150.0,219.226,14.806,14.751,22.786
2463181.500,2463341.500,2031.8590,2032.2971,160.0,162.746,12.757,12.693,19.240
2463181.500,2463351.500,2031.8590,2032.3244,170.0,119.928,10.951,10.876,16.232
2463181.500,2463361.500,2031.8590,2032.3518,180.0,87.494,9.354,9.266,13.694
2463181.500,2463371.500,2031.8590,2032.3792,190.0,63.045,7.940,7.836,11.573
2463181.500,2463381.500,2031.8590,2032.4066,200.0,44.798,6.693,6.569,9.828
2463181.500,2463391.500,2031.8590,2032.4339,210.0,31.414,5.605,5.456,8.427
2463181.500,2463401.500,2031.8590,2032.4613,220.0,21.869,4.676,4.497,7.344
2463181.500,2463411.500,2031.8590,2032.4887,230.0,15.374,3.921,3.705,6.554
2463181.500,2463421.500,2031.8590,2032.5161,240.0,11.316,3.364,3.109,6.035
2463181.500,2463431.500,2031.8590,2032.5435,250.0,9.211,3.035,2.749,5.756
2463181.500,2463441.500,2031.8590,2032.5708,260.0,8.680,2.946,2.650,5.684
2463181.500,2463451.500,2031.8590,2032.5982,270.0,9.416,3.069,2.786,5.783
2463181.500,2463461.500,2031.8590,2032.6256,280.0,11.176,3.343,3.085,6.016
2463181.500,2463471.500,2031.8590,2032.6530,290.0,13.762,3.710,3.479,6.350
2463181.500,2463481.500,2031.8590,2032.6804,300.0,17.014,4.125,3.919,6.758
2463181.500,2463491.500,2031.8590,2032.7077,310.0,20.802,4.561,4.375,7.216
2463181.500,2463501.500,2031.8590,2032.7351,320.0,25.019,5.002,4.833,7.709
2463181.500,2463511.500,2031.8590,2032.7625,330.0,29.576,5.438,5.284,8.223
2463181.500,2463521.500,2031.8590,2032.7899,340.0,34.402,5.865,5.722,8.749
2463181.500,2463531.500,2031.8590,2032.8172,350.0,39.437,6.280,6.146,9.280
2463181.500,2463541.500,2031.8590,2032.8446,360.0,44.630,6.681,6.555,9.810
2463181.500,2463551.500,2031.8590,2032.8720,370.0,49.942,7.067,6.948,10.336
2463181.500,2463561.500,2031.8590,2032.8994,380.0,55.337,7.439,7.326,10.854
2463181.500,2463571.500,2031.8590,2032.9268,390.0,60.786,7.797,7.689,11.364
2463181.500,2463581.500,2031.8590,2032.9541,400.0,66.268,8.141,8.038,11.864
2463181.500,2463591.500,2031.8590,2032.9815,410.0,71.761,8.471,8.372,12.353
2463181.500,2463601.500,2031.8590,2033.0089,420.0,77.249,8.789,8.694,12.830
2463181.500,2463611.500,2031.8590,2033.0363,430.0,82.719,9.095,9.003,13.295
2463181.500,2463621.500,2031.8590,2033.0637,440.0,88.159,9.389,9.300,13.748
2463181.500,2463631.500,2031.8590,2033.0910,450.0,93.561,9.673,9.586,14.189
2463201.500,2463281.500,2031.9138,2032.1328,80.0,1837.838,42.870,42.852,76.227
2463201.500,2463291.500,2031.9138,2032.1602,90.0,1317.426,36.296,36.274,63.363
2463201.500,2463301.500,2031.9138,2032.1875,100.0,960.630,30.994,30.968,53.069
2463201.500,2463311.500,2031.9138,2032.2149,110.0,708.773,26.623,26.592,44.668
2463201.500,2463321.500,2031.9138,2032.2423,120.0,526.940,22.955,22.920,37.709
2463201.500,2463331.500,2031.9138,2032.2697,130.0,393.362,19.833,19.792,31.880
2463201.500,2463341.500,2031.9138,2032.2971,140.0,293.936,17.145,17.097,26.959
2463201.500,2463351.500,2031.9138,2032.3244,150.0,219.226,14.806,14.751,22.786
2463201.500,2463361.500,2031.9138,2032.3518,160.0,162.745,12.757,12.693,19.240
2463201.500,2463371.500,2031.9138,2032.3792,170.0,119.928,10.951,10.876,16.232
2463201.500,2463381.500,2031.9138,2032.4066,180.0,87.494,9.354,9.266,13.694
2463201.500,2463391.500,2031.9138,2032.4339,190.0,63.044,7.940,7.836,11.573
2463201.500,2463401.500,2031.9138,2032.4613,200.0,44.798,6.693,6.569,9.828
2463201.500,2463411.500,2031.9138,2032.4887,210.0,31.414,5.605,5.456,8.427
2463201.500,2463421.500,2031.9138,2032.5161,220.0,21.869,4.676,4.497,7.344
2463201.500,2463431.500,2031.9138,2032.5435,230.0,15.374,3.921,3.705,6.554
2463201.500,2463441.500,2031.9138,2032.5708,240.0,11.316,3.364,3.109,6.035
2463201.500,2463451.500,2031.9138,2032.5982,250.0,9.211,3.035,2.749,5.756
2463201.500,2463461.500,2031.9138,2032.6256,260.0,8.680,2.946,2.650,5.684
2463201.500,2463471.500,2031.9138,2032.6530,270.0,9.416,3.069,2.786,5.783
2463201.500,2463481.500,2031.9138,2032.6804,280.0,11.176,3.343,3.085,6.016
2463201.500,2463491.500,2031.9138,2032.7077,290.0,13.762,3.710,3.479,6.350
2463201.500,2463501.500,2031.9138,2032.7351,300.0,17.014,4.125,3.919,6.758
2463201.500,2463511.500,2031.9138,2032.7625,310.0,20.802,4.561,4.375,7.216
2463201.500,2463521.500,2031.9138,2032.7899,320.0,25.019,5.002,4.833,7.709
2463201.500,2463531.500,2031.9138,2032.8172,330.0,29.577,5.438,5.284,8.223
2463201.500,2463541.500,2031.9138,2032.8446,340.0,34.403,5.865,5.722,8.749
2463201.500,2463551.500,2031.9138,2032.8720,350.0,39.437,6.280,6.146,9.280
2463201.500,2463561.500,2031.9138,2032.8994,360.0,44.631,6.681,6.555,9.810
2463201.500,2463571.500,2031.9138,2032.9268,370.0,49.942,7.067,6.948,10.336
2463201.500,2463581.500,2031.9138,2032.9541,380.0,55.337,7.439,7.326,10.854
2463201.500,2463591.500,2031.9138,2032.9815,390.0,60.787,7.797,7.689,11.364
2463201.500,2463601.500,2031.9138,2033.0089,400.0,66.268,8.141,8.038,11.864
2463201.500,2463611.500,2031.9138,2033.0363,410.0,71.761,8.471,8.372,12.353
2463201.500,2463621.500,2031.9138,2033.0637,420.0,77.249,8.789,8.694,12.830
2463201.500,2463631.500,2031.9138,2033.0910,430.0,82.719,9.095,9.003,13.295
2463201.500,2463641.500,2031.9138,2033.1184,440.0,88.159,9.389,9.300,13.748
2463201.500,2463651.500,2031.9138,2033.1458,450.0,93.561,9.673,9.586,14.189
2463221.500,2463301.500,2031.9685,2032.1875,80.0,1837.837,42.870,42.852,76.227
2463221.500,2463311.500,2031.9685,2032.2149,90.0,1317.425,36.296,36.274,63.363
2463221.500,2463321.500,2031.9685,2032.2423,100.0,960.629,30.994,30.968,53.069
2463221.500,2463331.500,2031.9685,2032.2697,110.0,708.772,26.623,26.592,44.668
2463221.500,2463341.500,2031.9685,2032.2971,120.0,526.939,22.955,22.920,37.709
2463221.500,2463351.500,2031.9685,2032.3244,130.0,393.361,19.833,19.792,31.880
2463221.500,2463361.500,2031.9685,2032.3518,140.0,293.935,17.145,17.097,26.959
2463221.500,2463371.500,2031.9685,2032.3792,150.0,219.225,14.806,14.751,22.786
2463221.500,2463381.500,2031.9685,2032.4066,160.0,162.745,12.757,12.693,19.240
2463221.500,2463391.500,2031.9685,2032.4339,170.0,119.927,10.951,10.876,16.232
2463221.500,2463401.500,2031.9685,2032.4613,180.0,87.493,9.354,9.266,13.694
2463221.500,2463411.500,2031.9685,2032.4887,190.0,63.044,7.940,7.836,11.573
2463221.500,2463421.500,2031.9685,2032.5161,200.0,44.798,6.693,6.569,9.828
2463221.500,2463431.500,2031.9685,2032.5435,210.0,31.414,5.605,5.456,8.427
2463221.500,2463441.500,2031.9685,2032.5708,220.0,21.869,4.676,4.497,7.344
2463221.500,2463451.500,2031.9685,2032.5982,230.0,15.374,3.921,3.704,6.554
2463221.500,2463461.500,2031.9685,2032.6256,240.0,11.316,3.364,3.109,6.035
2463221.500,2463471.500,2031.9685,2032.6530,250.0,9.211,3.035,2.749,5.756
2463221.500,2463481.500,2031.9685,2032.6804,260.0,8.680,2.946,2.650,5.684
2463221.500,2463491.500,2031.9685,2032.7077,270.0,9.416,3.069,2.786,5.783
2463221.500,2463501.500,2031.9685,2032.7351,280.0,11.176,3.343,3.085,6.016
2463221.500,2463511.500,2031.9685,2032.7625,290.0,13.762,3.710,3.479,6.350
2463221.500,2463521.500,2031.9685,2032.7899,300.0,17.014,4.125,3.919,6.758
2463221.500,2463531.500,2031.9685,2032.8172,310.0,20.802,4.561,4.375,7.216
2463221.500,2463541.500,2031.9685,2032.8446,320.0,25.019,5.002,4.833,7.709
2463221.500,2463551.500,2031.9685,2032.8720,330.0,29.577,5.438,5.284,8.224
2463221.500,2463561.500,2031.9685,2032.8994,340.0,34.403,5.865,5.722,8.749
2463221.500,2463571.500,2031.9685,2032.9268,350.0,39.437,6.280,6.146,9.280
2463221.500,2463581.500,2031.9685,2032.9541,360.0,44.631,6.681,6.555,9.810
2463221.500,2463591.500,2031.9685,2032.9815,370.0,49.942,7.067,6.948,10.336
2463221.500,2463601.500,2031.9685,2033.0089,380.0,55.337,7.439,7.326,10.854
2463221.500,2463611.500,2031.9685,2033.0363,390.0,60.787,7.797,7.689,11.364
2463221.500,2463621.500,2031.9685,2033.0637,400.0,66.268,8.141,8.038,11.864
2463221.500,2463631.500,2031.9685,2033.0910,410.0,71.761,8.471,8.372,12.353
2463221.500,2463641.500,2031.9685,2033.1184,420.0,77.250,8.789,8.694,12.830
2463221.500,2463651.500,2031.9685,2033.1458,430.0,82.719,9.095,9.003,13.295
2463221.500,2463661.500,2031.9685,2033.1732,440.0,88.160,9.389,9.300,13.748
2463221.500,2463671.500,2031.9685,2033.2005,450.0,93.561,9.673,9.586,14.189
2463241.500,2463321.500,2032.0233,2032.2423,80.0,1837.835,42.870,42.852,76.227
2463241.500,2463331.500,2032.0233,2032.2697,90.0,1317.424,36.296,36.274,63.363
2463241.500,2463341.500,2032.0233,2032.2971,100.0,960.628,30.994,30.968,53.069
2463241.500,2463351.500,2032.0233,2032.3244,110.0,708.771,26.623,26.592,44.668
2463241.500,2463361.500,2032.0233,2032.3518,120.0,526.939,22.955,22.920,37.709
2463241.500,2463371.500,2032.0233,2032.3792,130.0,393.361,19.833,19.792,31.880
2463241.500,2463381.500,2032.0233,2032.4066,140.0,293.934,17.145,17.097,26.959
2463241.500,2463391.500,2032.0233,2032.4339,150.0,219.225,14.806,14.751,22.786
2463241.500,2463401.500,2032.0233,2032.4613,160.0,162.744,12.757,12.693,19.240
2463241.500,2463411.500,2032.0233,2032.4887,170.0,119.927,10.951,10.876,16.232
2463241.500,2463421.500,2032.0233,2032.5161,180.0,87.493,9.354,9.266,13.694
2463241.500,2463431.500,2032.0233,2032.5435,190.0,63.044,7.940,7.836,11.573
2463241.500,2463441.500,2032.0233,2032.5708,200.0,44.798,6.693,6.569,9.828
2463241.500,2463451.500,2032.0233,2032.5982,210.0,31.414,5.605,5.456,8.427
2463241.500,2463461.500,2032.0233,2032.6256,220.0,21.869,4.676,4.497,7.344
2463241.500,2463471.500,2032.0233,2032.6530,230.0,15.374,3.921,3.704,6.554
2463241.500,2463481.500,2032.0233,2032.6804,240.0,11.315,3.364,3.109,6.035
2463241.500,2463491.500,2032.0233,2032.7077,250.0,9.211,3.035,2.749,5.756
2463241.500,2463501.500,2032.0233,2032.7351,260.0,8.680,2.946,2.650,5.684
2463241.500,2463511.500,2032.0233,2032.7625,270.0,9.416,3.069,2.786,5.783
2463241.500,2463521.500,2032.0233,2032.7899,280.0,11.176,3.343,3.085,6.016
2463241.500,2463531.500,2032.0233,2032.8172,290.0,13.762,3.710,3.479,6.350
2463241.500,2463541.500,2032.0233,2032.8446,300.0,17.015,4.125,3.919,6.758
2463241.500,2463551.500,2032.0233,2032.8720,310.0,20.803,4.561,4.375,7.216
2463241.500,2463561.500,2032.0233,2032.8994,320.0,25.019,5.002,4.833,7.709
2463241.500,2463571.500,2032.0233,2032.9268,330.0,29.577,5.438,5.284,8.224
2463241.500,2463581.500,2032.0233,2032.9541,340.0,34.403,5.865,5.722,8.749
2463241.500,2463591.500,2032.0233,2032.9815,350.0,39.437,6.280,6.146,9.280
2463241.500,2463601.500,2032.0233,2033.0089,360.0,44.631,6.681,6.555,9.810
2463241.500,2463611.500,2032.0233,2033.0363,370.0,49.942,7.067,6.948,10.336
2463241.500,2463621.500,2032.0233,2033.0637,380.0,55.337,7.439,7.326,10.854
2463241.500,2463631.500,2032.0233,2033.0910,390.0,60.787,7.797,7.689,11.364
2463241.500,2463641.500,2032.0233,2033.1184,400.0,66.269,8.141,8.038,11.864
2463241.500,2463651.500,2032.0233,2033.1458,410.0,71.762,8.471,8.372,12.353
2463241.500,2463661.500,2032.0233,2033.1732,420.0,77.250,8.789,8.694,12.830
2463241.500,2463671.500,2032.0233,2033.2005,430.0,82.720,9.095,9.003,13.295
2463241.500,2463681.500,2032.0233,2033.2279,440.0,88.160,9.389,9.300,13.748
2463241.500,2463691.500,2032.0233,2033.2553,450.0,93.561,9.673,9.586,14.189
2463261.500,2463341.500,2032.0780,2032.2971,80.0,1837.834,42.870,42.851,76.227
2463261.500,2463351.500,2032.0780,2032.3244,90.0,1317.423,36.296,36.274,63.363
2463261.500,2463361.500,2032.0780,2032.3518,100.0,960.627,30.994,30.968,53.069
2463261.500,2463371.500,2032.0780,2032.3792,110.0,708.771,26.623,26.592,44.668
2463261.500,2463381.500,2032.0780,2032.4066,120.0,526.938,22.955,22.920,37.709
2463261.500,2463391.500,2032.0780,2032.4339,130.0,393.360,19.833,19.792,31.880
2463261.500,2463401.500,2032.0780,2032.4613,140.0,293.934,17.145,17.097,26.959
2463261.500,2463411.500,2032.0780,2032.4887,150.0,219.224,14.806,14.751,22.786
2463261.500,2463421.500,2032.0780,2032.5161,160.0,162.744,12.757,12.693,19.240
2463261.500,2463431.500,2032.0780,2032.5435,170.0,119.927,10.951,10.876,16.232
2463261.500,2463441.500,2032.0780,2032.5708,180.0,87.493,9.354,9.266,13.694
2463261.500,2463451.500,2032.0780,2032.5982,190.0,63.044,7.940,7.836,11.573
2463261.500,2463461.500,2032.0780,2032.6256,200.0,44.798,6.693,6.569,9.828
2463261.500,2463471.500,2032.0780,2032.6530,210.0,31.414,5.605,5.456,8.427
2463261.500,2463481.500,2032.0780,2032.6804,220.0,21.869,4.676,4.497,7.344
2463261.500,2463491.500,2032.0780,2032.7077,230.0,15.374,3.921,3.704,6.554
2463261.500,2463501.500,2032.0780,2032.7351,240.0,11.315,3.364,3.109,6.035
2463261.500,2463511.500,2032.0780,2032.7625,250.0,9.211,3.035,2.749,5.756
2463261.500,2463521.500,2032.0780,2032.7899,260.0,8.680,2.946,2.650,5.684
2463261.500,2463531.500,2032.0780,2032.8172,270.0,9.416,3.069,2.786,5.783
2463261.500,2463541.500,2032.0780,2032.8446,280.0,11.176,3.343,3.085,6.016
2463261.500,2463551.500,2032.0780,2032.8720,290.0,13.762,3.710,3.479,6.350
2463261.500,2463561.500,2032.0780,2032.8994,300.0,17.015,4.125,3.919,6.758
2463261.500,2463571.500,2032.0780,2032.9268,310.0,20.803,4.561,4.375,7.216
2463261.500,2463581.500,2032.0780,2032.9541,320.0,25.019,5.002,4.833,7.709
2463261.500,2463591.500,2032.0780,2032.9815,330.0,29.577,5.438,5.284,8.224
2463261.500,2463601.500,2032.0780,2033.0089,340.0,34.403,5.865,5.722,8.749
2463261.500,2463611.500,2032.0780,2033.0363,350.0,39.438,6.280,6.146,9.280
2463261.500,2463621.500,2032.0780,2033.0637,360.0,44.631,6.681,6.555,9.810
2463261.500,2463631.500,2032.0780,2033.0910,370.0,49.943,7.067,6.948,10.336
2463261.500,2463641.500,2032.0780,2033.1184,380.0,55.337,7.439,7.326,10.854
2463261.500,2463651.500,2032.0780,2033.1458,390.0,60.787,7.797,7.689,11.364
2463261.500,2463661.500,2032.0780,2033.1732,400.0,66.269,8.141,8.038,11.864
2463261.500,2463671.500,2032.0780,2033.2005,410.0,71.762,8.471,8.372,12.353
2463261.500,2463681.500,2032.0780,2033.2279,420.0,77.250,8.789,8.694,12.830
2463261.500,2463691.500,2032.0780,2033.2553,430.0,82.720,9.095,9.003,13.295
2463261.500,2463701.500,2032.0780,2033.2827,440.0,88.160,9.389,9.300,13.748
2463261.500,2463711.500,2032.0780,2033.3101,450.0,93.562,9.673,9.586,14.189
2463281.500,2463361.500,2032.1328,2032.3518,80.0,1837.833,42.870,42.851,76.227
2463281.500,2463371.500,2032.1328,2032.3792,90.0,1317.421,36.296,36.274,63.363
2463281.500,2463381.500,2032.1328,2032.4066,100.0,960.626,30.994,30.968,53.069
2463281.500,2463391.500,2032.1328,2032.4339,110.0,708.770,26.623,26.592,44.668
2463281.500,2463401.500,2032.1328,2032.4613,120.0,526.937,22.955,22.920,37.709
2463281.500,2463411.500,2032.1328,2032.4887,130.0,393.359,19.833,19.792,31.880
2463281.500,2463421.500,2032.1328,2032.5161,140.0,293.933,17.144,17.097,26.959
2463281.500,2463431.500,2032.1328,2032.5435,150.0,219.224,14.806,14.751,22.786
2463281.500,2463441.500,2032.1328,2032.5708,160.0,162.744,12.757,12.693,19.240
2463281.500,2463451.500,2032.1328,2032.5982,170.0,119.926,10.951,10.876,16.232
2463281.500,2463461.500,2032.1328,2032.6256,180.0,87.492,9.354,9.266,13.694
2463281.500,2463471.500,2032.1328,2032.6530,190.0,63.043,7.940,7.836,11.573
2463281.500,2463481.500,2032.1328,2032.6804,200.0,44.797,6.693,6.569,9.828
2463281.500,2463491.500,2032.1328,2032.7077,210.0,31.413,5.605,5.456,8.427
2463281.500,2463501.500,2032.1328,2032.7351,220.0,21.868,4.676,4.497,7.344
2463281.500,2463511.500,2032.1328,2032.7625,230.0,15.374,3.921,3.704,6.554
2463281.500,2463521.500,2032.1328,2032.7899,240.0,11.315,3.364,3.109,6.035
2463281.500,2463531.500,2032.1328,2032.8172,250.0,9.211,3.035,2.749,5.756
2463281.500,2463541.500,2032.1328,2032.8446,260.0,8.680,2.946,2.650,5.684
2463281.500,2463551.500,2032.1328,2032.8720,270.0,9.416,3.069,2.786,5.783
2463281.500,2463561.500,2032.1328,2032.8994,280.0,11.176,3.343,3.085,6.016
2463281.500,2463571.500,2032.1328,2032.9268,290.0,13.762,3.710,3.479,6.350
2463281.500,2463581.500,2032.1328,2032.9541,300.0,17.015,4.125,3.919,6.758
2463281.500,2463591.500,2032.1328,2032.9815,310.0,20.803,4.561,4.375,7.216
2463281.500,2463601.500,2032.1328,2033.0089,320.0,25.020,5.002,4.833,7.709
2463281.500,2463611.500,2032.1328,2033.0363,330.0,29.577,5.438,5.284,8.224
2463281.500,2463621.500,2032.1328,2033.0637,340.0,34.403,5.865,5.722,8.749
2463281.500,2463631.500,2032.1328,2033.0910,350.0,39.438,6.280,6.146,9.280
2463281.500,2463641.500,2032.1328,2033.1184,360.0,44.631,6.681,6.555,9.810
2463281.500,2463651.500,2032.1328,2033.1458,370.0,49.943,7.067,6.948,10.336
2463281.500,2463661.500,2032.1328,2033.1732,380.0,55.338,7.439,7.326,10.854
2463281.500,2463671.500,2032.1328,2033.2005,390.0,60.788,7.797,7.689,11.364
2463281.500,2463681.500,2032.1328,2033.2279,400.0,66.269,8.141,8.038,11.864
2463281.500,2463691.500,2032.1328,2033.2553,410.0,71.762,8.471,8.372,12.353
2463281.500,2463701.500,2032.1328,2033.2827,420.0,77.250,8.789,8.694,12.830
2463281.500,2463711.500,2032.1328,2033.3101,430.0,82.720,9.095,9.003,13.295
2463281.500,2463721.500,2032.1328,2033.3374,440.0,88.161,9.389,9.300,13.748
2463281.500,2463731.500,2032.1328,2033.3648,450.0,93.562,9.673,9.586,14.189
2463301.500,2463381.500,2032.1875,2032.4066,80.0,1837.831,42.870,42.851,76.227
2463301.500,2463391.500,2032.1875,2032.4339,90.0,1317.420,36.296,36.274,63.363
2463301.500,2463401.500,2032.1875,2032.4613,100.0,960.625,30.994,30.968,53.069
2463301.500,2463411.500,2032.1875,2032.4887,110.0,708.769,26.623,26.592,44.668
2463301.500,2463421.500,2032.1875,2032.5161,120.0,526.936,22.955,22.920,37.709
2463301.500,2463431.500,2032.1875,2032.5435,130.0,393.359,19.833,19.792,31.880
2463301.500,2463441.500,2032.1875,2032.5708,140.0,293.933,17.144,17.097,26.959
2463301.500,2463451.500,2032.1875,2032.5982,150.0,219.223,14.806,14.751,22.786
2463301.500,2463461.500,2032.1875,2032.6256,160.0,162.743,12.757,12.693,19.240
2463301.500,2463471.500,2032.1875,2032.6530,170.0,119.926,10.951,10.876,16.232
2463301.500,2463481.500,2032.1875,2032.6804,180.0,87.492,9.354,9.266,13.694
2463301.500,2463491.500,2032.1875,2032.7077,190.0,63.043,7.940,7.836,11.573
2463301.500,2463501.500,2032.1875,2032.7351,200.0,44.797,6.693,6.569,9.828
2463301.500,2463511.500,2032.1875,2032.7625,210.0,31.413,5.605,5.456,8.427
2463301.500,2463521.500,2032.1875,2032.7899,220.0,21.868,4.676,4.497,7.344
2463301.500,2463531.500,2032.1875,2032.8172,230.0,15.374,3.921,3.704,6.554
2463301.500,2463541.500,2032.1875,2032.8446,240.0,11.315,3.364,3.109,6.035
2463301.500,2463551.500,2032.1875,2032.8720,250.0,9.211,3.035,2.749,5.756
2463301.500,2463561.500,2032.1875,2032.8994,260.0,8.680,2.946,2.650,5.684
2463301.500,2463571.500,2032.1875,2032.9268,270.0,9.416,3.069,2.786,5.783
2463301.500,2463581.500,2032.1875,2032.9541,280.0,11.176,3.343,3.085,6.016
2463301.500,2463591.500,2032.1875,2032.9815,290.0,13.762,3.710,3.479,6.350
2463301.500,2463601.500,2032.1875,2033.0089,300.0,17.015,4.125,3.919,6.758
2463301.500,2463611.500,2032.1875,2033.0363,310.0,20.803,4.561,4.375,7.216
2463301.500,2463621.500,2032.1875,2033.0637,320.0,25.020,5.002,4.833,7.709
2463301.500,2463631.500,2032.1875,2033.0910,330.0,29.577,5.439,5.284,8.224
2463301.500,2463641.500,2032.1875,2033.1184,340.0,34.403,5.865,5.722,8.749
2463301.500,2463651.500,2032.1875,2033.1458,350.0,39.438,6.280,6.146,9.280
2463301.500,2463661.500,2032.1875,2033.1732,360.0,44.632,6.681,6.555,9.810
2463301.500,2463671.500,2032.1875,2033.2005,370.0,49.943,7.067,6.948,10.336
2463301.500,2463681.500,2032.1875,2033.2279,380.0,55.338,7.439,7.326,10.854
2463301.500,2463691.500,2032.1875,2033.2553,390.0,60.788,7.797,7.689,11.364
2463301.500,2463701.500,2032.1875,2033.2827,400.0,66.269,8.141,8.038,11.864
2463301.500,2463711.500,2032.1875,2033.3101,410.0,71.762,8.471,8.372,12.353
2463301.500,2463721.500,2032.1875,2033.3374,420.0,77.251,8.789,8.694,12.830
2463301.500,2463731.500,2032.1875,2033.3648,430.0,82.721,9.095,9.003,13.295
2463301.500,2463741.500,2032.1875,2033.3922,440.0,88.161,9.389,9.300,13.748
2463301.500,2463751.500,2032.1875,2033.4196,450.0,93.562,9.673,9.586,14.189
2463321.500,2463401.500,2032.2423,2032.4613,80.0,1837.830,42.870,42.851,76.226
2463321.500,2463411.500,2032.2423,2032.4887,90.0,1317.419,36.296,36.274,63.363
2463321.500,2463421.500,2032.2423,2032.5161,100.0,960.623,30.994,30.968,53.069
2463321.500,2463431.500,2032.2423,2032.5435,110.0,708.768,26.623,26.592,44.668
2463321.500,2463441.500,2032.2423,2032.5708,120.0,526.936,22.955,22.920,37.709
2463321.500,2463451.500,2032.2423,2032.5982,130.0,393.358,19.833,19.792,31.880
2463321.500,2463461.500,2032.2423,2032.6256,140.0,293.932,17.144,17.097,26.959
2463321.500,2463471.500,2032.2423,2032.6530,150.0,219.223,14.806,14.751,22.786
2463321.500,2463481.500,2032.2423,2032.6804,160.0,162.743,12.757,12.693,19.240
2463321.500,2463491.500,2032.2423,2032.7077,170.0,119.926,10.951,10.876,16.232
2463321.500,2463501.500,2032.2423,2032.7351,180.0,87.492,9.354,9.266,13.694
2463321.500,2463511.500,2032.2423,2032.7625,190.0,63.043,7.940,7.836,11.573
2463321.500,2463521.500,2032.2423,2032.7899,200.0,44.797,6.693,6.569,9.828
2463321.500,2463531.500,2032.2423,2032.8172,210.0,31.413,5.605,5.456,8.427
2463321.500,2463541.500,2032.2423,2032.8446,220.0,21.868,4.676,4.497,7.344
2463321.500,2463551.500,2032.2423,2032.8720,230.0,15.373,3.921,3.704,6.554
2463321.500,2463561.500,2032.2423,2032.8994,240.0,11.315,3.364,3.109,6.035
2463321.500,2463571.500,2032.2423,2032.9268,250.0,9.211,3.035,2.749,5.756
2463321.500,2463581.500,2032.2423,2032.9541,260.0,8.680,2.946,2.650,5.684
2463321.500,2463591.500,2032.2423,2032.9815,270.0,9.416,3.069,2.786,5.783
2463321.500,2463601.500,2032.2423,2033.0089,280.0,11.176,3.343,3.085,6.016
2463321.500,2463611.500,2032.2423,2033.0363,290.0,13.763,3.710,3.479,6.350
2463321.500,2463621.500,2032.2423,2033.0637,300.0,17.015,4.125,3.919,6.758
2463321.500,2463631.500,2032.2423,2033.0910,310.0,20.803,4.561,4.375,7.217
2463321.500,2463641.500,2032.2423,2033.1184,320.0,25.020,5.002,4.833,7.709
2463321.500,2463651.500,2032.2423,2033.1458,330.0,29.577,5.439,5.284,8.224
2463321.500,2463661.500,2032.2423,2033.1732,340.0,34.404,5.865,5.722,8.749
2463321.500,2463671.500,2032.2423,2033.2005,350.0,39.438,6.280,6.146,9.280
2463321.500,2463681.500,2032.2423,2033.2279,360.0,44.632,6.681,6.555,9.810
2463321.500,2463691.500,2032.2423,2033.2553,370.0,49.943,7.067,6.948,10.336
2463321.500,2463701.500,2032.2423,2033.2827,380.0,55.338,7.439,7.326,10.855
2463321.500,2463711.500,2032.2423,2033.3101,390.0,60.788,7.797,7.689,11.364
2463321.500,2463721.500,2032.2423,2033.3374,400.0,66.270,8.141,8.038,11.864
2463321.500,2463731.500,2032.2423,2033.3648,410.0,71.763,8.471,8.372,12.353
2463321.500,2463741.500,2032.2423,2033.3922,420.0,77.251,8.789,8.694,12.830
2463321.500,2463751.500,2032.2423,2033.4196,430.0,82.721,9.095,9.003,13.295
2463321.500,2463761.500,2032.2423,2033.4470,440.0,88.161,9.389,9.300,13.748
2463321.500,2463771.500,2032.2423,2033.4743,450.0,93.563,9.673,9.586,14.189
2463341.500,2463421.500,2032.2971,2032.5161,80.0,1837.828,42.870,42.851,76.226
2463341.500,2463431.500,2032.2971,2032.5435,90.0,1317.418,36.296,36.274,63.363
2463341.500,2463441.500,2032.2971,2032.5708,100.0,960.622,30.994,30.968,53.069
2463341.500,2463451.500,2032.2971,2032.5982,110.0,708.767,26.623,26.592,44.668
2463341.500,2463461.500,2032.2971,2032.6256,120.0,526.935,22.955,22.920,37.709
2463341.500,2463471.500,2032.2971,2032.6530,130.0,393.357,19.833,19.792,31.880
2463341.500,2463481.500,2032.2971,2032.6804,140.0,293.932,17.144,17.097,26.959
2463341.500,2463491.500,2032.2971,2032.7077,150.0,219.222,14.806,14.751,22.786
2463341.500,2463501.500,2032.2971,2032.7351,160.0,162.742,12.757,12.693,19.240
2463341.500,2463511.500,2032.2971,2032.7625,170.0,119.925,10.951,10.876,16.232
2463341.500,2463521.500,2032.2971,2032.7899,180.0,87.492,9.354,9.266,13.694
2463341.500,2463531.500,2032.2971,2032.8172,190.0,63.043,7.940,7.836,11.573
2463341.500,2463541.500,2032.2971,2032.8446,200.0,44.797,6.693,6.569,9.828
2463341.500,2463551.500,2032.2971,2032.8720,210.0,31.413,5.605,5.456,8.427
2463341.500,2463561.500,2032.2971,2032.8994,220.0,21.868,4.676,4.497,7.344
2463341.500,2463571.500,2032.2971,2032.9268,230.0,15.373,3.921,3.704,6.554
2463341.500,2463581.500,2032.2971,2032.9541,240.0,11.315,3.364,3.109,6.035
2463341.500,2463591.500,2032.2971,2032.9815,250.0,9.211,3.035,2.749,5.756
2463341.500,2463601.500,2032.2971,2033.0089,260.0,8.680,2.946,2.650,5.684
2463341.500,2463611.500,2032.2971,2033.0363,270.0,9.416,3.069,2.786,5.783
2463341.500,2463621.500,2032.2971,2033.0637,280.0,11.176,3.343,3.085,6.016
2463341.500,2463631.500,2032.2971,2033.0910,290.0,13.763,3.710,3.479,6.350
2463341.500,2463641.500,2032.2971,2033.1184,300.0,17.015,4.125,3.919,6.758
2463341.500,2463651.500,2032.2971,2033.1458,310.0,20.803,4.561,4.375,7.217
2463341.500,2463661.500,2032.2971,2033.1732,320.0,25.020,5.002,4.833,7.709
2463341.500,2463671.500,2032.2971,2033.2005,330.0,29.578,5.439,5.284,8.224
2463341.500,2463681.500,2032.2971,2033.2279,340.0,34.404,5.865,5.722,8.749
2463341.500,2463691.500,2032.2971,2033.2553,350.0,39.438,6.280,6.146,9.280
2463341.500,2463701.500,2032.2971,2033.2827,360.0,44.632,6.681,6.555,9.810
2463341.500,2463711.500,2032.2971,2033.3101,370.0,49.943,7.067,6.948,10.336
2463341.500,2463721.500,2032.2971,2033.3374,380.0,55.338,7.439,7.326,10.855
2463341.500,2463731.500,2032.2971,2033.3648,390.0,60.788,7.797,7.689,11.364
2463341.500,2463741.500,2032.2971,2033.3922,400.0,66.270,8.141,8.038,11.864
2463341.500,2463751.500,2032.2971,2033.4196,410.0,71.763,8.471,8.372,12.353
2463341.500,2463761.500,2032.2971,2033.4470,420.0,77.251,8.789,8.694,12.830
2463341.500,2463771.500,2032.2971,2033.4743,430.0,82.721,9.095,9.003,13.295
2463341.500,2463781.500,2032.2971,2033.5017,440.0,88.162,9.389,9.300,13.748
2463341.500,2463791.500,2032.2971,2033.5291,450.0,93.563,9.673,9.586,14.189
2463361.500,2463441.500,2032.3518,2032.5708,80.0,1837.827,42.870,42.851,76.226
2463361.500,2463451.500,2032.3518,2032.5982,90.0,1317.416,36.296,36.274,63.363
2463361.500,2463461.500,2032.3518,2032.6256,100.0,960.621,30.994,30.968,53.069
2463361.500,2463471.500,2032.3518,2032.6530,110.0,708.766,26.623,26.592,44.668
2463361.500,2463481.500,2032.3518,2032.6804,120.0,526.934,22.955,22.920,37.709
2463361.500,2463491.500,2032.3518,2032.7077,130.0,393.357,19.833,19.792,31.880
2463361.500,2463501.500,2032.3518,2032.7351,140.0,293.931,17.144,17.097,26.959
2463361.500,2463511.500,2032.3518,2032.7625,150.0,219.222,14.806,14.751,22.786
2463361.500,2463521.500,2032.3518,2032.7899,160.0,162.742,12.757,12.693,19.240
2463361.500,2463531.500,2032.3518,2032.8172,170.0,119.925,10.951,10.876,16.232
2463361.500,2463541.500,2032.3518,2032.8446,180.0,87.491,9.354,9.266,13.694
2463361.500,2463551.500,2032.3518,2032.8720,190.0,63.042,7.940,7.836,11.573
2463361.500,2463561.500,2032.3518,2032.8994,200.0,44.797,6.693,6.569,9.828
2463361.500,2463571.500,2032.3518,2032.9268,210.0,31.413,5.605,5.456,8.427
2463361.500,2463581.500,2032.3518,2032.9541,220.0,21.868,4.676,4.497,7.344
2463361.500,2463591.500,2032.3518,2032.9815,230.0,15.373,3.921,3.704,6.554
2463361.500,2463601.500,2032.3518,2033.0089,240.0,11.315,3.364,3.109,6.035
2463361.500,2463611.500,2032.3518,2033.0363,250.0,9.211,3.035,2.749,5.756
2463361.500,2463621.500,2032.3518,2033.0637,260.0,8.680,2.946,2.650,5.684
2463361.500,2463631.500,2032.3518,2033.0910,270.0,9.416,3.069,2.786,5.783
2463361.500,2463641.500,2032.3518,2033.1184,280.0,11.176,3.343,3.085,6.016
2463361.500,2463651.500,2032.3518,2033.1458,290.0,13.763,3.710,3.479,6.350
2463361.500,2463661.500,2032.3518,2033.1732,300.0,17.015,4.125,3.919,6.758
2463361.500,2463671.500,2032.3518,2033.2005,310.0,20.803,4.561,4.375,7.217
2463361.500,2463681.500,2032.3518,2033.2279,320.0,25.020,5.002,4.833,7.709
2463361.500,2463691.500,2032.3518,2033.2553,330.0,29.578,5.439,5.284,8.224
2463361.500,2463701.500,2032.3518,2033.2827,340.0,34.404,5.865,5.722,8.749
2463361.500,2463711.500,2032.3518,2033.3101,350.0,39.439,6.280,6.146,9.280
2463361.500,2463721.500,2032.3518,2033.3374,360.0,44.632,6.681,6.555,9.810
2463361.500,2463731.500,2032.3518,2033.3648,370.0,49.944,7.067,6.948,10.336
2463361.500,2463741.500,2032.3518,2033.3922,380.0,55.339,7.439,7.326,10.855
2463361.500,2463751.500,2032.3518,2033.4196,390.0,60.789,7.797,7.689,11.364
2463361.500,2463761.500,2032.3518,2033.4470,400.0,66.270,8.141,8.038,11.864
2463361.500,2463771.500,2032.3518,2033.4743,410.0,71.763,8.471,8.372,12.353
2463361.500,2463781.500,2032.3518,2033.5017,420.0,77.251,8.789,8.694,12.830
2463361.500,2463791.500,2032.3518,2033.5291,430.0,82.721,9.095,9.003,13.295
2463361.500,2463801.500,2032.3518,2033.5565,440.0,88.162,9.389,9.300,13.748
2463361.500,2463811.500,2032.3518,2033.5838,450.0,93.563,9.673,9.586,14.189
2463381.500,2463461.500,2032.4066,2032.6256,80.0,1837.825,42.870,42.851,76.226
2463381.500,2463471.500,2032.4066,2032.6530,90.0,1317.415,36.296,36.274,63.363
2463381.500,2463481.500,2032.4066,2032.6804,100.0,960.620,30.994,30.968,53.069
2463381.500,2463491.500,2032.4066,2032.7077,110.0,708.765,26.623,26.592,44.668
2463381.500,2463501.500,2032.4066,2032.7351,120.0,526.933,22.955,22.920,37.709
2463381.500,2463511.500,2032.4066,2032.7625,130.0,393.356,19.833,19.792,31.880
2463381.500,2463521.500,2032.4066,2032.7899,140.0,293.931,17.144,17.097,26.959
2463381.500,2463531.500,2032.4066,2032.8172,150.0,219.221,14.806,14.751,22.786
2463381.500,2463541.500,2032.4066,2032.8446,160.0,162.741,12.757,12.693,19.240
2463381.500,2463551.500,2032.4066,2032.8720,170.0,119.925,10.951,10.876,16.232
2463381.500,2463561.500,2032.4066,2032.8994,180.0,87.491,9.354,9.266,13.694
2463381.500,2463571.500,2032.4066,2032.9268,190.0,63.042,7.940,7.836,11.573
2463381.500,2463581.500,2032.4066,2032.9541,200.0,44.796,6.693,6.569,9.828
2463381.500,2463591.500,2032.4066,2032.9815,210.0,31.413,5.605,5.456,8.427
2463381.500,2463601.500,2032.4066,2033.0089,220.0,21.868,4.676,4.497,7.344
2463381.500,2463611.500,2032.4066,2033.0363,230.0,15.373,3.921,3.704,6.554
2463381.500,2463621.500,2032.4066,2033.0637,240.0,11.315,3.364,3.109,6.035
2463381.500,2463631.500,2032.4066,2033.0910,250.0,9.211,3.035,2.749,5.756
2463381.500,2463641.500,2032.4066,2033.1184,260.0,8.680,2.946,2.650,5.684
2463381.500,2463651.500,2032.4066,2033.1458,270.0,9.416,3.069,2.786,5.783
2463381.500,2463661.500,2032.4066,2033.1732,280.0,11.176,3.343,3.085,6.016
2463381.500,2463671.500,2032.4066,2033.2005,290.0,13.763,3.710,3.479,6.350
2463381.500,2463681.500,2032.4066,2033.2279,300.0,17.015,4.125,3.919,6.758
2463381.500,2463691.500,2032.4066,2033.2553,310.0,20.803,4.561,4.375,7.217
2463381.500,2463701.500,2032.4066,2033.2827,320.0,25.020,5.002,4.833,7.709
2463381.500,2463711.500,2032.4066,2033.3101,330.0,29.578,5.439,5.284,8.224
2463381.500,2463721.500,2032.4066,2033.3374,340.0,34.404,5.865,5.722,8.749
2463381.500,2463731.500,2032.4066,2033.3648,350.0,39.439,6.280,6.146,9.280
2463381.500,2463741.500,2032.4066,2033.3922,360.0,44.632,6.681,6.555,9.810
2463381.500,2463751.500,2032.4066,2033.4196,370.0,49.944,7.067,6.948,10.336
2463381.500,2463761.500,2032.4066,2033.4470,380.0,55.339,7.439,7.326,10.855
2463381.500,2463771.500,2032.4066,2033.4743,390.0,60.789,7.797,7.689,11.364
2463381.500,2463781.500,2032.4066,2033.5017,400.0,66.270,8.141,8.038,11.864
2463381.500,2463791.500,2032.4066,2033.5291,410.0,71.763,8.471,8.372,12.353
2463381.500,2463801.500,2032.4066,2033.5565,420.0,77.252,8.789,8.694,12.830
2463381.500,2463811.500,2032.4066,2033.5838,430.0,82.722,9.095,9.003,13.295
2463381.500,2463821.500,2032.4066,2033.6112,440.0,88.162,9.389,9.300,13.748
2463381.500,2463831.500,2032.4066,2033.6386,450.0,93.564,9.673,9.586,14.189
2463401.500,2463481.500,2032.4613,2032.6804,80.0,1837.824,42.870,42.851,76.226
2463401.500,2463491.500,2032.4613,2032.7077,90.0,1317.414,36.296,36.274,63.363
2463401.500,2463501.500,2032.4613,2032.7351,100.0,960.619,30.994,30.968,53.069
2463401.500,2463511.500,2032.4613,2032.7625,110.0,708.764,26.623,26.592,44.668
2463401.500,2463521.500,2032.4613,2032.7899,120.0,526.933,22.955,22.920,37.709
2463401.500,2463531.500,2032.4613,2032.8172,130.0,393.355,19.833,19.792,31.880
2463401.500,2463541.500,2032.4613,2032.8446,140.0,293.930,17.144,17.097,26.959
2463401.500,2463551.500,2032.4613,2032.8720,150.0,219.221,14.806,14.751,22.786
2463401.500,2463561.500,2032.4613,2032.8994,160.0,162.741,12.757,12.693,19.240
2463401.500,2463571.500,2032.4613,2032.9268,170.0,119.924,10.951,10.876,16.232
2463401.500,2463581.500,2032.4613,2032.9541,180.0,87.491,9.354,9.266,13.694
2463401.500,2463591.500,2032.4613,2032.9815,190.0,63.042,7.940,7.836,11.573
2463401.500,2463601.500,2032.4613,2033.0089,200.0,44.796,6.693,6.569,9.828
2463401.500,2463611.500,2032.4613,2033.0363,210.0,31.413,5.605,5.456,8.427
2463401.500,2463621.500,2032.4613,2033.0637,220.0,21.868,4.676,4.497,7.343
2463401.500,2463631.500,2032.4613,2033.0910,230.0,15.373,3.921,3.704,6.554
2463401.500,2463641.500,2032.4613,2033.1184,240.0,11.315,3.364,3.109,6.035
2463401.500,2463651.500,2032.4613,2033.1458,250.0,9.211,3.035,2.749,5.756
2463401.500,2463661.500,2032.4613,2033.1732,260.0,8.680,2.946,2.650,5.684
2463401.500,2463671.500,2032.4613,2033.2005,270.0,9.416,3.069,2.786,5.783
2463401.500,2463681.500,2032.4613,2033.2279,280.0,11.176,3.343,3.085,6.016
2463401.500,2463691.500,2032.4613,2033.2553,290.0,13.763,3.710,3.479,6.350
2463401.500,2463701.500,2032.4613,2033.2827,300.0,17.015,4.125,3.919,6.758
2463401.500,2463711.500,2032.4613,2033.3101,310.0,20.804,4.561,4.375,7.217
2463401.500,2463721.500,2032.4613,2033.3374,320.0,25.020,5.002,4.833,7.709
2463401.500,2463731.500,2032.4613,2033.3648,330.0,29.578,5.439,5.284,8.224
2463401.500,2463741.500,2032.4613,2033.3922,340.0,34.404,5.866,5.722,8.749
2463401.500,2463751.500,2032.4613,2033.4196,350.0,39.439,6.280,6.146,9.280
2463401.500,2463761.500,2032.4613,2033.4470,360.0,44.633,6.681,6.555,9.810
2463401.500,2463771.500,2032.4613,2033.4743,370.0,49.944,7.067,6.948,10.336
2463401.500,2463781.500,2032.4613,2033.5017,380.0,55.339,7.439,7.326,10.855
2463401.500,2463791.500,2032.4613,2033.5291,390.0,60.789,7.797,7.689,11.365
2463401.500,2463801.500,2032.4613,2033.5565,400.0,66.271,8.141,8.038,11.864
2463401.500,2463811.500,2032.4613,2033.5838,410.0,71.764,8.471,8.372,12.353
2463401.500,2463821.500,2032.4613,2033.6112,420.0,77.252,8.789,8.694,12.830
2463401.500,2463831.500,2032.4613,2033.6386,430.0,82.722,9.095,9.003,13.295
2463401.500,2463841.500,2032.4613,2033.6660,440.0,88.162,9.389,9.300,13.748
2463401.500,2463851.500,2032.4613,2033.6934,450.0,93.564,9.673,9.586,14.189
2463421.500,2463501.500,2032.5161,2032.7351,80.0,1837.823,42.870,42.851,76.226
2463421.500,2463511.500,2032.5161,2032.7625,90.0,1317.413,36.296,36.274,63.363
2463421.500,2463521.500,2032.5161,2032.7899,100.0,960.618,30.994,30.968,53.069
2463421.500,2463531.500,2032.5161,2032.8172,110.0,708.763,26.623,26.592,44.668
2463421.500,2463541.500,2032.5161,2032.8446,120.0,526.932,22.955,22.920,37.709
2463421.500,2463551.500,2032.5161,2032.8720,130.0,393.355,19.833,19.792,31.880
2463421.500,2463561.500,2032.5161,2032.8994,140.0,293.929,17.144,17.097,26.959
2463421.500,2463571.500,2032.5161,2032.9268,150.0,219.220,14.806,14.751,22.786
2463421.500,2463581.500,2032.5161,2032.9541,160.0,162.741,12.757,12.693,19.240
2463421.500,2463591.500,2032.5161,2032.9815,170.0,119.924,10.951,10.876,16.232
2463421.500,2463601.500,2032.5161,2033.0089,180.0,87.490,9.354,9.266,13.694
2463421.500,2463611.500,2032.5161,2033.0363,190.0,63.042,7.940,7.836,11.573
2463421.500,2463621.500,2032.5161,2033.0637,200.0,44.796,6.693,6.569,9.828
2463421.500,2463631.500,2032.5161,2033.0910,210.0,31.412,5.605,5.456,8.427
2463421.500,2463641.500,2032.5161,2033.1184,220.0,21.868,4.676,4.497,7.343
2463421.500,2463651.500,2032.5161,2033.1458,230.0,15.373,3.921,3.704,6.554
2463421.500,2463661.500,2032.5161,2033.1732,240.0,11.315,3.364,3.109,6.035
2463421.500,2463671.500,2032.5161,2033.2005,250.0,9.211,3.035,2.749,5.756
2463421.500,2463681.500,2032.5161,2033.2279,260.0,8.680,2.946,2.650,5.684
2463421.500,2463691.500,2032.5161,2033.2553,270.0,9.416,3.069,2.786,5.783
2463421.500,2463701.500,2032.5161,2033.2827,280.0,11.176,3.343,3.085,6.016
2463421.500,2463711.500,2032.5161,2033.3101,290.0,13.763,3.710,3.479,6.350
2463421.500,2463721.500,2032.5161,2033.3374,300.0,17.015,4.125,3.919,6.758
2463421.500,2463731.500,2032.5161,2033.3648,310.0,20.804,4.561,4.375,7.217
2463421.500,2463741.500,2032.5161,2033.3922,320.0,25.021,5.002,4.833,7.709
2463421.500,2463751.500,2032.5161,2033.4196,330.0,29.578,5.439,5.284,8.224
2463421.500,2463761.500,2032.5161,2033.4470,340.0,34.404,5.866,5.722,8.749
2463421.500,2463771.500,2032.5161,2033.4743,350.0,39.439,6.280,6.146,9.280
2463421.500,2463781.500,2032.5161,2033.5017,360.0,44.633,6.681,6.555,9.810
2463421.500,2463791.500,2032.5161,2033.5291,370.0,49.944,7.067,6.948,10.336
2463421.500,2463801.500,2032.5161,2033.5565,380.0,55.339,7.439,7.326,10.855
2463421.500,2463811.500,2032.5161,2033.5838,390.0,60.789,7.797,7.689,11.365
2463421.500,2463821.500,2032.5161,2033.6112,400.0,66.271,8.141,8.038,11.864
2463421.500,2463831.500,2032.5161,2033.6386,410.0,71.764,8.471,8.372,12.353
2463421.500,2463841.500,2032.5161,2033.6660,420.0,77.252,8.789,8.694,12.830
2463421.500,2463851.500,2032.5161,2033.6934,430.0,82.722,9.095,9.003,13.295
2463421.500,2463861.500,2032.5161,2033.7207,440.0,88.163,9.390,9.300,13.748
2463421.500,2463871.500,2032.5161,2033.7481,450.0,93.564,9.673,9.586,14.189
2463441.500,2463521.500,2032.5708,2032.7899,80.0,1837.821,42.870,42.851,76.226
2463441.500,2463531.500,2032.5708,2032.8172,90.0,1317.412,36.296,36.274,63.363
2463441.500,2463541.500,2032.5708,2032.8446,100.0,960.617,30.994,30.968,53.069
2463441.500,2463551.500,2032.5708,2032.8720,110.0,708.763,26.623,26.592,44.668
2463441.500,2463561.500,2032.5708,2032.8994,120.0,526.931,22.955,22.920,37.709
2463441.500,2463571.500,2032.5708,2032.9268,130.0,393.354,19.833,19.792,31.880
2463441.500,2463581.500,2032.5708,2032.9541,140.0,293.929,17.144,17.097,26.959
2463441.500,2463591.500,2032.5708,2032.9815,150.0,219.220,14.806,14.751,22.786
2463441.500,2463601.500,2032.5708,2033.0089,160.0,162.740,12.757,12.693,19.240
2463441.500,2463611.500,2032.5708,2033.0363,170.0,119.924,10.951,10.876,16.232
2463441.500,2463621.500,2032.5708,2033.0637,180.0,87.490,9.354,9.266,13.694
2463441.500,2463631.500,2032.5708,2033.0910,190.0,63.041,7.940,7.836,11.573
2463441.500,2463641.500,2032.5708,2033.1184,200.0,44.796,6.693,6.569,9.828
2463441.500,2463651.500,2032.5708,2033.1458,210.0,31.412,5.605,5.456,8.427
2463441.500,2463661.500,2032.5708,2033.1732,220.0,21.867,4.676,4.497,7.343
2463441.500,2463671.500,2032.5708,2033.2005,230.0,15.373,3.921,3.704,6.554
2463441.500,2463681.500,2032.5708,2033.2279,240.0,11.315,3.364,3.109,6.035
2463441.500,2463691.500,2032.5708,2033.2553,250.0,9.211,3.035,2.749,5.756
2463441.500,2463701.500,2032.5708,2033.2827,260.0,8.680,2.946,2.650,5.684
2463441.500,2463711.500,2032.5708,2033.3101,270.0,9.416,3.069,2.786,5.783
2463441.500,2463721.500,2032.5708,2033.3374,280.0,11.177,3.343,3.085,6.016
2463441.500,2463731.500,2032.5708,2033.3648,290.0,13.763,3.710,3.479,6.350
2463441.500,2463741.500,2032.5708,2033.3922,300.0,17.016,4.125,3.919,6.758
2463441.500,2463751.500,2032.5708,2033.4196,310.0,20.804,4.561,4.375,7.217
2463441.500,2463761.500,2032.5708,2033.4470,320.0,25.021,5.002,4.833,7.709
2463441.500,2463771.500,2032.5708,2033.4743,330.0,29.578,5.439,5.284,8.224
2463441.500,2463781.500,2032.5708,2033.5017,340.0,34.405,5.866,5.722,8.750
2463441.500,2463791.500,2032.5708,2033.5291,350.0,39.439,6.280,6.146,9.280
2463441.500,2463801.500,2032.5708,2033.5565,360.0,44.633,6.681,6.555,9.810
2463441.500,2463811.500,2032.5708,2033.5838,370.0,49.944,7.067,6.948,10.336
2463441.500,2463821.500,2032.5708,2033.6112,380.0,55.340,7.439,7.326,10.855
2463441.500,2463831.500,2032.5708,2033.6386,390.0,60.790,7.797,7.689,11.365
2463441.500,2463841.500,2032.5708,2033.6660,400.0,66.271,8.141,8.038,11.864
2463441.500,2463851.500,2032.5708,2033.6934,410.0,71.764,8.471,8.372,12.353
2463441.500,2463861.500,2032.5708,2033.7207,420.0,77.253,8.789,8.694,12.830
2463441.500,2463871.500,2032.5708,2033.7481,430.0,82.723,9.095,9.003,13.295
2463441.500,2463881.500,2032.5708,2033.7755,440.0,88.163,9.390,9.300,13.748
2463441.500,2463891.500,2032.5708,2033.8029,450.0,93.565,9.673,9.586,14.189
2463461.500,2463541.500,2032.6256,2032.8446,80.0,1837.820,42.870,42.851,76.226
2463461.500,2463551.500,2032.6256,2032.8720,90.0,1317.410,36.296,36.274,63.363
2463461.500,2463561.500,2032.6256,2032.8994,100.0,960.616,30.994,30.968,53.069
2463461.500,2463571.500,2032.6256,2032.9268,110.0,708.762,26.623,26.592,44.668
2463461.500,2463581.500,2032.6256,2032.9541,120.0,526.930,22.955,22.920,37.709
2463461.500,2463591.500,2032.6256,2032.9815,130.0,393.353,19.833,19.792,31.880
2463461.500,2463601.500,2032.6256,2033.0089,140.0,293.928,17.144,17.097,26.959
2463461.500,2463611.500,2032.6256,2033.0363,150.0,219.219,14.806,14.751,22.786
2463461.500,2463621.500,2032.6256,2033.0637,160.0,162.740,12.757,12.693,19.240
2463461.500,2463631.500,2032.6256,2033.0910,170.0,119.923,10.951,10.876,16.232
2463461.500,2463641.500,2032.6256,2033.1184,180.0,87.490,9.354,9.266,13.694
2463461.500,2463651.500,2032.6256,2033.1458,190.0,63.041,7.940,7.836,11.573
2463461.500,2463661.500,2032.6256,2033.1732,200.0,44.796,6.693,6.569,9.828
2463461.500,2463671.500,2032.6256,2033.2005,210.0,31.412,5.605,5.456,8.427
2463461.500,2463681.500,2032.6256,2033.2279,220.0,21.867,4.676,4.497,7.343
2463461.500,2463691.500,2032.6256,2033.2553,230.0,15.373,3.921,3.704,6.554
2463461.500,2463701.500,2032.6256,2033.2827,240.0,11.315,3.364,3.109,6.035
2463461.500,2463711.500,2032.6256,2033.3101,250.0,9.211,3.035,2.749,5.756
2463461.500,2463721.500,2032.6256,2033.3374,260.0,8.680,2.946,2.650,5.684
2463461.500,2463731.500,2032.6256,2033.3648,270.0,9.416,3.069,2.786,5.783
2463461.500,2463741.500,2032.6256,2033.3922,280.0,11.177,3.343,3.085,6.016
2463461.500,2463751.500,2032.6256,2033.4196,290.0,13.763,3.710,3.479,6.350
2463461.500,2463761.500,2032.6256,2033.4470,300.0,17.016,4.125,3.919,6.758
2463461.500,2463771.500,2032.6256,2033.4743,310.0,20.804,4.561,4.375,7.217
2463461.500,2463781.500,2032.6256,2033.5017,320.0,25.021,5.002,4.833,7.709
2463461.500,2463791.500,2032.6256,2033.5291,330.0,29.579,5.439,5.284,8.224
2463461.500,2463801.500,2032.6256,2033.5565,340.0,34.405,5.866,5.722,8.750
2463461.500,2463811.500,2032.6256,2033.5838,350.0,39.439,6.280,6.146,9.280
2463461.500,2463821.500,2032.6256,2033.6112,360.0,44.633,6.681,6.555,9.810
2463461.500,2463831.500,2032.6256,2033.6386,370.0,49.945,7.067,6.948,10.336
2463461.500,2463841.500,2032.6256,2033.6660,380.0,55.340,7.439,7.326,10.855
2463461.500,2463851.500,2032.6256,2033.6934,390.0,60.790,7.797,7.689,11.365
2463461.500,2463861.500,2032.6256,2033.7207,400.0,66.271,8.141,8.038,11.864
2463461.500,2463871.500,2032.6256,2033.7481,410.0,71.764,8.471,8.372,12.353
2463461.500,2463881.500,2032.6256,2033.7755,420.0,77.253,8.789,8.694,12.830
2463461.500,2463891.500,2032.6256,2033.8029,430.0,82.723,9.095,9.003,13.295
2463461.500,2463901.500,2032.6256,2033.8303,440.0,88.163,9.390,9.300,13.748
2463461.500,2463911.500,2032.6256,2033.8576,450.0,93.565,9.673,9.586,14.189
2463481.500,2463561.500,2032.6804,2032.8994,80.0,1837.818,42.870,42.851,76.226
2463481.500,2463571.500,2032.6804,2032.9268,90.0,1317.409,36.296,36.274,63.363
2463481.500,2463581.500,2032.6804,2032.9541,100.0,960.615,30.994,30.968,53.069
2463481.500,2463591.500,2032.6804,2032.9815,110.0,708.761,26.623,26.592,44.668
2463481.500,2463601.500,2032.6804,2033.0089,120.0,526.929,22.955,22.920,37.709
2463481.500,2463611.500,2032.6804,2033.0363,130.0,393.353,19.833,19.792,31.880
2463481.500,2463621.500,2032.6804,2033.0637,140.0,293.928,17.144,17.097,26.959
2463481.500,2463631.500,2032.6804,2033.0910,150.0,219.219,14.806,14.751,22.785
2463481.500,2463641.500,2032.6804,2033.1184,160.0,162.739,12.757,12.693,19.240
2463481.500,2463651.500,2032.6804,2033.1458,170.0,119.923,10.951,10.876,16.232
2463481.500,2463661.500,2032.6804,2033.1732,180.0,87.489,9.354,9.266,13.694
2463481.500,2463671.500,2032.6804,2033.2005,190.0,63.041,7.940,7.836,11.573
2463481.500,2463681.500,2032.6804,2033.2279,200.0,44.795,6.693,6.569,9.828
2463481.500,2463691.500,2032.6804,2033.2553,210.0,31.412,5.605,5.456,8.427
2463481.500,2463701.500,2032.6804,2033.2827,220.0,21.867,4.676,4.497,7.343
2463481.500,2463711.500,2032.6804,2033.3101,230.0,15.373,3.921,3.704,6.554
2463481.500,2463721.500,2032.6804,2033.3374,240.0,11.315,3.364,3.109,6.035
2463481.500,2463731.500,2032.6804,2033.3648,250.0,9.211,3.035,2.749,5.756
2463481.500,2463741.500,2032.6804,2033.3922,260.0,8.680,2.946,2.650,5.684
2463481.500,2463751.500,2032.6804,2033.4196,270.0,9.416,3.069,2.786,5.783
2463481.500,2463761.500,2032.6804,2033.4470,280.0,11.177,3.343,3.085,6.016
2463481.500,2463771.500,2032.6804,2033.4743,290.0,13.763,3.710,3.479,6.350
2463481.500,2463781.500,2032.6804,2033.5017,300.0,17.016,4.125,3.919,6.758
2463481.500,2463791.500,2032.6804,2033.5291,310.0,20.804,4.561,4.375,7.217
2463481.500,2463801.500,2032.6804,2033.5565,320.0,25.021,5.002,4.833,7.709
2463481.500,2463811.500,2032.6804,2033.5838,330.0,29.579,5.439,5.284,8.224
2463481.500,2463821.500,2032.6804,2033.6112,340.0,34.405,5.866,5.722,8.750
2463481.500,2463831.500,2032.6804,2033.6386,350.0,39.440,6.280,6.146,9.280
2463481.500,2463841.500,2032.6804,2033.6660,360.0,44.633,6.681,6.555,9.810
2463481.500,2463851.500,2032.6804,2033.6934,370.0,49.945,7.067,6.948,10.336
2463481.500,2463861.500,2032.6804,2033.7207,380.0,55.340,7.439,7.326,10.855
2463481.500,2463871.500,2032.6804,2033.7481,390.0,60.790,7.797,7.689,11.365
2463481.500,2463881.500,2032.6804,2033.7755,400.0,66.272,8.141,8.038,11.864
2463481.500,2463891.500,2032.6804,2033.8029,410.0,71.765,8.471,8.372,12.353
2463481.500,2463901.500,2032.6804,2033.8303,420.0,77.253,8.789,8.694,12.830
2463481.500,2463911.500,2032.6804,2033.8576,430.0,82.723,9.095,9.003,13.295
2463481.500,2463921.500,2032.6804,2033.8850,440.0,88.164,9.390,9.300,13.748
2463481.500,2463931.500,2032.6804,2033.9124,450.0,93.565,9.673,9.586,14.189
2463501.500,2463581.500,2032.7351,2032.9541,80.0,1837.817,42.870,42.851,76.226
2463501.500,2463591.500,2032.7351,2032.9815,90.0,1317.408,36.296,36.274,63.363
2463501.500,2463601.500,2032.7351,2033.0089,100.0,960.614,30.994,30.968,53.069
2463501.500,2463611.500,2032.7351,2033.0363,110.0,708.760,26.623,26.592,44.668
2463501.500,2463621.500,2032.7351,2033.0637,120.0,526.929,22.955,22.920,37.709
2463501.500,2463631.500,2032.7351,2033.0910,130.0,393.352,19.833,19.792,31.880
2463501.500,2463641.500,2032.7351,2033.1184,140.0,293.927,17.144,17.097,26.959
2463501.500,2463651.500,2032.7351,2033.1458,150.0,219.218,14.806,14.751,22.785
2463501.500,2463661.500,2032.7351,2033.1732,160.0,162.739,12.757,12.693,19.240
2463501.500,2463671.500,2032.7351,2033.2005,170.0,119.923,10.951,10.876,16.232
2463501.500,2463681.500,2032.7351,2033.2279,180.0,87.489,9.354,9.266,13.694
2463501.500,2463691.500,2032.7351,2033.2553,190.0,63.041,7.940,7.836,11.573
2463501.500,2463701.500,2032.7351,2033.2827,200.0,44.795,6.693,6.569,9.828
2463501.500,2463711.500,2032.7351,2033.3101,210.0,31.412,5.605,5.456,8.427
2463501.500,2463721.500,2032.7351,2033.3374,220.0,21.867,4.676,4.497,7.343
2463501.500,2463731.500,2032.7351,2033.3648,230.0,15.373,3.921,3.704,6.554
2463501.500,2463741.500,2032.7351,2033.3922,240.0,11.315,3.364,3.109,6.035
2463501.500,2463751.500,2032.7351,2033.4196,250.0,9.211,3.035,2.749,5.756
2463501.500,2463761.500,2032.7351,2033.4470,260.0,8.680,2.946,2.650,5.684
2463501.500,2463771.500,2032.7351,2033.4743,270.0,9.416,3.069,2.786,5.783
2463501.500,2463781.500,2032.7351,2033.5017,280.0,11.177,3.343,3.085,6.016
2463501.500,2463791.500,2032.7351,2033.5291,290.0,13.763,3.710,3.479,6.350
2463501.500,2463801.500,2032.7351,2033.5565,300.0,17.016,4.125,3.919,6.758
2463501.500,2463811.500,2032.7351,2033.5838,310.0,20.804,4.561,4.375,7.217
2463501.500,2463821.500,2032.7351,2033.6112,320.0,25.021,5.002,4.833,7.709
2463501.500,2463831.500,2032.7351,2033.6386,330.0,29.579,5.439,5.284,8.224
2463501.500,2463841.500,2032.7351,2033.6660,340.0,34.405,5.866,5.722,8.750
2463501.500,2463851.500,2032.7351,2033.6934,350.0,39.440,6.280,6.146,9.280
2463501.500,2463861.500,2032.7351,2033.7207,360.0,44.634,6.681,6.555,9.810
2463501.500,2463871.500,2032.7351,2033.7481,370.0,49.945,7.067,6.948,10.336
2463501.500,2463881.500,2032.7351,2033.7755,380.0,55.340,7.439,7.326,10.855
2463501.500,2463891.500,2032.7351,2033.8029,390.0,60.790,7.797,7.689,11.365
2463501.500,2463901.500,2032.7351,2033.8303,400.0,66.272,8.141,8.038,11.864
2463501.500,2463911.500,2032.7351,2033.8576,410.0,71.765,8.471,8.372,12.353
2463501.500,2463921.500,2032.7351,2033.8850,420.0,77.253,8.789,8.694,12.830
2463501.500,2463931.500,2032.7351,2033.9124,430.0,82.724,9.095,9.003,13.295
2463501.500,2463941.500,2032.7351,2033.9398,440.0,88.164,9.390,9.300,13.748
2463501.500,2463951.500,2032.7351,2033.9671,450.0,93.565,9.673,9.586,14.189
2463521.500,2463601.500,2032.7899,2033.0089,80.0,1837.815,42.870,42.851,76.226
2463521.500,2463611.500,2032.7899,2033.0363,90.0,1317.407,36.296,36.274,63.363
2463521.500,2463621.500,2032.7899,2033.0637,100.0,960.613,30.994,30.968,53.069
2463521.500,2463631.500,2032.7899,2033.0910,110.0,708.759,26.623,26.592,44.668
2463521.500,2463641.500,2032.7899,2033.1184,120.0,526.928,22.955,22.920,37.709
2463521.500,2463651.500,2032.7899,2033.1458,130.0,393.351,19.833,19.792,31.880
2463521.500,2463661.500,2032.7899,2033.1732,140.0,293.927,17.144,17.097,26.959
2463521.500,2463671.500,2032.7899,2033.2005,150.0,219.218,14.806,14.751,22.785
2463521.500,2463681.500,2032.7899,2033.2279,160.0,162.739,12.757,12.693,19.240
2463521.500,2463691.500,2032.7899,2033.2553,170.0,119.922,10.951,10.876,16.232
2463521.500,2463701.500,2032.7899,2033.2827,180.0,87.489,9.354,9.266,13.694
2463521.500,2463711.500,2032.7899,2033.3101,190.0,63.040,7.940,7.836,11.573
2463521.500,2463721.500,2032.7899,2033.3374,200.0,44.795,6.693,6.569,9.828
2463521.500,2463731.500,2032.7899,2033.3648,210.0,31.412,5.605,5.456,8.427
2463521.500,2463741.500,2032.7899,2033.3922,220.0,21.867,4.676,4.497,7.343
2463521.500,2463751.500,2032.7899,2033.4196,230.0,15.373,3.921,3.704,6.554
2463521.500,2463761.500,2032.7899,2033.4470,240.0,11.315,3.364,3.109,6.035
2463521.500,2463771.500,2032.7899,2033.4743,250.0,9.211,3.035,2.749,5.756
2463521.500,2463781.500,2032.7899,2033.5017,260.0,8.680,2.946,2.650,5.684
2463521.500,2463791.500,2032.7899,2033.5291,270.0,9.416,3.069,2.786,5.783
2463521.500,2463801.500,2032.7899,2033.5565,280.0,11.177,3.343,3.085,6.016
2463521.500,2463811.500,2032.7899,2033.5838,290.0,13.763,3.710,3.479,6.350
2463521.500,2463821.500,2032.7899,2033.6112,300.0,17.016,4.125,3.919,6.758
2463521.500,2463831.500,2032.7899,2033.6386,310.0,20.804,4.561,4.375,7.217
2463521.500,2463841.500,2032.7899,2033.6660,320.0,25.021,5.002,4.833,7.710
2463521.500,2463851.500,2032.7899,2033.6934,330.0,29.579,5.439,5.284,8.224
2463521.500,2463861.500,2032.7899,2033.7207,340.0,34.405,5.866,5.722,8.750
2463521.500,2463871.500,2032.7899,2033.7481,350.0,39.440,6.280,6.146,9.280
2463521.500,2463881.500,2032.7899,2033.7755,360.0,44.634,6.681,6.555,9.810
2463521.500,2463891.500,2032.7899,2033.8029,370.0,49.945,7.067,6.948,10.336
2463521.500,2463901.500,2032.7899,2033.8303,380.0,55.340,7.439,7.326,10.855
2463521.500,2463911.500,2032.7899,2033.8576,390.0,60.791,7.797,7.689,11.365
2463521.500,2463921.500,2032.7899,2033.8850,400.0,66.272,8.141,8.038,11.864
2463521.500,2463931.500,2032.7899,2033.9124,410.0,71.765,8.471,8.372,12.353
2463521.500,2463941.500,2032.7899,2033.9398,420.0,77.254,8.789,8.694,12.830
2463521.500,2463951.500,2032.7899,2033.9671,430.0,82.724,9.095,9.003,13.295
2463521.500,2463961.500,2032.7899,2033.9945,440.0,88.164,9.390,9.300,13.748
2463521.500,2463971.500,2032.7899,2034.0219,450.0,93.566,9.673,9.586,14.189
2463541.500,2463621.500,2032.8446,2033.0637,80.0,1837.814,42.870,42.851,76.226
2463541.500,2463631.500,2032.8446,2033.0910,90.0,1317.406,36.296,36.274,63.363
2463541.500,2463641.500,2032.8446,2033.1184,100.0,960.612,30.994,30.968,53.069
2463541.500,2463651.500,2032.8446,2033.1458,110.0,708.758,26.623,26.592,44.668
2463541.500,2463661.500,2032.8446,2033.1732,120.0,526.927,22.955,22.920,37.709
2463541.500,2463671.500,2032.8446,2033.2005,130.0,393.351,19.833,19.792,31.880
2463541.500,2463681.500,2032.8446,2033.2279,140.0,293.926,17.144,17.097,26.959
2463541.500,2463691.500,2032.8446,2033.2553,150.0,219.217,14.806,14.751,22.785
2463541.500,2463701.500,2032.8446,2033.2827,160.0,162.738,12.757,12.693,19.240
2463541.500,2463711.500,2032.8446,2033.3101,170.0,119.922,10.951,10.876,16.232
2463541.500,2463721.500,2032.8446,2033.3374,180.0,87.489,9.354,9.266,13.694
2463541.500,2463731.500,2032.8446,2033.3648,190.0,63.040,7.940,7.836,11.573
2463541.500,2463741.500,2032.8446,2033.3922,200.0,44.795,6.693,6.569,9.828
2463541.500,2463751.500,2032.8446,2033.4196,210.0,31.411,5.605,5.456,8.427
2463541.500,2463761.500,2032.8446,2033.4470,220.0,21.867,4.676,4.497,7.343
2463541.500,2463771.500,2032.8446,2033.4743,230.0,15.373,3.921,3.704,6.554
2463541.500,2463781.500,2032.8446,2033.5017,240.0,11.315,3.364,3.109,6.035
2463541.500,2463791.500,2032.8446,2033.5291,250.0,9.211,3.035,2.749,5.756
2463541.500,2463801.500,2032.8446,2033.5565,260.0,8.680,2.946,2.650,5.684
2463541.500,2463811.500,2032.8446,2033.5838,270.0,9.417,3.069,2.786,5.783
2463541.500,2463821.500,2032.8446,2033.6112,280.0,11.177,3.343,3.085,6.016
2463541.500,2463831.500,2032.8446,2033.6386,290.0,13.763,3.710,3.479,6.350
2463541.500,2463841.500,2032.8446,2033.6660,300.0,17.016,4.125,3.919,6.758
2463541.500,2463851.500,2032.8446,2033.6934,310.0,20.804,4.561,4.375,7.217
2463541.500,2463861.500,2032.8446,2033.7207,320.0,25.021,5.002,4.833,7.710
2463541.500,2463871.500,2032.8446,2033.7481,330.0,29.579,5.439,5.284,8.224
2463541.500,2463881.500,2032.8446,2033.7755,340.0,34.405,5.866,5.722,8.750
2463541.500,2463891.500,2032.8446,2033.8029,350.0,39.440,6.280,6.146,9.280
2463541.500,2463901.500,2032.8446,2033.8303,360.0,44.634,6.681,6.555,9.810
2463541.500,2463911.500,2032.8446,2033.8576,370.0,49.946,7.067,6.948,10.336
2463541.500,2463921.500,2032.8446,2033.8850,380.0,55.341,7.439,7.326,10.855
2463541.500,2463931.500,2032.8446,2033.9124,390.0,60.791,7.797,7.689,11.365
2463541.500,2463941.500,2032.8446,2033.9398,400.0,66.272,8.141,8.038,11.864
2463541.500,2463951.500,2032.8446,2033.9671,410.0,71.766,8.471,8.372,12.353
2463541.500,2463961.500,2032.8446,2033.9945,420.0,77.254,8.789,8.694,12.830
2463541.500,2463971.500,2032.8446,2034.0219,430.0,82.724,9.095,9.003,13.295
2463541.500,2463981.500,2032.8446,2034.0493,440.0,88.165,9.390,9.300,13.748
2463541.500,2463991.500,2032.8446,2034.0767,450.0,93.566,9.673,9.586,14.189
2463561.500,2463641.500,2032.8994,2033.1184,80.0,1837.813,42.870,42.851,76.226
2463561.500,2463651.500,2032.8994,2033.1458,90.0,1317.404,36.296,36.274,63.363
2463561.500,2463661.500,2032.8994,2033.1732,100.0,960.611,30.994,30.968,53.069
2463561.500,2463671.500,2032.8994,2033.2005,110.0,708.757,26.622,26.592,44.668
2463561.500,2463681.500,2032.8994,2033.2279,120.0,526.926,22.955,22.920,37.709
2463561.500,2463691.500,2032.8994,2033.2553,130.0,393.350,19.833,19.792,31.880
2463561.500,2463701.500,2032.8994,2033.2827,140.0,293.925,17.144,17.097,26.959
2463561.500,2463711.500,2032.8994,2033.3101,150.0,219.217,14.806,14.751,22.785
2463561.500,2463721.500,2032.8994,2033.3374,160.0,162.738,12.757,12.693,19.240
2463561.500,2463731.500,2032.8994,2033.3648,170.0,119.921,10.951,10.876,16.232
2463561.500,2463741.500,2032.8994,2033.3922,180.0,87.488,9.354,9.266,13.694
2463561.500,2463751.500,2032.8994,2033.4196,190.0,63.040,7.940,7.836,11.573
2463561.500,2463761.500,2032.8994,2033.4470,200.0,44.795,6.693,6.569,9.828
2463561.500,2463771.500,2032.8994,2033.4743,210.0,31.411,5.605,5.456,8.427
2463561.500,2463781.500,2032.8994,2033.5017,220.0,21.867,4.676,4.497,7.343
2463561.500,2463791.500,2032.8994,2033.5291,230.0,15.372,3.921,3.704,6.554
2463561.500,2463801.500,2032.8994,2033.5565,240.0,11.315,3.364,3.109,6.035
2463561.500,2463811.500,2032.8994,2033.5838,250.0,9.211,3.035,2.749,5.756
2463561.500,2463821.500,2032.8994,2033.6112,260.0,8.680,2.946,2.650,5.684
2463561.500,2463831.500,2032.8994,2033.6386,270.0,9.417,3.069,2.786,5.783
2463561.500,2463841.500,2032.8994,2033.6660,280.0,11.177,3.343,3.085,6.016
2463561.500,2463851.500,2032.8994,2033.6934,290.0,13.763,3.710,3.479,6.350
2463561.500,2463861.500,2032.8994,2033.7207,300.0,17.016,4.125,3.919,6.758
2463561.500,2463871.500,2032.8994,2033.7481,310.0,20.804,4.561,4.375,7.217
2463561.500,2463881.500,2032.8994,2033.7755,320.0,25.021,5.002,4.833,7.710
2463561.500,2463891.500,2032.8994,2033.8029,330.0,29.579,5.439,5.284,8.224
2463561.500,2463901.500,2032.8994,2033.8303,340.0,34.406,5.866,5.722,8.750
2463561.500,2463911.500,2032.8994,2033.8576,350.0,39.440,6.280,6.146,9.280
2463561.500,2463921.500,2032.8994,2033.8850,360.0,44.634,6.681,6.555,9.810
2463561.500,2463931.500,2032.8994,2033.9124,370.0,49.946,7.067,6.948,10.336
2463561.500,2463941.500,2032.8994,2033.9398,380.0,55.341,7.439,7.326,10.855
2463561.500,2463951.500,2032.8994,2033.9671,390.0,60.791,7.797,7.689,11.365
2463561.500,2463961.500,2032.8994,2033.9945,400.0,66.273,8.141,8.038,11.864
2463561.500,2463971.500,2032.8994,2034.0219,410.0,71.766,8.471,8.372,12.353
2463561.500,2463981.500,2032.8994,2034.0493,420.0,77.254,8.789,8.694,12.830
2463561.500,2463991.500,2032.8994,2034.0767,430.0,82.724,9.095,9.003,13.295
2463561.500,2464001.500,2032.8994,2034.1040,440.0,88.165,9.390,9.300,13.748
2463561.500,2464011.500,2032.8994,2034.1314,450.0,93.566,9.673,9.586,14.189
2463581.500,2463661.500,2032.9541,2033.1732,80.0,1837.811,42.870,42.851,76.226
2463581.500,2463671.500,2032.9541,2033.2005,90.0,1317.403,36.296,36.274,63.363
2463581.500,2463681.500,2032.9541,2033.2279,100.0,960.610,30.994,30.968,53.069
2463581.500,2463691.500,2032.9541,2033.2553,110.0,708.756,26.622,26.592,44.668
2463581.500,2463701.500,2032.9541,2033.2827,120.0,526.926,22.955,22.920,37.709
2463581.500,2463711.500,2032.9541,2033.3101,130.0,393.349,19.833,19.792,31.880
2463581.500,2463721.500,2032.9541,2033.3374,140.0,293.925,17.144,17.097,26.959
2463581.500,2463731.500,2032.9541,2033.3648,150.0,219.217,14.806,14.751,22.785
2463581.500,2463741.500,2032.9541,2033.3922,160.0,162.737,12.757,12.693,19.240
2463581.500,2463751.500,2032.9541,2033.4196,170.0,119.921,10.951,10.876,16.232
2463581.500,2463761.500,2032.9541,2033.4470,180.0,87.488,9.354,9.266,13.694
2463581.500,2463771.500,2032.9541,2033.4743,190.0,63.040,7.940,7.836,11.573
2463581.500,2463781.500,2032.9541,2033.5017,200.0,44.794,6.693,6.569,9.828
2463581.500,2463791.500,2032.9541,2033.5291,210.0,31.411,5.605,5.456,8.427
2463581.500,2463801.500,2032.9541,2033.5565,220.0,21.867,4.676,4.497,7.343
2463581.500,2463811.500,2032.9541,2033.5838,230.0,15.372,3.921,3.704,6.554
2463581.500,2463821.500,2032.9541,2033.6112,240.0,11.315,3.364,3.109,6.035
2463581.500,2463831.500,2032.9541,2033.6386,250.0,9.211,3.035,2.749,5.756
2463581.500,2463841.500,2032.9541,2033.6660,260.0,8.680,2.946,2.650,5.684
2463581.500,2463851.500,2032.9541,2033.6934,270.0,9.417,3.069,2.786,5.783
2463581.500,2463861.500,2032.9541,2033.7207,280.0,11.177,3.343,3.085,6.016
2463581.500,2463871.500,2032.9541,2033.7481,290.0,13.763,3.710,3.479,6.350
2463581.500,2463881.500,2032.9541,2033.7755,300.0,17.016,4.125,3.919,6.758
2463581.500,2463891.500,2032.9541,2033.8029,310.0,20.805,4.561,4.375,7.217
2463581.500,2463901.500,2032.9541,2033.8303,320.0,25.022,5.002,4.833,7.710
2463581.500,2463911.500,2032.9541,2033.8576,330.0,29.579,5.439,5.284,8.224
2463581.500,2463921.500,2032.9541,2033.8850,340.0,34.406,5.866,5.722,8.750
2463581.500,2463931.500,2032.9541,2033.9124,350.0,39.441,6.280,6.146,9.280
2463581.500,2463941.500,2032.9541,2033.9398,360.0,44.634,6.681,6.555,9.810
2463581.500,2463951.500,2032.9541,2033.9671,370.0,49.946,7.067,6.948,10.336
2463581.500,2463961.500,2032.9541,2033.9945,380.0,55.341,7.439,7.326,10.855
2463581.500,2463971.500,2032.9541,2034.0219,390.0,60.791,7.797,7.689,11.365
2463581.500,2463981.500,2032.9541,2034.0493,400.0,66.273,8.141,8.038,11.864
2463581.500,2463991.500,2032.9541,2034.0767,410.0,71.766,8.471,8.372,12.353
2463581.500,2464001.500,2032.9541,2034.1040,420.0,77.255,8.789,8.694,12.830
2463581.500,2464011.500,2032.9541,2034.1314,430.0,82.725,9.095,9.003,13.295
2463581.500,2464021.500,2032.9541,2034.1588,440.0,88.165,9.390,9.300,13.748
2463581.500,2464031.500,2032.9541,2034.1862,450.0,93.567,9.673,9.586,14.189
2463601.500,2463681.500,2033.0089,2033.2279,80.0,1837.810,42.870,42.851,76.226
2463601.500,2463691.500,2033.0089,2033.2553,90.0,1317.402,36.296,36.274,63.363
2463601.500,2463701.500,2033.0089,2033.2827,100.0,960.609,30.994,30.968,53.069
2463601.500,2463711.500,2033.0089,2033.3101,110.0,708.755,26.622,26.592,44.668
2463601.500,2463721.500,2033.0089,2033.3374,120.0,526.925,22.955,22.920,37.709
2463601.500,2463731.500,2033.0089,2033.3648,130.0,393.349,19.833,19.792,31.880
2463601.500,2463741.500,2033.0089,2033.3922,140.0,293.924,17.144,17.097,26.959
2463601.500,2463751.500,2033.0089,2033.4196,150.0,219.216,14.806,14.751,22.785
2463601.500,2463761.500,2033.0089,2033.4470,160.0,162.737,12.757,12.693,19.240
2463601.500,2463771.500,2033.0089,2033.4743,170.0,119.921,10.951,10.876,16.232
2463601.500,2463781.500,2033.0089,2033.5017,180.0,87.488,9.353,9.266,13.694
2463601.500,2463791.500,2033.0089,2033.5291,190.0,63.039,7.940,7.836,11.573
2463601.500,2463801.500,2033.0089,2033.5565,200.0,44.794,6.693,6.569,9.827
2463601.500,2463811.500,2033.0089,2033.5838,210.0,31.411,5.605,5.456,8.427
2463601.500,2463821.500,2033.0089,2033.6112,220.0,21.866,4.676,4.496,7.343
2463601.500,2463831.500,2033.0089,2033.6386,230.0,15.372,3.921,3.704,6.554
2463601.500,2463841.500,2033.0089,2033.6660,240.0,11.315,3.364,3.109,6.035
2463601.500,2463851.500,2033.0089,2033.6934,250.0,9.211,3.035,2.749,5.756
2463601.500,2463861.500,2033.0089,2033.7207,260.0,8.680,2.946,2.650,5.684
2463601.500,2463871.500,2033.0089,2033.7481,270.0,9.417,3.069,2.786,5.783
2463601.500,2463881.500,2033.0089,2033.7755,280.0,11.177,3.343,3.085,6.016
2463601.500,2463891.500,2033.0089,2033.8029,290.0,13.764,3.710,3.479,6.350
2463601.500,2463901.500,2033.0089,2033.8303,300.0,17.016,4.125,3.919,6.758
2463601.500,2463911.500,2033.0089,2033.8576,310.0,20.805,4.561,4.375,7.217
2463601.500,2463921.500,2033.0089,2033.8850,320.0,25.022,5.002,4.833,7.710
2463601.500,2463931.500,2033.0089,2033.9124,330.0,29.580,5.439,5.284,8.224
2463601.500,2463941.500,2033.0089,2033.9398,340.0,34.406,5.866,5.722,8.750
2463601.500,2463951.500,2033.0089,2033.9671,350.0,39.441,6.280,6.146,9.280
2463601.500,2463961.500,2033.0089,2033.9945,360.0,44.635,6.681,6.555,9.810
2463601.500,2463971.500,2033.0089,2034.0219,370.0,49.946,7.067,6.948,10.336
2463601.500,2463981.500,2033.0089,2034.0493,380.0,55.341,7.439,7.326,10.855
2463601.500,2463991.500,2033.0089,2034.0767,390.0,60.792,7.797,7.689,11.365
2463601.500,2464001.500,2033.0089,2034.1040,400.0,66.273,8.141,8.038,11.864
2463601.500,2464011.500,2033.0089,2034.1314,410.0,71.766,8.472,8.372,12.353
2463601.500,2464021.500,2033.0089,2034.1588,420.0,77.255,8.789,8.694,12.830
2463601.500,2464031.500,2033.0089,2034.1862,430.0,82.725,9.095,9.003,13.295
2463601.500,2464041.500,2033.0089,2034.2136,440.0,88.165,9.390,9.300,13.748
2463601.500,2464051.500,2033.0089,2034.2409,450.0,93.567,9.673,9.586,14.189
2463621.500,2463701.500,2033.0637,2033.2827,80.0,1837.808,42.870,42.851,76.226
2463621.500,2463711.500,2033.0637,2033.3101,90.0,1317.401,36.296,36.274,63.363
2463621.500,2463721.500,2033.0637,2033.3374,100.0,960.608,30.994,30.968,53.069
2463621.500,2463731.500,2033.0637,2033.3648,110.0,708.755,26.622,26.592,44.668
2463621.500,2463741.500,2033.0637,2033.3922,120.0,526.924,22.955,22.920,37.709
2463621.500,2463751.500,2033.0637,2033.4196,130.0,393.348,19.833,19.792,31.880
2463621.500,2463761.500,2033.0637,2033.4470,140.0,293.924,17.144,17.097,26.959
2463621.500,2463771.500,2033.0637,2033.4743,150.0,219.216,14.806,14.751,22.785
2463621.500,2463781.500,2033.0637,2033.5017,160.0,162.736,12.757,12.693,19.240
2463621.500,2463791.500,2033.0637,2033.5291,170.0,119.920,10.951,10.876,16.232
2463621.500,2463801.500,2033.0637,2033.5565,180.0,87.487,9.353,9.265,13.694
2463621.500,2463811.500,2033.0637,2033.5838,190.0,63.039,7.940,7.836,11.573
2463621.500,2463821.500,2033.0637,2033.6112,200.0,44.794,6.693,6.569,9.827
2463621.500,2463831.500,2033.0637,2033.6386,210.0,31.411,5.605,5.456,8.427
2463621.500,2463841.500,2033.0637,2033.6660,220.0,21.866,4.676,4.496,7.343
2463621.500,2463851.500,2033.0637,2033.6934,230.0,15.372,3.921,3.704,6.554
2463621.500,2463861.500,2033.0637,2033.7207,240.0,11.314,3.364,3.109,6.035
2463621.500,2463871.500,2033.0637,2033.7481,250.0,9.211,3.035,2.749,5.756
2463621.500,2463881.500,2033.0637,2033.7755,260.0,8.680,2.946,2.650,5.684
2463621.500,2463891.500,2033.0637,2033.8029,270.0,9.417,3.069,2.786,5.783
2463621.500,2463901.500,2033.0637,2033.8303,280.0,11.177,3.343,3.085,6.016
2463621.500,2463911.500,2033.0637,2033.8576,290.0,13.764,3.710,3.479,6.350
2463621.500,2463921.500,2033.0637,2033.8850,300.0,17.016,4.125,3.919,6.758
2463621.500,2463931.500,2033.0637,2033.9124,310.0,20.805,4.561,4.375,7.217
2463621.500,2463941.500,2033.0637,2033.9398,320.0,25.022,5.002,4.833,7.710
2463621.500,2463951.500,2033.0637,2033.9671,330.0,29.580,5.439,5.284,8.224
2463621.500,2463961.500,2033.0637,2033.9945,340.0,34.406,5.866,5.722,8.750
2463621.500,2463971.500,2033.0637,2034.0219,350.0,39.441,6.280,6.146,9.280
2463621.500,2463981.500,2033.0637,2034.0493,360.0,44.635,6.681,6.555,9.810
2463621.500,2463991.500,2033.0637,2034.0767,370.0,49.946,7.067,6.948,10.336
2463621.500,2464001.500,2033.0637,2034.1040,380.0,55.342,7.439,7.326,10.855
2463621.500,2464011.500,2033.0637,2034.1314,390.0,60.792,7.797,7.689,11.365
2463621.500,2464021.500,2033.0637,2034.1588,400.0,66.273,8.141,8.038,11.864
2463621.500,2464031.500,2033.0637,2034.1862,410.0,71.767,8.472,8.373,12.353
2463621.500,2464041.500,2033.0637,2034.2136,420.0,77.255,8.789,8.694,12.830
2463621.500,2464051.500,2033.0637,2034.2409,430.0,82.725,9.095,9.003,13.295
2463621.500,2464061.500,2033.0637,2034.2683,440.0,88.166,9.390,9.300,13.748
2463621.500,2464071.500,2033.0637,2034.2957,450.0,93.567,9.673,9.586,14.189
2463641.500,2463721.500,2033.1184,2033.3374,80.0,1837.807,42.870,42.851,76.226
2463641.500,2463731.500,2033.1184,2033.3648,90.0,1317.399,36.296,36.274,63.362
2463641.500,2463741.500,2033.1184,2033.3922,100.0,960.607,30.994,30.968,53.069
2463641.500,2463751.500,2033.1184,2033.4196,110.0,708.754,26.622,26.592,44.668
2463641.500,2463761.500,2033.1184,2033.4470,120.0,526.923,22.955,22.920,37.709
2463641.500,2463771.500,2033.1184,2033.4743,130.0,393.348,19.833,19.792,31.880
2463641.500,2463781.500,2033.1184,2033.5017,140.0,293.923,17.144,17.097,26.959
2463641.500,2463791.500,2033.1184,2033.5291,150.0,219.215,14.806,14.751,22.785
2463641.500,2463801.500,2033.1184,2033.5565,160.0,162.736,12.757,12.693,19.240
2463641.500,2463811.500,2033.1184,2033.5838,170.0,119.920,10.951,10.876,16.232
2463641.500,2463821.500,2033.1184,2033.6112,180.0,87.487,9.353,9.265,13.694
2463641.500,2463831.500,2033.1184,2033.6386,190.0,63.039,7.940,7.836,11.572
2463641.500,2463841.500,2033.1184,2033.6660,200.0,44.794,6.693,6.569,9.827
2463641.500,2463851.500,2033.1184,2033.6934,210.0,31.411,5.605,5.456,8.427
2463641.500,2463861.500,2033.1184,2033.7207,220.0,21.866,4.676,4.496,7.343
2463641.500,2463871.500,2033.1184,2033.7481,230.0,15.372,3.921,3.704,6.554
2463641.500,2463881.500,2033.1184,2033.7755,240.0,11.314,3.364,3.109,6.035
2463641.500,2463891.500,2033.1184,2033.8029,250.0,9.211,3.035,2.749,5.756
2463641.500,2463901.500,2033.1184,2033.8303,260.0,8.680,2.946,2.650,5.684
2463641.500,2463911.500,2033.1184,2033.8576,270.0,9.417,3.069,2.786,5.783
2463641.500,2463921.500,2033.1184,2033.8850,280.0,11.177,3.343,3.085,6.016
2463641.500,2463931.500,2033.1184,2033.9124,290.0,13.764,3.710,3.479,6.350
2463641.500,2463941.500,2033.1184,2033.9398,300.0,17.017,4.125,3.919,6.758
2463641.500,2463951.500,2033.1184,2033.9671,310.0,20.805,4.561,4.375,7.217
2463641.500,2463961.500,2033.1184,2033.9945,320.0,25.022,5.002,4.833,7.710
2463641.500,2463971.500,2033.1184,2034.0219,330.0,29.580,5.439,5.284,8.224
2463641.500,2463981.500,2033.1184,2034.0493,340.0,34.406,5.866,5.722,8.750
2463641.500,2463991.500,2033.1184,2034.0767,350.0,39.441,6.280,6.146,9.280
2463641.500,2464001.500,2033.1184,2034.1040,360.0,44.635,6.681,6.555,9.810
2463641.500,2464011.500,2033.1184,2034.1314,370.0,49.947,7.067,6.948,10.336
2463641.500,2464021.500,2033.1184,2034.1588,380.0,55.342,7.439,7.326,10.855
2463641.500,2464031.500,2033.1184,2034.1862,390.0,60.792,7.797,7.689,11.365
2463641.500,2464041.500,2033.1184,2034.2136,400.0,66.274,8.141,8.038,11.864
2463641.500,2464051.500,2033.1184,2034.2409,410.0,71.767,8.472,8.373,12.353
2463641.500,2464061.500,2033.1184,2034.2683,420.0,77.255,8.790,8.694,12.830
2463641.500,2464071.500,2033.1184,2034.2957,430.0,82.726,9.095,9.003,13.295
2463641.500,2464081.500,2033.1184,2034.3231,440.0,88.166,9.390,9.300,13.748
2463641.500,2464091.500,2033.1184,2034.3504,450.0,93.568,9.673,9.586,14.189
2463661.500,2463741.500,2033.1732,2033.3922,80.0,1837.805,42.870,42.851,76.226
2463661.500,2463751.500,2033.1732,2033.4196,90.0,1317.398,36.296,36.274,63.362
2463661.500,2463761.500,2033.1732,2033.4470,100.0,960.606,30.994,30.968,53.069
2463661.500,2463771.500,2033.1732,2033.4743,110.0,708.753,26.622,26.592,44.668
2463661.500,2463781.500,2033.1732,2033.5017,120.0,526.923,22.955,22.920,37.709
2463661.500,2463791.500,2033.1732,2033.5291,130.0,393.347,19.833,19.792,31.880
2463661.500,2463801.500,2033.1732,2033.5565,140.0,293.923,17.144,17.097,26.959
2463661.500,2463811.500,2033.1732,2033.5838,150.0,219.215,14.806,14.751,22.785
2463661.500,2463821.500,2033.1732,2033.6112,160.0,162.736,12.757,12.693,19.240
2463661.500,2463831.500,2033.1732,2033.6386,170.0,119.920,10.951,10.876,16.232
2463661.500,2463841.500,2033.1732,2033.6660,180.0,87.487,9.353,9.265,13.694
2463661.500,2463851.500,2033.1732,2033.6934,190.0,63.039,7.940,7.836,11.572
2463661.500,2463861.500,2033.1732,2033.7207,200.0,44.794,6.693,6.569,9.827
2463661.500,2463871.500,2033.1732,2033.7481,210.0,31.410,5.605,5.456,8.427
2463661.500,2463881.500,2033.1732,2033.7755,220.0,21.866,4.676,4.496,7.343
2463661.500,2463891.500,2033.1732,2033.8029,230.0,15.372,3.921,3.704,6.554
2463661.500,2463901.500,2033.1732,2033.8303,240.0,11.314,3.364,3.109,6.035
2463661.500,2463911.500,2033.1732,2033.8576,250.0,9.211,3.035,2.749,5.756
2463661.500,2463921.500,2033.1732,2033.8850,260.0,8.680,2.946,2.650,5.684
2463661.500,2463931.500,2033.1732,2033.9124,270.0,9.417,3.069,2.786,5.783
2463661.500,2463941.500,2033.1732,2033.9398,280.0,11.177,3.343,3.085,6.016
2463661.500,2463951.500,2033.1732,2033.9671,290.0,13.764,3.710,3.479,6.350
2463661.500,2463961.500,2033.1732,2033.9945,300.0,17.017,4.125,3.919,6.758
2463661.500,2463971.500,2033.1732,2034.0219,310.0,20.805,4.561,4.375,7.217
2463661.500,2463981.500,2033.1732,2034.0493,320.0,25.022,5.002,4.833,7.710
2463661.500,2463991.500,2033.1732,2034.0767,330.0,29.580,5.439,5.284,8.224
2463661.500,2464001.500,2033.1732,2034.1040,340.0,34.406,5.866,5.722,8.750
2463661.500,2464011.500,2033.1732,2034.1314,350.0,39.441,6.280,6.146,9.280
2463661.500,2464021.500,2033.1732,2034.1588,360.0,44.635,6.681,6.555,9.810
2463661.500,2464031.500,2033.1732,2034.1862,370.0,49.947,7.067,6.948,10.336
2463661.500,2464041.500,2033.1732,2034.2136,380.0,55.342,7.439,7.326,10.855
2463661.500,2464051.500,2033.1732,2034.2409,390.0,60.792,7.797,7.689,11.365
2463661.500,2464061.500,2033.1732,2034.2683,400.0,66.274,8.141,8.038,11.864
2463661.500,2464071.500,2033.1732,2034.2957,410.0,71.767,8.472,8.373,12.353
2463661.500,2464081.500,2033.1732,2034.3231,420.0,77.256,8.790,8.694,12.830
2463661.500,2464091.500,2033.1732,2034.3504,430.0,82.726,9.095,9.003,13.295
2463661.500,2464101.500,2033.1732,2034.3778,440.0,88.166,9.390,9.300,13.748
2463661.500,2464111.500,2033.1732,2034.4052,450.0,93.568,9.673,9.586,14.189
2463681.500,2463761.500,2033.2279,2033.4470,80.0,1837.804,42.870,42.851,76.226
2463681.500,2463771.500,2033.2279,2033.4743,90.0,1317.397,36.296,36.274,63.362
2463681.500,2463781.500,2033.2279,2033.5017,100.0,960.605,30.994,30.968,53.069
2463681.500,2463791.500,2033.2279,2033.5291,110.0,708.752,26.622,26.592,44.668
2463681.500,2463801.500,2033.2279,2033.5565,120.0,526.922,22.955,22.920,37.709
2463681.500,2463811.500,2033.2279,2033.5838,130.0,393.346,19.833,19.792,31.880
2463681.500,2463821.500,2033.2279,2033.6112,140.0,293.922,17.144,17.097,26.959
2463681.500,2463831.500,2033.2279,2033.6386,150.0,219.214,14.806,14.751,22.785
2463681.500,2463841.500,2033.2279,2033.6660,160.0,162.735,12.757,12.693,19.240
2463681.500,2463851.500,2033.2279,2033.6934,170.0,119.919,10.951,10.876,16.232
2463681.500,2463861.500,2033.2279,2033.7207,180.0,87.487,9.353,9.265,13.694
2463681.500,2463871.500,2033.2279,2033.7481,190.0,63.038,7.940,7.836,11.572
2463681.500,2463881.500,2033.2279,2033.7755,200.0,44.793,6.693,6.569,9.827
2463681.500,2463891.500,2033.2279,2033.8029,210.0,31.410,5.604,5.456,8.427
2463681.500,2463901.500,2033.2279,2033.8303,220.0,21.866,4.676,4.496,7.343
2463681.500,2463911.500,2033.2279,2033.8576,230.0,15.372,3.921,3.704,6.554
2463681.500,2463921.500,2033.2279,2033.8850,240.0,11.314,3.364,3.108,6.035
2463681.500,2463931.500,2033.2279,2033.9124,250.0,9.211,3.035,2.749,5.756
2463681.500,2463941.500,2033.2279,2033.9398,260.0,8.680,2.946,2.650,5.684
2463681.500,2463951.500,2033.2279,2033.9671,270.0,9.417,3.069,2.786,5.783
2463681.500,2463961.500,2033.2279,2033.9945,280.0,11.177,3.343,3.085,6.016
2463681.500,2463971.500,2033.2279,2034.0219,290.0,13.764,3.710,3.479,6.350
2463681.500,2463981.500,2033.2279,2034.0493,300.0,17.017,4.125,3.919,6.758
2463681.500,2463991.500,2033.2279,2034.0767,310.0,20.805,4.561,4.375,7.217
2463681.500,2464001.500,2033.2279,2034.1040,320.0,25.022,5.002,4.833,7.710
2463681.500,2464011.500,2033.2279,2034.1314,330.0,29.580,5.439,5.284,8.224
2463681.500,2464021.500,2033.2279,2034.1588,340.0,34.407,5.866,5.722,8.750
2463681.500,2464031.500,2033.2279,2034.1862,350.0,39.442,6.280,6.146,9.280
2463681.500,2464041.500,2033.2279,2034.2136,360.0,44.635,6.681,6.555,9.810
2463681.500,2464051.500,2033.2279,2034.2409,370.0,49.947,7.067,6.948,10.336
2463681.500,2464061.500,2033.2279,2034.2683,380.0,55.342,7.439,7.326,10.855
2463681.500,2464071.500,2033.2279,2034.2957,390.0,60.793,7.797,7.689,11.365
2463681.500,2464081.500,2033.2279,2034.3231,400.0,66.274,8.141,8.038,11.864
2463681.500,2464091.500,2033.2279,2034.3504,410.0,71.767,8.472,8.373,12.353
2463681.500,2464101.500,2033.2279,2034.3778,420.0,77.256,8.790,8.694,12.830
2463681.500,2464111.500,2033.2279,2034.4052,430.0,82.726,9.095,9.003,13.295
2463681.500,2464121.500,2033.2279,2034.4326,440.0,88.167,9.390,9.300,13.748
2463681.500,2464131.500,2033.2279,2034.4600,450.0,93.568,9.673,9.586,14.189
2463701.500,2463781.500,2033.2827,2033.5017,80.0,1837.802,42.870,42.851,76.226
2463701.500,2463791.500,2033.2827,2033.5291,90.0,1317.396,36.296,36.274,63.362
2463701.500,2463801.500,2033.2827,2033.5565,100.0,960.604,30.994,30.968,53.069
2463701.500,2463811.500,2033.2827,2033.5838,110.0,708.751,26.622,26.592,44.668
2463701.500,2463821.500,2033.2827,2033.6112,120.0,526.921,22.955,22.920,37.709
2463701.500,2463831.500,2033.2827,2033.6386,130.0,393.346,19.833,19.792,31.880
2463701.500,2463841.500,2033.2827,2033.6660,140.0,293.921,17.144,17.097,26.959
2463701.500,2463851.500,2033.2827,2033.6934,150.0,219.214,14.806,14.751,22.785
2463701.500,2463861.500,2033.2827,2033.7207,160.0,162.735,12.757,12.693,19.240
2463701.500,2463871.500,2033.2827,2033.7481,170.0,119.919,10.951,10.876,16.232
2463701.500,2463881.500,2033.2827,2033.7755,180.0,87.486,9.353,9.265,13.694
2463701.500,2463891.500,2033.2827,2033.8029,190.0,63.038,7.940,7.836,11.572
2463701.500,2463901.500,2033.2827,2033.8303,200.0,44.793,6.693,6.569,9.827
2463701.500,2463911.500,2033.2827,2033.8576,210.0,31.410,5.604,5.456,8.426
2463701.500,2463921.500,2033.2827,2033.8850,220.0,21.866,4.676,4.496,7.343
2463701.500,2463931.500,2033.2827,2033.9124,230.0,15.372,3.921,3.704,6.554
2463701.500,2463941.500,2033.2827,2033.9398,240.0,11.314,3.364,3.108,6.035
2463701.500,2463951.500,2033.2827,2033.9671,250.0,9.211,3.035,2.749,5.756
2463701.500,2463961.500,2033.2827,2033.9945,260.0,8.680,2.946,2.650,5.684
2463701.500,2463971.500,2033.2827,2034.0219,270.0,9.417,3.069,2.786,5.783
2463701.500,2463981.500,2033.2827,2034.0493,280.0,11.177,3.343,3.085,6.016
2463701.500,2463991.500,2033.2827,2034.0767,290.0,13.764,3.710,3.479,6.350
2463701.500,2464001.500,2033.2827,2034.1040,300.0,17.017,4.125,3.919,6.758
2463701.500,2464011.500,2033.2827,2034.1314,310.0,20.805,4.561,4.375,7.217
2463701.500,2464021.500,2033.2827,2034.1588,320.0,25.022,5.002,4.833,7.710
2463701.500,2464031.500,2033.2827,2034.1862,330.0,29.580,5.439,5.284,8.224
2463701.500,2464041.500,2033.2827,2034.2136,340.0,34.407,5.866,5.722,8.750
2463701.500,2464051.500,2033.2827,2034.2409,350.0,39.442,6.280,6.146,9.280
2463701.500,2464061.500,2033.2827,2034.2683,360.0,44.636,6.681,6.555,9.810
2463701.500,2464071.500,2033.2827,2034.2957,370.0,49.947,7.067,6.948,10.336
2463701.500,2464081.500,2033.2827,2034.3231,380.0,55.342,7.439,7.326,10.855
2463701.500,2464091.500,2033.2827,2034.3504,390.0,60.793,7.797,7.689,11.365
2463701.500,2464101.500,2033.2827,2034.3778,400.0,66.274,8.141,8.038,11.864
2463701.500,2464111.500,2033.2827,2034.4052,410.0,71.768,8.472,8.373,12.353
2463701.500,2464121.500,2033.2827,2034.4326,420.0,77.256,8.790,8.694,12.830
2463701.500,2464131.500,2033.2827,2034.4600,430.0,82.726,9.095,9.003,13.295
2463701.500,2464141.500,2033.2827,2034.4873,440.0,88.167,9.390,9.300,13.748
2463701.500,2464151.500,2033.2827,2034.5147,450.0,93.569,9.673,9.586,14.189
2463721.500,2463801.500,2033.3374,2033.5565,80.0,1837.801,42.870,42.851,76.226
2463721.500,2463811.500,2033.3374,2033.5838,90.0,1317.395,36.296,36.274,63.362
2463721.500,2463821.500,2033.3374,2033.6112,100.0,960.603,30.994,30.968,53.069
2463721.500,2463831.500,2033.3374,2033.6386,110.0,708.750,26.622,26.592,44.668
2463721.500,2463841.500,2033.3374,2033.6660,120.0,526.920,22.955,22.920,37.709
2463721.500,2463851.500,2033.3374,2033.6934,130.0,393.345,19.833,19.792,31.880
2463721.500,2463861.500,2033.3374,2033.7207,140.0,293.921,17.144,17.097,26.959
2463721.500,2463871.500,2033.3374,2033.7481,150.0,219.213,14.806,14.751,22.785
2463721.500,2463881.500,2033.3374,2033.7755,160.0,162.734,12.757,12.693,19.240
2463721.500,2463891.500,2033.3374,2033.8029,170.0,119.919,10.951,10.876,16.232
2463721.500,2463901.500,2033.3374,2033.8303,180.0,87.486,9.353,9.265,13.694
2463721.500,2463911.500,2033.3374,2033.8576,190.0,63.038,7.940,7.836,11.572
2463721.500,2463921.500,2033.3374,2033.8850,200.0,44.793,6.693,6.569,9.827
2463721.500,2463931.500,2033.3374,2033.9124,210.0,31.410,5.604,5.456,8.426
2463721.500,2463941.500,2033.3374,2033.9398,220.0,21.866,4.676,4.496,7.343
2463721.500,2463951.500,2033.3374,2033.9671,230.0,15.372,3.921,3.704,6.554
2463721.500,2463961.500,2033.3374,2033.9945,240.0,11.314,3.364,3.108,6.035
2463721.500,2463971.500,2033.3374,2034.0219,250.0,9.211,3.035,2.749,5.756
2463721.500,2463981.500,2033.3374,2034.0493,260.0,8.680,2.946,2.650,5.684
2463721.500,2463991.500,2033.3374,2034.0767,270.0,9.417,3.069,2.786,5.783
2463721.500,2464001.500,2033.3374,2034.1040,280.0,11.177,3.343,3.085,6.016
2463721.500,2464011.500,2033.3374,2034.1314,290.0,13.764,3.710,3.479,6.350
2463721.500,2464021.500,2033.3374,2034.1588,300.0,17.017,4.125,3.919,6.758
2463721.500,2464031.500,2033.3374,2034.1862,310.0,20.805,4.561,4.375,7.217
2463721.500,2464041.500,2033.3374,2034.2136,320.0,25.023,5.002,4.833,7.710
2463721.500,2464051.500,2033.3374,2034.2409,330.0,29.581,5.439,5.284,8.224
2463721.500,2464061.500,2033.3374,2034.2683,340.0,34.407,5.866,5.722,8.750
2463721.500,2464071.500,2033.3374,2034.2957,350.0,39.442,6.280,6.146,9.280
2463721.500,2464081.500,2033.3374,2034.3231,360.0,44.636,6.681,6.555,9.810
2463721.500,2464091.500,2033.3374,2034.3504,370.0,49.947,7.067,6.948,10.336
2463721.500,2464101.500,2033.3374,2034.3778,380.0,55.343,7.439,7.326,10.855
2463721.500,2464111.500,2033.3374,2034.4052,390.0,60.793,7.797,7.689,11.365
2463721.500,2464121.500,2033.3374,2034.4326,400.0,66.275,8.141,8.038,11.865
2463721.500,2464131.500,2033.3374,2034.4600,410.0,71.768,8.472,8.373,12.353
2463721.500,2464141.500,2033.3374,2034.4873,420.0,77.256,8.790,8.694,12.830
2463721.500,2464151.500,2033.3374,2034.5147,430.0,82.727,9.095,9.003,13.295
2463721.500,2464161.500,2033.3374,2034.5421,440.0,88.167,9.390,9.300,13.748
2463721.500,2464171.500,2033.3374,2034.5695,450.0,93.569,9.673,9.586,14.189
2463741.500,2463821.500,2033.3922,2033.6112,80.0,1837.800,42.870,42.851,76.226
2463741.500,2463831.500,2033.3922,2033.6386,90.0,1317.393,36.296,36.274,63.362
2463741.500,2463841.500,2033.3922,2033.6660,100.0,960.602,30.994,30.968,53.069
2463741.500,2463851.500,2033.3922,2033.6934,110.0,708.749,26.622,26.592,44.668
2463741.500,2463861.500,2033.3922,2033.7207,120.0,526.920,22.955,22.920,37.709
2463741.500,2463871.500,2033.3922,2033.7481,130.0,393.344,19.833,19.792,31.880
2463741.500,2463881.500,2033.3922,2033.7755,140.0,293.920,17.144,17.097,26.959
2463741.500,2463891.500,2033.3922,2033.8029,150.0,219.213,14.806,14.751,22.785
2463741.500,2463901.500,2033.3922,2033.8303,160.0,162.734,12.757,12.693,19.240
2463741.500,2463911.500,2033.3922,2033.8576,170.0,119.918,10.951,10.876,16.232
2463741.500,2463921.500,2033.3922,2033.8850,180.0,87.486,9.353,9.265,13.694
2463741.500,2463931.500,2033.3922,2033.9124,190.0,63.038,7.940,7.836,11.572
2463741.500,2463941.500,2033.3922,2033.9398,200.0,44.793,6.693,6.569,9.827
2463741.500,2463951.500,2033.3922,2033.9671,210.0,31.410,5.604,5.456,8.426
2463741.500,2463961.500,2033.3922,2033.9945,220.0,21.866,4.676,4.496,7.343
2463741.500,2463971.500,2033.3922,2034.0219,230.0,15.372,3.921,3.704,6.554
2463741.500,2463981.500,2033.3922,2034.0493,240.0,11.314,3.364,3.108,6.035
2463741.500,2463991.500,2033.3922,2034.0767,250.0,9.211,3.035,2.749,5.756
2463741.500,2464001.500,2033.3922,2034.1040,260.0,8.680,2.946,2.650,5.684
2463741.500,2464011.500,2033.3922,2034.1314,270.0,9.417,3.069,2.786,5.783
2463741.500,2464021.500,2033.3922,2034.1588,280.0,11.177,3.343,3.085,6.016
2463741.500,2464031.500,2033.3922,2034.1862,290.0,13.764,3.710,3.479,6.350
2463741.500,2464041.500,2033.3922,2034.2136,300.0,17.017,4.125,3.919,6.758
2463741.500,2464051.500,2033.3922,2034.2409,310.0,20.806,4.561,4.375,7.217
2463741.500,2464061.500,2033.3922,2034.2683,320.0,25.023,5.002,4.833,7.710
2463741.500,2464071.500,2033.3922,2034.2957,330.0,29.581,5.439,5.284,8.224
2463741.500,2464081.500,2033.3922,2034.3231,340.0,34.407,5.866,5.722,8.750
2463741.500,2464091.500,2033.3922,2034.3504,350.0,39.442,6.280,6.146,9.280
2463741.500,2464101.500,2033.3922,2034.3778,360.0,44.636,6.681,6.555,9.810
2463741.500,2464111.500,2033.3922,2034.4052,370.0,49.948,7.067,6.949,10.336
2463741.500,2464121.500,2033.3922,2034.4326,380.0,55.343,7.439,7.326,10.855
2463741.500,2464131.500,2033.3922,2034.4600,390.0,60.793,7.797,7.689,11.365
2463741.500,2464141.500,2033.3922,2034.4873,400.0,66.275,8.141,8.038,11.865
2463741.500,2464151.500,2033.3922,2034.5147,410.0,71.768,8.472,8.373,12.353
2463741.500,2464161.500,2033.3922,2034.5421,420.0,77.257,8.790,8.694,12.830
2463741.500,2464171.500,2033.3922,2034.5695,430.0,82.727,9.095,9.003,13.295
2463741.500,2464181.500,2033.3922,2034.5969,440.0,88.168,9.390,9.300,13.748
2463741.500,2464191.500,2033.3922,2034.6242,450.0,93.569,9.673,9.586,14.189
2463761.500,2463841.500,2033.4470,2033.6660,80.0,1837.798,42.870,42.851,76.226
2463761.500,2463851.500,2033.4470,2033.6934,90.0,1317.392,36.296,36.274,63.362
2463761.500,2463861.500,2033.4470,2033.7207,100.0,960.601,30.994,30.968,53.069
2463761.500,2463871.500,2033.4470,2033.7481,110.0,708.748,26.622,26.592,44.668
2463761.500,2463881.500,2033.4470,2033.7755,120.0,526.919,22.955,22.920,37.709
2463761.500,2463891.500,2033.4470,2033.8029,130.0,393.344,19.833,19.792,31.879
2463761.500,2463901.500,2033.4470,2033.8303,140.0,293.920,17.144,17.097,26.959
2463761.500,2463911.500,2033.4470,2033.8576,150.0,219.212,14.806,14.751,22.785
2463761.500,2463921.500,2033.4470,2033.8850,160.0,162.734,12.757,12.693,19.239
2463761.500,2463931.500,2033.4470,2033.9124,170.0,119.918,10.951,10.876,16.232
2463761.500,2463941.500,2033.4470,2033.9398,180.0,87.485,9.353,9.265,13.694
2463761.500,2463951.500,2033.4470,2033.9671,190.0,63.037,7.940,7.836,11.572
2463761.500,2463961.500,2033.4470,2033.9945,200.0,44.793,6.693,6.569,9.827
2463761.500,2463971.500,2033.4470,2034.0219,210.0,31.410,5.604,5.456,8.426
2463761.500,2463981.500,2033.4470,2034.0493,220.0,21.865,4.676,4.496,7.343
2463761.500,2463991.500,2033.4470,2034.0767,230.0,15.372,3.921,3.704,6.554
2463761.500,2464001.500,2033.4470,2034.1040,240.0,11.314,3.364,3.108,6.035
2463761.500,2464011.500,2033.4470,2034.1314,250.0,9.211,3.035,2.749,5.756
2463761.500,2464021.500,2033.4470,2034.1588,260.0,8.680,2.946,2.650,5.684
2463761.500,2464031.500,2033.4470,2034.1862,270.0,9.417,3.069,2.786,5.783
2463761.500,2464041.500,2033.4470,2034.2136,280.0,11.177,3.343,3.085,6.016
2463761.500,2464051.500,2033.4470,2034.2409,290.0,13.764,3.710,3.479,6.350
2463761.500,2464061.500,2033.4470,2034.2683,300.0,17.017,4.125,3.919,6.758
2463761.500,2464071.500,2033.4470,2034.2957,310.0,20.806,4.561,4.375,7.217
2463761.500,2464081.500,2033.4470,2034.3231,320.0,25.023,5.002,4.833,7.710
2463761.500,2464091.500,2033.4470,2034.3504,330.0,29.581,5.439,5.284,8.224
2463761.500,2464101.500,2033.4470,2034.3778,340.0,34.407,5.866,5.722,8.750
2463761.500,2464111.500,2033.4470,2034.4052,350.0,39.442,6.280,6.146,9.280
2463761.500,2464121.500,2033.4470,2034.4326,360.0,44.636,6.681,6.555,9.810
2463761.500,2464131.500,2033.4470,2034.4600,370.0,49.948,7.067,6.949,10.336
2463761.500,2464141.500,2033.4470,2034.4873,380.0,55.343,7.439,7.326,10.855
2463761.500,2464151.500,2033.4470,2034.5147,390.0,60.793,7.797,7.689,11.365
2463761.500,2464161.500,2033.4470,2034.5421,400.0,66.275,8.141,8.038,11.865
2463761.500,2464171.500,2033.4470,2034.5695,410.0,71.768,8.472,8.373,12.353
2463761.500,2464181.500,2033.4470,2034.5969,420.0,77.257,8.790,8.694,12.830
2463761.500,2464191.500,2033.4470,2034.6242,430.0,82.727,9.095,9.003,13.295
2463761.500,2464201.500,2033.4470,2034.6516,440.0,88.168,9.390,9.300,13.748
2463761.500,2464211.500,2033.4470,2034.6790,450.0,93.569,9.673,9.586,14.189
2463781.500,2463861.500,2033.5017,2033.7207,80.0,1837.797,42.870,42.851,76.226
2463781.500,2463871.500,2033.5017,2033.7481,90.0,1317.391,36.296,36.274,63.362
2463781.500,2463881.500,2033.5017,2033.7755,100.0,960.600,30.994,30.968,53.069
2463781.500,2463891.500,2033.5017,2033.8029,110.0,708.747,26.622,26.592,44.668
2463781.500,2463901.500,2033.5017,2033.8303,120.0,526.918,22.955,22.920,37.709
2463781.500,2463911.500,2033.5017,2033.8576,130.0,393.343,19.833,19.792,31.879
2463781.500,2463921.500,2033.5017,2033.8850,140.0,293.919,17.144,17.097,26.959
2463781.500,2463931.500,2033.5017,2033.9124,150.0,219.212,14.806,14.751,22.785
2463781.500,2463941.500,2033.5017,2033.9398,160.0,162.733,12.757,12.693,19.239
2463781.500,2463951.500,2033.5017,2033.9671,170.0,119.918,10.951,10.876,16.232
2463781.500,2463961.500,2033.5017,2033.9945,180.0,87.485,9.353,9.265,13.694
2463781.500,2463971.500,2033.5017,2034.0219,190.0,63.037,7.940,7.836,11.572
2463781.500,2463981.500,2033.5017,2034.0493,200.0,44.792,6.693,6.569,9.827
2463781.500,2463991.500,2033.5017,2034.0767,210.0,31.409,5.604,5.456,8.426
2463781.500,2464001.500,2033.5017,2034.1040,220.0,21.865,4.676,4.496,7.343
2463781.500,2464011.500,2033.5017,2034.1314,230.0,15.371,3.921,3.704,6.554
2463781.500,2464021.500,2033.5017,2034.1588,240.0,11.314,3.364,3.108,6.035
2463781.500,2464031.500,2033.5017,2034.1862,250.0,9.211,3.035,2.749,5.756
2463781.500,2464041.500,2033.5017,2034.2136,260.0,8.680,2.946,2.650,5.684
2463781.500,2464051.500,2033.5017,2034.2409,270.0,9.417,3.069,2.786,5.783
2463781.500,2464061.500,2033.5017,2034.2683,280.0,11.177,3.343,3.085,6.016
2463781.500,2464071.500,2033.5017,2034.2957,290.0,13.764,3.710,3.479,6.350
2463781.500,2464081.500,2033.5017,2034.3231,300.0,17.017,4.125,3.919,6.758
2463781.500,2464091.500,2033.5017,2034.3504,310.0,20.806,4.561,4.375,7.217
2463781.500,2464101.500,2033.5017,2034.3778,320.0,25.023,5.002,4.833,7.710
2463781.500,2464111.500,2033.5017,2034.4052,330.0,29.581,5.439,5.284,8.224
2463781.500,2464121.500,2033.5017,2034.4326,340.0,34.407,5.866,5.722,8.750
2463781.500,2464131.500,2033.5017,2034.4600,350.0,39.442,6.280,6.146,9.280
2463781.500,2464141.500,2033.5017,2034.4873,360.0,44.636,6.681,6.555,9.810
2463781.500,2464151.500,2033.5017,2034.5147,370.0,49.948,7.067,6.949,10.336
2463781.500,2464161.500,2033.5017,2034.5421,380.0,55.343,7.439,7.326,10.855
2463781.500,2464171.500,2033.5017,2034.5695,390.0,60.794,7.797,7.689,11.365
2463781.500,2464181.500,2033.5017,2034.5969,400.0,66.275,8.141,8.038,11.865
2463781.500,2464191.500,2033.5017,2034.6242,410.0,71.769,8.472,8.373,12.353
2463781.500,2464201.500,2033.5017,2034.6516,420.0,77.257,8.790,8.694,12.830
2463781.500,2464211.500,2033.5017,2034.6790,430.0,82.728,9.095,9.003,13.295
2463781.500,2464221.500,2033.5017,2034.7064,440.0,88.168,9.390,9.300,13.748
2463781.500,2464231.500,2033.5017,2034.7337,450.0,93.570,9.673,9.586,14.189
2463801.500,2463881.500,2033.5565,2033.7755,80.0,1837.795,42.870,42.851,76.226
2463801.500,2463891.500,2033.5565,2033.8029,90.0,1317.390,36.296,36.274,63.362
2463801.500,2463901.500,2033.5565,2033.8303,100.0,960.599,30.994,30.968,53.069
2463801.500,2463911.500,2033.5565,2033.8576,110.0,708.747,26.622,26.592,44.668
2463801.500,2463921.500,2033.5565,2033.8850,120.0,526.917,22.955,22.920,37.709
2463801.500,2463931.500,2033.5565,2033.9124,130.0,393.342,19.833,19.792,31.879
2463801.500,2463941.500,2033.5565,2033.9398,140.0,293.919,17.144,17.097,26.959
2463801.500,2463951.500,2033.5565,2033.9671,150.0,219.211,14.806,14.751,22.785
2463801.500,2463961.500,2033.5565,2033.9945,160.0,162.733,12.757,12.693,19.239
2463801.500,2463971.500,2033.5565,2034.0219,170.0,119.917,10.951,10.876,16.232
2463801.500,2463981.500,2033.5565,2034.0493,180.0,87.485,9.353,9.265,13.694
2463801.500,2463991.500,2033.5565,2034.0767,190.0,63.037,7.940,7.836,11.572
2463801.500,2464001.500,2033.5565,2034.1040,200.0,44.792,6.693,6.569,9.827
2463801.500,2464011.500,2033.5565,2034.1314,210.0,31.409,5.604,5.456,8.426
2463801.500,2464021.500,2033.5565,2034.1588,220.0,21.865,4.676,4.496,7.343
2463801.500,2464031.500,2033.5565,2034.1862,230.0,15.371,3.921,3.704,6.554
2463801.500,2464041.500,2033.5565,2034.2136,240.0,11.314,3.364,3.108,6.035
2463801.500,2464051.500,2033.5565,2034.2409,250.0,9.211,3.035,2.749,5.756
2463801.500,2464061.500,2033.5565,2034.2683,260.0,8.680,2.946,2.650,5.684
2463801.500,2464071.500,2033.5565,2034.2957,270.0,9.417,3.069,2.786,5.783
2463801.500,2464081.500,2033.5565,2034.3231,280.0,11.177,3.343,3.085,6.016
2463801.500,2464091.500,2033.5565,2034.3504,290.0,13.764,3.710,3.479,6.350
2463801.500,2464101.500,2033.5565,2034.3778,300.0,17.017,4.125,3.919,6.758
2463801.500,2464111.500,2033.5565,2034.4052,310.0,20.806,4.561,4.375,7.217
2463801.500,2464121.500,2033.5565,2034.4326,320.0,25.023,5.002,4.833,7.710
2463801.500,2464131.500,2033.5565,2034.4600,330.0,29.581,5.439,5.284,8.224
2463801.500,2464141.500,2033.5565,2034.4873,340.0,34.408,5.866,5.722,8.750
2463801.500,2464151.500,2033.5565,2034.5147,350.0,39.443,6.280,6.146,9.280
2463801.500,2464161.500,2033.5565,2034.5421,360.0,44.637,6.681,6.555,9.810
2463801.500,2464171.500,2033.5565,2034.5695,370.0,49.948,7.067,6.949,10.336
2463801.500,2464181.500,2033.5565,2034.5969,380.0,55.344,7.439,7.326,10.855
2463801.500,2464191.500,2033.5565,2034.6242,390.0,60.794,7.797,7.689,11.365
2463801.500,2464201.500,2033.5565,2034.6516,400.0,66.276,8.141,8.038,11.865
2463801.500,2464211.500,2033.5565,2034.6790,410.0,71.769,8.472,8.373,12.353
2463801.500,2464221.500,2033.5565,2034.7064,420.0,77.258,8.790,8.694,12.830
2463801.500,2464231.500,2033.5565,2034.7337,430.0,82.728,9.095,9.003,13.295
2463801.500,2464241.500,2033.5565,2034.7611,440.0,88.168,9.390,9.300,13.748
2463801.500,2464251.500,2033.5565,2034.7885,450.0,93.570,9.673,9.586,14.189
2463821.500,2463901.500,2033.6112,2033.8303,80.0,1837.794,42.869,42.851,76.226
2463821.500,2463911.500,2033.6112,2033.8576,90.0,1317.389,36.296,36.274,63.362
2463821.500,2463921.500,2033.6112,2033.8850,100.0,960.598,30.994,30.968,53.069
2463821.500,2463931.500,2033.6112,2033.9124,110.0,708.746,26.622,26.592,44.668
2463821.500,2463941.500,2033.6112,2033.9398,120.0,526.917,22.955,22.920,37.709
2463821.500,2463951.500,2033.6112,2033.9671,130.0,393.342,19.833,19.792,31.879
2463821.500,2463961.500,2033.6112,2033.9945,140.0,293.918,17.144,17.097,26.959
2463821.500,2463971.500,2033.6112,2034.0219,150.0,219.211,14.806,14.751,22.785
2463821.500,2463981.500,2033.6112,2034.0493,160.0,162.732,12.757,12.693,19.239
2463821.500,2463991.500,2033.6112,2034.0767,170.0,119.917,10.951,10.876,16.232
2463821.500,2464001.500,2033.6112,2034.1040,180.0,87.484,9.353,9.265,13.694
2463821.500,2464011.500,2033.6112,2034.1314,190.0,63.037,7.940,7.836,11.572
2463821.500,2464021.500,2033.6112,2034.1588,200.0,44.792,6.693,6.569,9.827
2463821.500,2464031.500,2033.6112,2034.1862,210.0,31.409,5.604,5.456,8.426
2463821.500,2464041.500,2033.6112,2034.2136,220.0,21.865,4.676,4.496,7.343
2463821.500,2464051.500,2033.6112,2034.2409,230.0,15.371,3.921,3.704,6.554
2463821.500,2464061.500,2033.6112,2034.2683,240.0,11.314,3.364,3.108,6.034
2463821.500,2464071.500,2033.6112,2034.2957,250.0,9.211,3.035,2.749,5.756
2463821.500,2464081.500,2033.6112,2034.3231,260.0,8.680,2.946,2.650,5.684
2463821.500,2464091.500,2033.6112,2034.3504,270.0,9.417,3.069,2.786,5.783
2463821.500,2464101.500,2033.6112,2034.3778,280.0,11.178,3.343,3.085,6.016
2463821.500,2464111.500,2033.6112,2034.4052,290.0,13.764,3.710,3.479,6.350
2463821.500,2464121.500,2033.6112,2034.4326,300.0,17.017,4.125,3.919,6.758
2463821.500,2464131.500,2033.6112,2034.4600,310.0,20.806,4.561,4.375,7.217
2463821.500,2464141.500,2033.6112,2034.4873,320.0,25.023,5.002,4.833,7.710
2463821.500,2464151.500,2033.6112,2034.5147,330.0,29.581,5.439,5.284,8.224
2463821.500,2464161.500,2033.6112,2034.5421,340.0,34.408,5.866,5.722,8.750
2463821.500,2464171.500,2033.6112,2034.5695,350.0,39.443,6.280,6.146,9.280
2463821.500,2464181.500,2033.6112,2034.5969,360.0,44.637,6.681,6.555,9.810
2463821.500,2464191.500,2033.6112,2034.6242,370.0,49.949,7.067,6.949,10.336
2463821.500,2464201.500,2033.6112,2034.6516,380.0,55.344,7.439,7.326,10.855
2463821.500,2464211.500,2033.6112,2034.6790,390.0,60.794,7.797,7.689,11.365
2463821.500,2464221.500,2033.6112,2034.7064,400.0,66.276,8.141,8.038,11.865
2463821.500,2464231.500,2033.6112,2034.7337,410.0,71.769,8.472,8.373,12.353
2463821.500,2464241.500,2033.6112,2034.7611,420.0,77.258,8.790,8.694,12.830
2463821.500,2464251.500,2033.6112,2034.7885,430.0,82.728,9.096,9.003,13.295
2463821.500,2464261.500,2033.6112,2034.8159,440.0,88.169,9.390,9.300,13.748
2463821.500,2464271.500,2033.6112,2034.8433,450.0,93.570,9.673,9.586,14.189
2463841.500,2463921.500,2033.6660,2033.8850,80.0,1837.792,42.869,42.851,76.226
2463841.500,2463931.500,2033.6660,2033.9124,90.0,1317.387,36.296,36.274,63.362
2463841.500,2463941.500,2033.6660,2033.9398,100.0,960.597,30.993,30.968,53.069
2463841.500,2463951.500,2033.6660,2033.9671,110.0,708.745,26.622,26.592,44.668
2463841.500,2463961.500,2033.6660,2033.9945,120.0,526.916,22.955,22.920,37.709
2463841.500,2463971.500,2033.6660,2034.0219,130.0,393.341,19.833,19.792,31.879
2463841.500,2463981.500,2033.6660,2034.0493,140.0,293.917,17.144,17.097,26.959
2463841.500,2463991.500,2033.6660,2034.0767,150.0,219.210,14.806,14.751,22.785
2463841.500,2464001.500,2033.6660,2034.1040,160.0,162.732,12.757,12.693,19.239
2463841.500,2464011.500,2033.6660,2034.1314,170.0,119.917,10.951,10.876,16.232
2463841.500,2464021.500,2033.6660,2034.1588,180.0,87.484,9.353,9.265,13.694
2463841.500,2464031.500,2033.6660,2034.1862,190.0,63.036,7.940,7.836,11.572
2463841.500,2464041.500,2033.6660,2034.2136,200.0,44.792,6.693,6.569,9.827
2463841.500,2464051.500,2033.6660,2034.2409,210.0,31.409,5.604,5.456,8.426
2463841.500,2464061.500,2033.6660,2034.2683,220.0,21.865,4.676,4.496,7.343
2463841.500,2464071.500,2033.6660,2034.2957,230.0,15.371,3.921,3.704,6.554
2463841.500,2464081.500,2033.6660,2034.3231,240.0,11.314,3.364,3.108,6.034
2463841.500,2464091.500,2033.6660,2034.3504,250.0,9.211,3.035,2.749,5.756
2463841.500,2464101.500,2033.6660,2034.3778,260.0,8.680,2.946,2.650,5.684
2463841.500,2464111.500,2033.6660,2034.4052,270.0,9.417,3.069,2.786,5.783
2463841.500,2464121.500,2033.6660,2034.4326,280.0,11.178,3.343,3.085,6.016
2463841.500,2464131.500,2033.6660,2034.4600,290.0,13.764,3.710,3.479,6.350
2463841.500,2464141.500,2033.6660,2034.4873,300.0,17.017,4.125,3.919,6.758
2463841.500,2464151.500,2033.6660,2034.5147,310.0,20.806,4.561,4.375,7.217
2463841.500,2464161.500,2033.6660,2034.5421,320.0,25.023,5.002,4.833,7.710
2463841.500,2464171.500,2033.6660,2034.5695,330.0,29.581,5.439,5.284,8.224
2463841.500,2464181.500,2033.6660,2034.5969,340.0,34.408,5.866,5.722,8.750
2463841.500,2464191.500,2033.6660,2034.6242,350.0,39.443,6.280,6.146,9.280
2463841.500,2464201.500,2033.6660,2034.6516,360.0,44.637,6.681,6.555,9.810
2463841.500,2464211.500,2033.6660,2034.6790,370.0,49.949,7.067,6.949,10.336
2463841.500,2464221.500,2033.6660,2034.7064,380.0,55.344,7.439,7.326,10.855
2463841.500,2464231.500,2033.6660,2034.7337,390.0,60.794,7.797,7.689,11.365
2463841.500,2464241.500,2033.6660,2034.7611,400.0,66.276,8.141,8.038,11.865
2463841.500,2464251.500,2033.6660,2034.7885,410.0,71.770,8.472,8.373,12.353
2463841.500,2464261.500,2033.6660,2034.8159,420.0,77.258,8.790,8.694,12.830
2463841.500,2464271.500,2033.6660,2034.8433,430.0,82.728,9.096,9.003,13.295
2463841.500,2464281.500,2033.6660,2034.8706,440.0,88.169,9.390,9.300,13.748
2463841.500,2464291.500,2033.6660,2034.8980,450.0,93.571,9.673,9.586,14.189
2463861.500,2463941.500,2033.7207,2033.9398,80.0,1837.791,42.869,42.851,76.226
2463861.500,2463951.500,2033.7207,2033.9671,90.0,1317.386,36.296,36.274,63.362
2463861.500,2463961.500,2033.7207,2033.9945,100.0,960.596,30.993,30.968,53.068
2463861.500,2463971.500,2033.7207,2034.0219,110.0,708.744,26.622,26.592,44.668
2463861.500,2463981.500,2033.7207,2034.0493,120.0,526.915,22.955,22.920,37.709
2463861.500,2463991.500,2033.7207,2034.0767,130.0,393.340,19.833,19.792,31.879
2463861.500,2464001.500,2033.7207,2034.1040,140.0,293.917,17.144,17.097,26.959
2463861.500,2464011.500,2033.7207,2034.1314,150.0,219.210,14.806,14.751,22.785
2463861.500,2464021.500,2033.7207,2034.1588,160.0,162.731,12.757,12.693,19.239
2463861.500,2464031.500,2033.7207,2034.1862,170.0,119.916,10.951,10.876,16.232
2463861.500,2464041.500,2033.7207,2034.2136,180.0,87.484,9.353,9.265,13.693
2463861.500,2464051.500,2033.7207,2034.2409,190.0,63.036,7.940,7.836,11.572
2463861.500,2464061.500,2033.7207,2034.2683,200.0,44.792,6.693,6.569,9.827
2463861.500,2464071.500,2033.7207,2034.2957,210.0,31.409,5.604,5.456,8.426
2463861.500,2464081.500,2033.7207,2034.3231,220.0,21.865,4.676,4.496,7.343
2463861.500,2464091.500,2033.7207,2034.3504,230.0,15.371,3.921,3.704,6.554
2463861.500,2464101.500,2033.7207,2034.3778,240.0,11.314,3.364,3.108,6.034
2463861.500,2464111.500,2033.7207,2034.4052,250.0,9.211,3.035,2.749,5.756
2463861.500,2464121.500,2033.7207,2034.4326,260.0,8.680,2.946,2.650,5.684
2463861.500,2464131.500,2033.7207,2034.4600,270.0,9.417,3.069,2.786,5.783
2463861.500,2464141.500,2033.7207,2034.4873,280.0,11.178,3.343,3.085,6.016
2463861.500,2464151.500,2033.7207,2034.5147,290.0,13.765,3.710,3.479,6.350
2463861.500,2464161.500,2033.7207,2034.5421,300.0,17.018,4.125,3.919,6.758
2463861.500,2464171.500,2033.7207,2034.5695,310.0,20.806,4.561,4.375,7.217
2463861.500,2464181.500,2033.7207,2034.5969,320.0,25.023,5.002,4.833,7.710
2463861.500,2464191.500,2033.7207,2034.6242,330.0,29.582,5.439,5.284,8.224
2463861.500,2464201.500,2033.7207,2034.6516,340.0,34.408,5.866,5.722,8.750
2463861.500,2464211.500,2033.7207,2034.6790,350.0,39.443,6.280,6.146,9.280
2463861.500,2464221.500,2033.7207,2034.7064,360.0,44.637,6.681,6.555,9.810
2463861.500,2464231.500,2033.7207,2034.7337,370.0,49.949,7.067,6.949,10.336
2463861.500,2464241.500,2033.7207,2034.7611,380.0,55.344,7.439,7.326,10.855
2463861.500,2464251.500,2033.7207,2034.7885,390.0,60.795,7.797,7.689,11.365
2463861.500,2464261.500,2033.7207,2034.8159,400.0,66.276,8.141,8.038,11.865
2463861.500,2464271.500,2033.7207,2034.8433,410.0,71.770,8.472,8.373,12.353
2463861.500,2464281.500,2033.7207,2034.8706,420.0,77.258,8.790,8.694,12.830
2463861.500,2464291.500,2033.7207,2034.8980,430.0,82.729,9.096,9.003,13.295
2463861.500,2464301.500,2033.7207,2034.9254,440.0,88.169,9.390,9.300,13.748
2463861.500,2464311.500,2033.7207,2034.9528,450.0,93.571,9.673,9.586,14.189
2463881.500,2463961.500,2033.7755,2033.9945,80.0,1837.790,42.869,42.851,76.226
2463881.500,2463971.500,2033.7755,2034.0219,90.0,1317.385,36.296,36.274,63.362
2463881.500,2463981.500,2033.7755,2034.0493,100.0,960.595,30.993,30.968,53.068
2463881.500,2463991.500,2033.7755,2034.0767,110.0,708.743,26.622,26.592,44.668
2463881.500,2464001.500,2033.7755,2034.1040,120.0,526.914,22.955,22.920,37.709
2463881.500,2464011.500,2033.7755,2034.1314,130.0,393.340,19.833,19.792,31.879
2463881.500,2464021.500,2033.7755,2034.1588,140.0,293.916,17.144,17.097,26.959
2463881.500,2464031.500,2033.7755,2034.1862,150.0,219.209,14.806,14.751,22.785
2463881.500,2464041.500,2033.7755,2034.2136,160.0,162.731,12.757,12.693,19.239
2463881.500,2464051.500,2033.7755,2034.2409,170.0,119.916,10.951,10.876,16.232
2463881.500,2464061.500,2033.7755,2034.2683,180.0,87.484,9.353,9.265,13.693
2463881.500,2464071.500,2033.7755,2034.2957,190.0,63.036,7.940,7.836,11.572
2463881.500,2464081.500,2033.7755,2034.3231,200.0,44.791,6.693,6.569,9.827
2463881.500,2464091.500,2033.7755,2034.3504,210.0,31.409,5.604,5.456,8.426
2463881.500,2464101.500,2033.7755,2034.3778,220.0,21.865,4.676,4.496,7.343
2463881.500,2464111.500,2033.7755,2034.4052,230.0,15.371,3.921,3.704,6.554
2463881.500,2464121.500,2033.7755,2034.4326,240.0,11.314,3.364,3.108,6.034
2463881.500,2464131.500,2033.7755,2034.4600,250.0,9.211,3.035,2.749,5.756
2463881.500,2464141.500,2033.7755,2034.4873,260.0,8.680,2.946,2.650,5.684
2463881.500,2464151.500,2033.7755,2034.5147,270.0,9.417,3.069,2.786,5.783
2463881.500,2464161.500,2033.7755,2034.5421,280.0,11.178,3.343,3.085,6.016
2463881.500,2464171.500,2033.7755,2034.5695,290.0,13.765,3.710,3.479,6.350
2463881.500,2464181.500,2033.7755,2034.5969,300.0,17.018,4.125,3.919,6.758
2463881.500,2464191.500,2033.7755,2034.6242,310.0,20.806,4.561,4.375,7.217
2463881.500,2464201.500,2033.7755,2034.6516,320.0,25.024,5.002,4.833,7.710
2463881.500,2464211.500,2033.7755,2034.6790,330.0,29.582,5.439,5.284,8.224
2463881.500,2464221.500,2033.7755,2034.7064,340.0,34.408,5.866,5.722,8.750
2463881.500,2464231.500,2033.7755,2034.7337,350.0,39.443,6.280,6.146,9.280
2463881.500,2464241.500,2033.7755,2034.7611,360.0,44.637,6.681,6.555,9.810
2463881.500,2464251.500,2033.7755,2034.7885,370.0,49.949,7.067,6.949,10.336
2463881.500,2464261.500,2033.7755,2034.8159,380.0,55.345,7.439,7.326,10.855
2463881.500,2464271.500,2033.7755,2034.8433,390.0,60.795,7.797,7.689,11.365
2463881.500,2464281.500,2033.7755,2034.8706,400.0,66.277,8.141,8.038,11.865
2463881.500,2464291.500,2033.7755,2034.8980,410.0,71.770,8.472,8.373,12.353
2463881.500,2464301.500,2033.7755,2034.9254,420.0,77.259,8.790,8.694,12.830
2463881.500,2464311.500,2033.7755,2034.9528,430.0,82.729,9.096,9.003,13.295
2463881.500,2464321.500,2033.7755,2034.9802,440.0,88.170,9.390,9.300,13.748
2463881.500,2464331.500,2033.7755,2035.0075,450.0,93.571,9.673,9.586,14.189
2463901.500,2463981.500,2033.8303,2034.0493,80.0,1837.788,42.869,42.851,76.226
2463901.500,2463991.500,2033.8303,2034.0767,90.0,1317.384,36.296,36.274,63.362
2463901.500,2464001.500,2033.8303,2034.1040,100.0,960.593,30.993,30.968,53.068
2463901.500,2464011.500,2033.8303,2034.1314,110.0,708.742,26.622,26.592,44.668
2463901.500,2464021.500,2033.8303,2034.1588,120.0,526.913,22.955,22.920,37.708
2463901.500,2464031.500,2033.8303,2034.1862,130.0,393.339,19.833,19.792,31.879
2463901.500,2464041.500,2033.8303,2034.2136,140.0,293.916,17.144,17.097,26.959
2463901.500,2464051.500,2033.8303,2034.2409,150.0,219.209,14.806,14.751,22.785
2463901.500,2464061.500,2033.8303,2034.2683,160.0,162.731,12.757,12.693,19.239
2463901.500,2464071.500,2033.8303,2034.2957,170.0,119.915,10.951,10.876,16.232
2463901.500,2464081.500,2033.8303,2034.3231,180.0,87.483,9.353,9.265,13.693
2463901.500,2464091.500,2033.8303,2034.3504,190.0,63.036,7.939,7.836,11.572
2463901.500,2464101.500,2033.8303,2034.3778,200.0,44.791,6.693,6.569,9.827
2463901.500,2464111.500,2033.8303,2034.4052,210.0,31.409,5.604,5.456,8.426
2463901.500,2464121.500,2033.8303,2034.4326,220.0,21.865,4.676,4.496,7.343
2463901.500,2464131.500,2033.8303,2034.4600,230.0,15.371,3.921,3.704,6.554
2463901.500,2464141.500,2033.8303,2034.4873,240.0,11.314,3.364,3.108,6.034
2463901.500,2464151.500,2033.8303,2034.5147,250.0,9.211,3.035,2.749,5.756
2463901.500,2464161.500,2033.8303,2034.5421,260.0,8.680,2.946,2.650,5.684
2463901.500,2464171.500,2033.8303,2034.5695,270.0,9.417,3.069,2.786,5.783
2463901.500,2464181.500,2033.8303,2034.5969,280.0,11.178,3.343,3.085,6.016
2463901.500,2464191.500,2033.8303,2034.6242,290.0,13.765,3.710,3.479,6.350
2463901.500,2464201.500,2033.8303,2034.6516,300.0,17.018,4.125,3.919,6.758
2463901.500,2464211.500,2033.8303,2034.6790,310.0,20.806,4.561,4.376,7.217
2463901.500,2464221.500,2033.8303,2034.7064,320.0,25.024,5.002,4.833,7.710
2463901.500,2464231.500,2033.8303,2034.7337,330.0,29.582,5.439,5.284,8.224
2463901.500,2464241.500,2033.8303,2034.7611,340.0,34.408,5.866,5.722,8.750
2463901.500,2464251.500,2033.8303,2034.7885,350.0,39.444,6.280,6.146,9.280
2463901.500,2464261.500,2033.8303,2034.8159,360.0,44.638,6.681,6.555,9.810
2463901.500,2464271.500,2033.8303,2034.8433,370.0,49.949,7.067,6.949,10.336
2463901.500,2464281.500,2033.8303,2034.8706,380.0,55.345,7.439,7.326,10.855
2463901.500,2464291.500,2033.8303,2034.8980,390.0,60.795,7.797,7.689,11.365
2463901.500,2464301.500,2033.8303,2034.9254,400.0,66.277,8.141,8.038,11.865
2463901.500,2464311.500,2033.8303,2034.9528,410.0,71.770,8.472,8.373,12.353
2463901.500,2464321.500,2033.8303,2034.9802,420.0,77.259,8.790,8.694,12.830
2463901.500,2464331.500,2033.8303,2035.0075,430.0,82.729,9.096,9.003,13.295
2463901.500,2464341.500,2033.8303,2035.0349,440.0,88.170,9.390,9.300,13.748
2463901.500,2464351.500,2033.8303,2035.0623,450.0,93.572,9.673,9.586,14.189
2463921.500,2464001.500,2033.8850,2034.1040,80.0,1837.787,42.869,42.851,76.226
2463921.500,2464011.500,2033.8850,2034.1314,90.0,1317.382,36.296,36.274,63.362
2463921.500,2464021.500,2033.8850,2034.1588,100.0,960.592,30.993,30.968,53.068
2463921.500,2464031.500,2033.8850,2034.1862,110.0,708.741,26.622,26.592,44.668
2463921.500,2464041.500,2033.8850,2034.2136,120.0,526.913,22.955,22.920,37.708
2463921.500,2464051.500,2033.8850,2034.2409,130.0,393.338,19.833,19.792,31.879
2463921.500,2464061.500,2033.8850,2034.2683,140.0,293.915,17.144,17.097,26.959
2463921.500,2464071.500,2033.8850,2034.2957,150.0,219.208,14.806,14.751,22.785
2463921.500,2464081.500,2033.8850,2034.3231,160.0,162.730,12.757,12.693,19.239
2463921.500,2464091.500,2033.8850,2034.3504,170.0,119.915,10.951,10.876,16.232
2463921.500,2464101.500,2033.8850,2034.3778,180.0,87.483,9.353,9.265,13.693
2463921.500,2464111.500,2033.8850,2034.4052,190.0,63.035,7.939,7.836,11.572
2463921.500,2464121.500,2033.8850,2034.4326,200.0,44.791,6.693,6.569,9.827
2463921.500,2464131.500,2033.8850,2034.4600,210.0,31.408,5.604,5.456,8.426
2463921.500,2464141.500,2033.8850,2034.4873,220.0,21.864,4.676,4.496,7.343
2463921.500,2464151.500,2033.8850,2034.5147,230.0,15.371,3.921,3.704,6.554
2463921.500,2464161.500,2033.8850,2034.5421,240.0,11.314,3.364,3.108,6.034
2463921.500,2464171.500,2033.8850,2034.5695,250.0,9.211,3.035,2.749,5.756
2463921.500,2464181.500,2033.8850,2034.5969,260.0,8.680,2.946,2.650,5.684
2463921.500,2464191.500,2033.8850,2034.6242,270.0,9.417,3.069,2.786,5.783
2463921.500,2464201.500,2033.8850,2034.6516,280.0,11.178,3.343,3.085,6.016
2463921.500,2464211.500,2033.8850,2034.6790,290.0,13.765,3.710,3.479,6.350
2463921.500,2464221.500,2033.8850,2034.7064,300.0,17.018,4.125,3.919,6.758
2463921.500,2464231.500,2033.8850,2034.7337,310.0,20.807,4.561,4.376,7.217
2463921.500,2464241.500,2033.8850,2034.7611,320.0,25.024,5.002,4.833,7.710
2463921.500,2464251.500,2033.8850,2034.7885,330.0,29.582,5.439,5.284,8.224
2463921.500,2464261.500,2033.8850,2034.8159,340.0,34.409,5.866,5.722,8.750
2463921.500,2464271.500,2033.8850,2034.8433,350.0,39.444,6.280,6.146,9.280
2463921.500,2464281.500,2033.8850,2034.8706,360.0,44.638,6.681,6.555,9.810
2463921.500,2464291.500,2033.8850,2034.8980,370.0,49.950,7.068,6.949,10.336
2463921.500,2464301.500,2033.8850,2034.9254,380.0,55.345,7.439,7.326,10.855
2463921.500,2464311.500,2033.8850,2034.9528,390.0,60.795,7.797,7.689,11.365
2463921.500,2464321.500,2033.8850,2034.9802,400.0,66.277,8.141,8.038,11.865
2463921.500,2464331.500,2033.8850,2035.0075,410.0,71.771,8.472,8.373,12.353
2463921.500,2464341.500,2033.8850,2035.0349,420.0,77.259,8.790,8.694,12.830
2463921.500,2464351.500,2033.8850,2035.0623,430.0,82.730,9.096,9.003,13.295
2463921.500,2464361.500,2033.8850,2035.0897,440.0,88.170,9.390,9.300,13.748
2463921.500,2464371.500,2033.8850,2035.1170,450.0,93.572,9.673,9.586,14.189
2463941.500,2464021.500,2033.9398,2034.1588,80.0,1837.785,42.869,42.851,76.226
2463941.500,2464031.500,2033.9398,2034.1862,90.0,1317.381,36.296,36.274,63.362
2463941.500,2464041.500,2033.9398,2034.2136,100.0,960.591,30.993,30.968,53.068
2463941.500,2464051.500,2033.9398,2034.2409,110.0,708.740,26.622,26.592,44.668
2463941.500,2464061.500,2033.9398,2034.2683,120.0,526.912,22.955,22.920,37.708
2463941.500,2464071.500,2033.9398,2034.2957,130.0,393.338,19.833,19.792,31.879
2463941.500,2464081.500,2033.9398,2034.3231,140.0,293.915,17.144,17.097,26.959
2463941.500,2464091.500,2033.9398,2034.3504,150.0,219.208,14.806,14.751,22.785
2463941.500,2464101.500,2033.9398,2034.3778,160.0,162.730,12.757,12.693,19.239
2463941.500,2464111.500,2033.9398,2034.4052,170.0,119.915,10.951,10.876,16.232
2463941.500,2464121.500,2033.9398,2034.4326,180.0,87.483,9.353,9.265,13.693
2463941.500,2464131.500,2033.9398,2034.4600,190.0,63.035,7.939,7.836,11.572
2463941.500,2464141.500,2033.9398,2034.4873,200.0,44.791,6.693,6.569,9.827
2463941.500,2464151.500,2033.9398,2034.5147,210.0,31.408,5.604,5.456,8.426
2463941.500,2464161.500,2033.9398,2034.5421,220.0,21.864,4.676,4.496,7.343
2463941.500,2464171.500,2033.9398,2034.5695,230.0,15.371,3.921,3.704,6.554
2463941.500,2464181.500,2033.9398,2034.5969,240.0,11.314,3.364,3.108,6.034
2463941.500,2464191.500,2033.9398,2034.6242,250.0,9.211,3.035,2.749,5.756
2463941.500,2464201.500,2033.9398,2034.6516,260.0,8.680,2.946,2.650,5.684
2463941.500,2464211.500,2033.9398,2034.6790,270.0,9.417,3.069,2.786,5.783
2463941.500,2464221.500,2033.9398,2034.7064,280.0,11.178,3.343,3.085,6.016
2463941.500,2464231.500,2033.9398,2034.7337,290.0,13.765,3.710,3.479,6.350
2463941.500,2464241.500,2033.9398,2034.7611,300.0,17.018,4.125,3.919,6.758
2463941.500,2464251.500,2033.9398,2034.7885,310.0,20.807,4.561,4.376,7.217
2463941.500,2464261.500,2033.9398,2034.8159,320.0,25.024,5.002,4.833,7.710
2463941.500,2464271.500,2033.9398,2034.8433,330.0,29.582,5.439,5.284,8.224
2463941.500,2464281.500,2033.9398,2034.8706,340.0,34.409,5.866,5.722,8.750
2463941.500,2464291.500,2033.9398,2034.8980,350.0,39.444,6.280,6.146,9.280
2463941.500,2464301.500,2033.9398,2034.9254,360.0,44.638,6.681,6.555,9.810
2463941.500,2464311.500,2033.9398,2034.9528,370.0,49.950,7.068,6.949,10.336
2463941.500,2464321.500,2033.9398,2034.9802,380.0,55.345,7.439,7.326,10.855
2463941.500,2464331.500,2033.9398,2035.0075,390.0,60.796,7.797,7.689,11.365
2463941.500,2464341.500,2033.9398,2035.0349,400.0,66.277,8.141,8.038,11.865
2463941.500,2464351.500,2033.9398,2035.0623,410.0,71.771,8.472,8.373,12.353
2463941.500,2464361.500,2033.9398,2035.0897,420.0,77.260,8.790,8.694,12.830
2463941.500,2464371.500,2033.9398,2035.1170,430.0,82.730,9.096,9.003,13.295
2463941.500,2464381.500,2033.9398,2035.1444,440.0,88.171,9.390,9.300,13.748
2463941.500,2464391.500,2033.9398,2035.1718,450.0,93.572,9.673,9.586,14.189
2463961.500,2464041.500,2033.9945,2034.2136,80.0,1837.784,42.869,42.851,76.226
2463961.500,2464051.500,2033.9945,2034.2409,90.0,1317.380,36.296,36.274,63.362
2463961.500,2464061.500,2033.9945,2034.2683,100.0,960.590,30.993,30.968,53.068
2463961.500,2464071.500,2033.9945,2034.2957,110.0,708.739,26.622,26.592,44.668
2463961.500,2464081.500,2033.9945,2034.3231,120.0,526.911,22.955,22.920,37.708
2463961.500,2464091.500,2033.9945,2034.3504,130.0,393.337,19.833,19.792,31.879
2463961.500,2464101.500,2033.9945,2034.3778,140.0,293.914,17.144,17.097,26.958
2463961.500,2464111.500,2033.9945,2034.4052,150.0,219.207,14.806,14.751,22.785
2463961.500,2464121.500,2033.9945,2034.4326,160.0,162.729,12.757,12.693,19.239
2463961.500,2464131.500,2033.9945,2034.4600,170.0,119.914,10.951,10.876,16.232
2463961.500,2464141.500,2033.9945,2034.4873,180.0,87.482,9.353,9.265,13.693
2463961.500,2464151.500,2033.9945,2034.5147,190.0,63.035,7.939,7.836,11.572
2463961.500,2464161.500,2033.9945,2034.5421,200.0,44.791,6.693,6.569,9.827
2463961.500,2464171.500,2033.9945,2034.5695,210.0,31.408,5.604,5.456,8.426
2463961.500,2464181.500,2033.9945,2034.5969,220.0,21.864,4.676,4.496,7.343
2463961.500,2464191.500,2033.9945,2034.6242,230.0,15.371,3.921,3.704,6.554
2463961.500,2464201.500,2033.9945,2034.6516,240.0,11.314,3.364,3.108,6.034
2463961.500,2464211.500,2033.9945,2034.6790,250.0,9.211,3.035,2.749,5.756
2463961.500,2464221.500,2033.9945,2034.7064,260.0,8.680,2.946,2.650,5.684
2463961.500,2464231.500,2033.9945,2034.7337,270.0,9.417,3.069,2.786,5.783
2463961.500,2464241.500,2033.9945,2034.7611,280.0,11.178,3.343,3.085,6.016
2463961.500,2464251.500,2033.9945,2034.7885,290.0,13.765,3.710,3.479,6.350
2463961.500,2464261.500,2033.9945,2034.8159,300.0,17.018,4.125,3.919,6.758
2463961.500,2464271.500,2033.9945,2034.8433,310.0,20.807,4.561,4.376,7.217
2463961.500,2464281.500,2033.9945,2034.8706,320.0,25.024,5.002,4.833,7.710
2463961.500,2464291.500,2033.9945,2034.8980,330.0,29.582,5.439,5.284,8.224
2463961.500,2464301.500,2033.9945,2034.9254,340.0,34.409,5.866,5.722,8.750
2463961.500,2464311.500,2033.9945,2034.9528,350.0,39.444,6.280,6.146,9.280
2463961.500,2464321.500,2033.9945,2034.9802,360.0,44.638,6.681,6.555,9.810
2463961.500,2464331.500,2033.9945,2035.0075,370.0,49.950,7.068,6.949,10.336
2463961.500,2464341.500,2033.9945,2035.0349,380.0,55.345,7.439,7.326,10.855
2463961.500,2464351.500,2033.9945,2035.0623,390.0,60.796,7.797,7.689,11.365
2463961.500,2464361.500,2033.9945,2035.0897,400.0,66.278,8.141,8.038,11.865
2463961.500,2464371.500,2033.9945,2035.1170,410.0,71.771,8.472,8.373,12.353
2463961.500,2464381.500,2033.9945,2035.1444,420.0,77.260,8.790,8.694,12.830
2463961.500,2464391.500,2033.9945,2035.1718,430.0,82.730,9.096,9.003,13.295
2463961.500,2464401.500,2033.9945,2035.1992,440.0,88.171,9.390,9.301,13.749
2463961.500,2464411.500,2033.9945,2035.2266,450.0,93.573,9.673,9.586,14.189
2463981.500,2464061.500,2034.0493,2034.2683,80.0,1837.782,42.869,42.851,76.226
2463981.500,2464071.500,2034.0493,2034.2957,90.0,1317.379,36.296,36.274,63.362
2463981.500,2464081.500,2034.0493,2034.3231,100.0,960.589,30.993,30.968,53.068
2463981.500,2464091.500,2034.0493,2034.3504,110.0,708.739,26.622,26.592,44.668
2463981.500,2464101.500,2034.0493,2034.3778,120.0,526.910,22.955,22.920,37.708
2463981.500,2464111.500,2034.0493,2034.4052,130.0,393.336,19.833,19.792,31.879
2463981.500,2464121.500,2034.0493,2034.4326,140.0,293.914,17.144,17.097,26.958
2463981.500,2464131.500,2034.0493,2034.4600,150.0,219.207,14.806,14.751,22.785
2463981.500,2464141.500,2034.0493,2034.4873,160.0,162.729,12.757,12.693,19.239
2463981.500,2464151.500,2034.0493,2034.5147,170.0,119.914,10.951,10.876,16.232
2463981.500,2464161.500,2034.0493,2034.5421,180.0,87.482,9.353,9.265,13.693
2463981.500,2464171.500,2034.0493,2034.5695,190.0,63.035,7.939,7.836,11.572
2463981.500,2464181.500,2034.0493,2034.5969,200.0,44.790,6.693,6.569,9.827
2463981.500,2464191.500,2034.0493,2034.6242,210.0,31.408,5.604,5.456,8.426
2463981.500,2464201.500,2034.0493,2034.6516,220.0,21.864,4.676,4.496,7.343
2463981.500,2464211.500,2034.0493,2034.6790,230.0,15.371,3.921,3.704,6.554
2463981.500,2464221.500,2034.0493,2034.7064,240.0,11.313,3.364,3.108,6.034
2463981.500,2464231.500,2034.0493,2034.7337,250.0,9.210,3.035,2.749,5.756
2463981.500,2464241.500,2034.0493,2034.7611,260.0,8.680,2.946,2.650,5.684
2463981.500,2464251.500,2034.0493,2034.7885,270.0,9.417,3.069,2.786,5.783
2463981.500,2464261.500,2034.0493,2034.8159,280.0,11.178,3.343,3.085,6.016
2463981.500,2464271.500,2034.0493,2034.8433,290.0,13.765,3.710,3.479,6.350
2463981.500,2464281.500,2034.0493,2034.8706,300.0,17.018,4.125,3.919,6.758
2463981.500,2464291.500,2034.0493,2034.8980,310.0,20.807,4.561,4.376,7.217
2463981.500,2464301.500,2034.0493,2034.9254,320.0,25.024,5.002,4.833,7.710
2463981.500,2464311.500,2034.0493,2034.9528,330.0,29.583,5.439,5.284,8.224
2463981.500,2464321.500,2034.0493,2034.9802,340.0,34.409,5.866,5.722,8.750
2463981.500,2464331.500,2034.0493,2035.0075,350.0,39.444,6.280,6.146,9.280
2463981.500,2464341.500,2034.0493,2035.0349,360.0,44.638,6.681,6.555,9.810
2463981.500,2464351.500,2034.0493,2035.0623,370.0,49.950,7.068,6.949,10.336
2463981.500,2464361.500,2034.0493,2035.0897,380.0,55.346,7.439,7.327,10.855
2463981.500,2464371.500,2034.0493,2035.1170,390.0,60.796,7.797,7.689,11.365
2463981.500,2464381.500,2034.0493,2035.1444,400.0,66.278,8.141,8.038,11.865
2463981.500,2464391.500,2034.0493,2035.1718,410.0,71.771,8.472,8.373,12.353
2463981.500,2464401.500,2034.0493,2035.1992,420.0,77.260,8.790,8.694,12.830
2463981.500,2464411.500,2034.0493,2035.2266,430.0,82.730,9.096,9.003,13.296
2463981.500,2464421.500,2034.0493,2035.2539,440.0,88.171,9.390,9.301,13.749
2463981.500,2464431.500,2034.0493,2035.2813,450.0,93.573,9.673,9.586,14.189
2464001.500,2464081.500,2034.1040,2034.3231,80.0,1837.781,42.869,42.851,76.226
2464001.500,2464091.500,2034.1040,2034.3504,90.0,1317.378,36.296,36.274,63.362
2464001.500,2464101.500,2034.1040,2034.3778,100.0,960.588,30.993,30.968,53.068
2464001.500,2464111.500,2034.1040,2034.4052,110.0,708.738,26.622,26.592,44.668
2464001.500,2464121.500,2034.1040,2034.4326,120.0,526.910,22.955,22.920,37.708
2464001.500,2464131.500,2034.1040,2034.4600,130.0,393.336,19.833,19.792,31.879
2464001.500,2464141.500,2034.1040,2034.4873,140.0,293.913,17.144,17.097,26.958
2464001.500,2464151.500,2034.1040,2034.5147,150.0,219.206,14.806,14.751,22.785
2464001.500,2464161.500,2034.1040,2034.5421,160.0,162.729,12.757,12.693,19.239
2464001.500,2464171.500,2034.1040,2034.5695,170.0,119.914,10.951,10.876,16.232
2464001.500,2464181.500,2034.1040,2034.5969,180.0,87.482,9.353,9.265,13.693
2464001.500,2464191.500,2034.1040,2034.6242,190.0,63.034,7.939,7.836,11.572
2464001.500,2464201.500,2034.1040,2034.6516,200.0,44.790,6.693,6.569,9.827
2464001.500,2464211.500,2034.1040,2034.6790,210.0,31.408,5.604,5.456,8.426
2464001.500,2464221.500,2034.1040,2034.7064,220.0,21.864,4.676,4.496,7.343
2464001.500,2464231.500,2034.1040,2034.7337,230.0,15.371,3.921,3.704,6.554
2464001.500,2464241.500,2034.1040,2034.7611,240.0,11.313,3.364,3.108,6.034
2464001.500,2464251.500,2034.1040,2034.7885,250.0,9.210,3.035,2.749,5.756
2464001.500,2464261.500,2034.1040,2034.8159,260.0,8.680,2.946,2.650,5.684
2464001.500,2464271.500,2034.1040,2034.8433,270.0,9.417,3.069,2.786,5.783
2464001.500,2464281.500,2034.1040,2034.8706,280.0,11.178,3.343,3.085,6.016
2464001.500,2464291.500,2034.1040,2034.8980,290.0,13.765,3.710,3.479,6.350
2464001.500,2464301.500,2034.1040,2034.9254,300.0,17.018,4.125,3.919,6.758
2464001.500,2464311.500,2034.1040,2034.9528,310.0,20.807,4.561,4.376,7.217
2464001.500,2464321.500,2034.1040,2034.9802,320.0,25.024,5.002,4.833,7.710
2464001.500,2464331.500,2034.1040,2035.0075,330.0,29.583,5.439,5.284,8.224
2464001.500,2464341.500,2034.1040,2035.0349,340.0,34.409,5.866,5.722,8.750
2464001.500,2464351.500,2034.1040,2035.0623,350.0,39.445,6.280,6.146,9.280
2464001.500,2464361.500,2034.1040,2035.0897,360.0,44.639,6.681,6.555,9.810
2464001.500,2464371.500,2034.1040,2035.1170,370.0,49.951,7.068,6.949,10.336
2464001.500,2464381.500,2034.1040,2035.1444,380.0,55.346,7.439,7.327,10.855
2464001.500,2464391.500,2034.1040,2035.1718,390.0,60.796,7.797,7.689,11.365
2464001.500,2464401.500,2034.1040,2035.1992,400.0,66.278,8.141,8.038,11.865
2464001.500,2464411.500,2034.1040,2035.2266,410.0,71.772,8.472,8.373,12.353
2464001.500,2464421.500,2034.1040,2035.2539,420.0,77.260,8.790,8.694,12.830
2464001.500,2464431.500,2034.1040,2035.2813,430.0,82.731,9.096,9.003,13.296
2464001.500,2464441.500,2034.1040,2035.3087,440.0,88.171,9.390,9.301,13.749
2464001.500,2464451.500,2034.1040,2035.3361,450.0,93.573,9.673,9.586,14.189
2464021.500,2464101.500,2034.1588,2034.3778,80.0,1837.780,42.869,42.851,76.226
2464021.500,2464111.500,2034.1588,2034.4052,90.0,1317.376,36.296,36.274,63.362
2464021.500,2464121.500,2034.1588,2034.4326,100.0,960.587,30.993,30.968,53.068
2464021.500,2464131.500,2034.1588,2034.4600,110.0,708.737,26.622,26.592,44.667
2464021.500,2464141.500,2034.1588,2034.4873,120.0,526.909,22.954,22.920,37.708
2464021.500,2464151.500,2034.1588,2034.5147,130.0,393.335,19.833,19.792,31.879
2464021.500,2464161.500,2034.1588,2034.5421,140.0,293.912,17.144,17.097,26.958
2464021.500,2464171.500,2034.1588,2034.5695,150.0,219.206,14.806,14.751,22.785
2464021.500,2464181.500,2034.1588,2034.5969,160.0,162.728,12.756,12.693,19.239
2464021.500,2464191.500,2034.1588,2034.6242,170.0,119.913,10.950,10.876,16.231
2464021.500,2464201.500,2034.1588,2034.6516,180.0,87.481,9.353,9.265,13.693
2464021.500,2464211.500,2034.1588,2034.6790,190.0,63.034,7.939,7.836,11.572
2464021.500,2464221.500,2034.1588,2034.7064,200.0,44.790,6.693,6.569,9.827
2464021.500,2464231.500,2034.1588,2034.7337,210.0,31.408,5.604,5.456,8.426
2464021.500,2464241.500,2034.1588,2034.7611,220.0,21.864,4.676,4.496,7.343
2464021.500,2464251.500,2034.1588,2034.7885,230.0,15.370,3.921,3.704,6.554
2464021.500,2464261.500,2034.1588,2034.8159,240.0,11.313,3.364,3.108,6.034
2464021.500,2464271.500,2034.1588,2034.8433,250.0,9.210,3.035,2.749,5.756
2464021.500,2464281.500,2034.1588,2034.8706,260.0,8.680,2.946,2.650,5.684
2464021.500,2464291.500,2034.1588,2034.8980,270.0,9.417,3.069,2.786,5.783
2464021.500,2464301.500,2034.1588,2034.9254,280.0,11.178,3.343,3.085,6.016
2464021.500,2464311.500,2034.1588,2034.9528,290.0,13.765,3.710,3.479,6.350
2464021.500,2464321.500,2034.1588,2034.9802,300.0,17.018,4.125,3.919,6.758
2464021.500,2464331.500,2034.1588,2035.0075,310.0,20.807,4.561,4.376,7.217
2464021.500,2464341.500,2034.1588,2035.0349,320.0,25.025,5.002,4.833,7.710
2464021.500,2464351.500,2034.1588,2035.0623,330.0,29.583,5.439,5.284,8.224
2464021.500,2464361.500,2034.1588,2035.0897,340.0,34.410,5.866,5.722,8.750
2464021.500,2464371.500,2034.1588,2035.1170,350.0,39.445,6.281,6.146,9.280
2464021.500,2464381.500,2034.1588,2035.1444,360.0,44.639,6.681,6.555,9.810
2464021.500,2464391.500,2034.1588,2035.1718,370.0,49.951,7.068,6.949,10.336
2464021.500,2464401.500,2034.1588,2035.1992,380.0,55.346,7.439,7.327,10.855
2464021.500,2464411.500,2034.1588,2035.2266,390.0,60.797,7.797,7.689,11.365
2464021.500,2464421.500,2034.1588,2035.2539,400.0,66.278,8.141,8.038,11.865
2464021.500,2464431.500,2034.1588,2035.2813,410.0,71.772,8.472,8.373,12.353
2464021.500,2464441.500,2034.1588,2035.3087,420.0,77.261,8.790,8.694,12.830
2464021.500,2464451.500,2034.1588,2035.3361,430.0,82.731,9.096,9.003,13.296
2464021.500,2464461.500,2034.1588,2035.3634,440.0,88.172,9.390,9.301,13.749
2464021.500,2464471.500,2034.1588,2035.3908,450.0,93.573,9.673,9.587,14.190
2464041.500,2464121.500,2034.2136,2034.4326,80.0,1837.778,42.869,42.851,76.226
2464041.500,2464131.500,2034.2136,2034.4600,90.0,1317.375,36.296,36.274,63.362
2464041.500,2464141.500,2034.2136,2034.4873,100.0,960.586,30.993,30.968,53.068
2464041.500,2464151.500,2034.2136,2034.5147,110.0,708.736,26.622,26.592,44.667
2464041.500,2464161.500,2034.2136,2034.5421,120.0,526.908,22.954,22.920,37.708
2464041.500,2464171.500,2034.2136,2034.5695,130.0,393.334,19.833,19.792,31.879
2464041.500,2464181.500,2034.2136,2034.5969,140.0,293.912,17.144,17.097,26.958
2464041.500,2464191.500,2034.2136,2034.6242,150.0,219.205,14.806,14.751,22.785
2464041.500,2464201.500,2034.2136,2034.6516,160.0,162.728,12.756,12.693,19.239
2464041.500,2464211.500,2034.2136,2034.6790,170.0,119.913,10.950,10.876,16.231
2464041.500,2464221.500,2034.2136,2034.7064,180.0,87.481,9.353,9.265,13.693
2464041.500,2464231.500,2034.2136,2034.7337,190.0,63.034,7.939,7.836,11.572
2464041.500,2464241.500,2034.2136,2034.7611,200.0,44.790,6.693,6.569,9.827
2464041.500,2464251.500,2034.2136,2034.7885,210.0,31.407,5.604,5.456,8.426
2464041.500,2464261.500,2034.2136,2034.8159,220.0,21.864,4.676,4.496,7.343
2464041.500,2464271.500,2034.2136,2034.8433,230.0,15.370,3.921,3.704,6.554
2464041.500,2464281.500,2034.2136,2034.8706,240.0,11.313,3.364,3.108,6.034
2464041.500,2464291.500,2034.2136,2034.8980,250.0,9.210,3.035,2.749,5.756
2464041.500,2464301.500,2034.2136,2034.9254,260.0,8.680,2.946,2.650,5.684
2464041.500,2464311.500,2034.2136,2034.9528,270.0,9.417,3.069,2.786,5.783
2464041.500,2464321.500,2034.2136,2034.9802,280.0,11.178,3.343,3.085,6.016
2464041.500,2464331.500,2034.2136,2035.0075,290.0,13.765,3.710,3.479,6.350
2464041.500,2464341.500,2034.2136,2035.0349,300.0,17.018,4.125,3.919,6.758
2464041.500,2464351.500,2034.2136,2035.0623,310.0,20.807,4.561,4.376,7.217
2464041.500,2464361.500,2034.2136,2035.0897,320.0,25.025,5.002,4.833,7.710
2464041.500,2464371.500,2034.2136,2035.1170,330.0,29.583,5.439,5.284,8.224
2464041.500,2464381.500,2034.2136,2035.1444,340.0,34.410,5.866,5.722,8.750
2464041.500,2464391.500,2034.2136,2035.1718,350.0,39.445,6.281,6.146,9.280
2464041.500,2464401.500,2034.2136,2035.1992,360.0,44.639,6.681,6.555,9.810
2464041.500,2464411.500,2034.2136,2035.2266,370.0,49.951,7.068,6.949,10.336
2464041.500,2464421.500,2034.2136,2035.2539,380.0,55.346,7.440,7.327,10.855
2464041.500,2464431.500,2034.2136,2035.2813,390.0,60.797,7.797,7.689,11.365
2464041.500,2464441.500,2034.2136,2035.3087,400.0,66.279,8.141,8.038,11.865
2464041.500,2464451.500,2034.2136,2035.3361,410.0,71.772,8.472,8.373,12.353
2464041.500,2464461.500,2034.2136,2035.3634,420.0,77.261,8.790,8.694,12.830
2464041.500,2464471.500,2034.2136,2035.3908,430.0,82.731,9.096,9.003,13.296
2464041.500,2464481.500,2034.2136,2035.4182,440.0,88.172,9.390,9.301,13.749
2464041.500,2464491.500,2034.2136,2035.4456,450.0,93.574,9.673,9.587,14.190
2464061.500,2464141.500,2034.2683,2034.4873,80.0,1837.777,42.869,42.851,76.226
2464061.500,2464151.500,2034.2683,2034.5147,90.0,1317.374,36.296,36.274,63.362
2464061.500,2464161.500,2034.2683,2034.5421,100.0,960.585,30.993,30.968,53.068
2464061.500,2464171.500,2034.2683,2034.5695,110.0,708.735,26.622,26.592,44.667
2464061.500,2464181.500,2034.2683,2034.5969,120.0,526.907,22.954,22.920,37.708
2464061.500,2464191.500,2034.2683,2034.6242,130.0,393.334,19.833,19.792,31.879
2464061.500,2464201.500,2034.2683,2034.6516,140.0,293.911,17.144,17.097,26.958
2464061.500,2464211.500,2034.2683,2034.6790,150.0,219.205,14.806,14.751,22.785
2464061.500,2464221.500,2034.2683,2034.7064,160.0,162.727,12.756,12.693,19.239
2464061.500,2464231.500,2034.2683,2034.7337,170.0,119.913,10.950,10.876,16.231
2464061.500,2464241.500,2034.2683,2034.7611,180.0,87.481,9.353,9.265,13.693
2464061.500,2464251.500,2034.2683,2034.7885,190.0,63.034,7.939,7.836,11.572
2464061.500,2464261.500,2034.2683,2034.8159,200.0,44.790,6.693,6.569,9.827
2464061.500,2464271.500,2034.2683,2034.8433,210.0,31.407,5.604,5.456,8.426
2464061.500,2464281.500,2034.2683,2034.8706,220.0,21.864,4.676,4.496,7.343
2464061.500,2464291.500,2034.2683,2034.8980,230.0,15.370,3.920,3.704,6.554
2464061.500,2464301.500,2034.2683,2034.9254,240.0,11.313,3.364,3.108,6.034
2464061.500,2464311.500,2034.2683,2034.9528,250.0,9.210,3.035,2.749,5.756
2464061.500,2464321.500,2034.2683,2034.9802,260.0,8.680,2.946,2.650,5.684
2464061.500,2464331.500,2034.2683,2035.0075,270.0,9.417,3.069,2.786,5.783
2464061.500,2464341.500,2034.2683,2035.0349,280.0,11.178,3.343,3.085,6.016
2464061.500,2464351.500,2034.2683,2035.0623,290.0,13.765,3.710,3.479,6.350
2464061.500,2464361.500,2034.2683,2035.0897,300.0,17.019,4.125,3.919,6.758
2464061.500,2464371.500,2034.2683,2035.1170,310.0,20.807,4.562,4.376,7.217
2464061.500,2464381.500,2034.2683,2035.1444,320.0,25.025,5.002,4.833,7.710
2464061.500,2464391.500,2034.2683,2035.1718,330.0,29.583,5.439,5.284,8.224
2464061.500,2464401.500,2034.2683,2035.1992,340.0,34.410,5.866,5.722,8.750
2464061.500,2464411.500,2034.2683,2035.2266,350.0,39.445,6.281,6.146,9.280
2464061.500,2464421.500,2034.2683,2035.2539,360.0,44.639,6.681,6.555,9.810
2464061.500,2464431.500,2034.2683,2035.2813,370.0,49.951,7.068,6.949,10.336
2464061.500,2464441.500,2034.2683,2035.3087,380.0,55.347,7.440,7.327,10.855
2464061.500,2464451.500,2034.2683,2035.3361,390.0,60.797,7.797,7.689,11.365
2464061.500,2464461.500,2034.2683,2035.3634,400.0,66.279,8.141,8.038,11.865
2464061.500,2464471.500,2034.2683,2035.3908,410.0,71.772,8.472,8.373,12.353
2464061.500,2464481.500,2034.2683,2035.4182,420.0,77.261,8.790,8.694,12.830
2464061.500,2464491.500,2034.2683,2035.4456,430.0,82.732,9.096,9.003,13.296
2464061.500,2464501.500,2034.2683,2035.4730,440.0,88.172,9.390,9.301,13.749
2464061.500,2464511.500,2034.2683,2035.5003,450.0,93.574,9.673,9.587,14.190
2464081.500,2464161.500,2034.3231,2034.5421,80.0,1837.775,42.869,42.851,76.226
2464081.500,2464171.500,2034.3231,2034.5695,90.0,1317.373,36.296,36.274,63.362
2464081.500,2464181.500,2034.3231,2034.5969,100.0,960.584,30.993,30.968,53.068
2464081.500,2464191.500,2034.3231,2034.6242,110.0,708.734,26.622,26.592,44.667
2464081.500,2464201.500,2034.3231,2034.6516,120.0,526.907,22.954,22.920,37.708
2464081.500,2464211.500,2034.3231,2034.6790,130.0,393.333,19.833,19.792,31.879
2464081.500,2464221.500,2034.3231,2034.7064,140.0,293.911,17.144,17.097,26.958
2464081.500,2464231.500,2034.3231,2034.7337,150.0,219.204,14.806,14.751,22.785
2464081.500,2464241.500,2034.3231,2034.7611,160.0,162.727,12.756,12.693,19.239
2464081.500,2464251.500,2034.3231,2034.7885,170.0,119.912,10.950,10.876,16.231
2464081.500,2464261.500,2034.3231,2034.8159,180.0,87.481,9.353,9.265,13.693
2464081.500,2464271.500,2034.3231,2034.8433,190.0,63.033,7.939,7.836,11.572
2464081.500,2464281.500,2034.3231,2034.8706,200.0,44.789,6.692,6.569,9.827
2464081.500,2464291.500,2034.3231,2034.8980,210.0,31.407,5.604,5.456,8.426
2464081.500,2464301.500,2034.3231,2034.9254,220.0,21.864,4.676,4.496,7.343
2464081.500,2464311.500,2034.3231,2034.9528,230.0,15.370,3.920,3.704,6.554
2464081.500,2464321.500,2034.3231,2034.9802,240.0,11.313,3.364,3.108,6.034
2464081.500,2464331.500,2034.3231,2035.0075,250.0,9.210,3.035,2.749,5.756
2464081.500,2464341.500,2034.3231,2035.0349,260.0,8.680,2.946,2.650,5.684
2464081.500,2464351.500,2034.3231,2035.0623,270.0,9.417,3.069,2.786,5.783
2464081.500,2464361.500,2034.3231,2035.0897,280.0,11.178,3.343,3.085,6.016
2464081.500,2464371.500,2034.3231,2035.1170,290.0,13.765,3.710,3.479,6.350
2464081.500,2464381.500,2034.3231,2035.1444,300.0,17.019,4.125,3.919,6.758
2464081.500,2464391.500,2034.3231,2035.1718,310.0,20.807,4.562,4.376,7.217
2464081.500,2464401.500,2034.3231,2035.1992,320.0,25.025,5.002,4.833,7.710
2464081.500,2464411.500,2034.3231,2035.2266,330.0,29.583,5.439,5.284,8.224
2464081.500,2464421.500,2034.3231,2035.2539,340.0,34.410,5.866,5.722,8.750
2464081.500,2464431.500,2034.3231,2035.2813,350.0,39.445,6.281,6.146,9.280
2464081.500,2464441.500,2034.3231,2035.3087,360.0,44.639,6.681,6.555,9.811
2464081.500,2464451.500,2034.3231,2035.3361,370.0,49.951,7.068,6.949,10.336
2464081.500,2464461.500,2034.3231,2035.3634,380.0,55.347,7.440,7.327,10.855
2464081.500,2464471.500,2034.3231,2035.3908,390.0,60.797,7.797,7.689,11.365
2464081.500,2464481.500,2034.3231,2035.4182,400.0,66.279,8.141,8.038,11.865
2464081.500,2464491.500,2034.3231,2035.4456,410.0,71.773,8.472,8.373,12.353
2464081.500,2464501.500,2034.3231,2035.4730,420.0,77.261,8.790,8.694,12.831
2464081.500,2464511.500,2034.3231,2035.5003,430.0,82.732,9.096,9.003,13.296
2464081.500,2464521.500,2034.3231,2035.5277,440.0,88.173,9.390,9.301,13.749
2464081.500,2464531.500,2034.3231,2035.5551,450.0,93.574,9.673,9.587,14.190
2464101.500,2464181.500,2034.3778,2034.5969,80.0,1837.774,42.869,42.851,76.226
2464101.500,2464191.500,2034.3778,2034.6242,90.0,1317.372,36.296,36.274,63.362
2464101.500,2464201.500,2034.3778,2034.6516,100.0,960.583,30.993,30.968,53.068
2464101.500,2464211.500,2034.3778,2034.6790,110.0,708.733,26.622,26.592,44.667
2464101.500,2464221.500,2034.3778,2034.7064,120.0,526.906,22.954,22.920,37.708
2464101.500,2464231.500,2034.3778,2034.7337,130.0,393.332,19.833,19.792,31.879
2464101.500,2464241.500,2034.3778,2034.7611,140.0,293.910,17.144,17.097,26.958
2464101.500,2464251.500,2034.3778,2034.7885,150.0,219.204,14.806,14.751,22.785
2464101.500,2464261.500,2034.3778,2034.8159,160.0,162.726,12.756,12.693,19.239
2464101.500,2464271.500,2034.3778,2034.8433,170.0,119.912,10.950,10.876,16.231
2464101.500,2464281.500,2034.3778,2034.8706,180.0,87.480,9.353,9.265,13.693
2464101.500,2464291.500,2034.3778,2034.8980,190.0,63.033,7.939,7.835,11.572
2464101.500,2464301.500,2034.3778,2034.9254,200.0,44.789,6.692,6.569,9.827
2464101.500,2464311.500,2034.3778,2034.9528,210.0,31.407,5.604,5.456,8.426
2464101.500,2464321.500,2034.3778,2034.9802,220.0,21.863,4.676,4.496,7.343
2464101.500,2464331.500,2034.3778,2035.0075,230.0,15.370,3.920,3.704,6.554
2464101.500,2464341.500,2034.3778,2035.0349,240.0,11.313,3.364,3.108,6.034
2464101.500,2464351.500,2034.3778,2035.0623,250.0,9.210,3.035,2.749,5.756
2464101.500,2464361.500,2034.3778,2035.0897,260.0,8.680,2.946,2.650,5.684
2464101.500,2464371.500,2034.3778,2035.1170,270.0,9.417,3.069,2.786,5.783
2464101.500,2464381.500,2034.3778,2035.1444,280.0,11.178,3.343,3.086,6.016
2464101.500,2464391.500,2034.3778,2035.1718,290.0,13.765,3.710,3.479,6.350
2464101.500,2464401.500,2034.3778,2035.1992,300.0,17.019,4.125,3.919,6.758
2464101.500,2464411.500,2034.3778,2035.2266,310.0,20.808,4.562,4.376,7.217
2464101.500,2464421.500,2034.3778,2035.2539,320.0,25.025,5.003,4.833,7.710
2464101.500,2464431.500,2034.3778,2035.2813,330.0,29.583,5.439,5.284,8.224
2464101.500,2464441.500,2034.3778,2035.3087,340.0,34.410,5.866,5.722,8.750
2464101.500,2464451.500,2034.3778,2035.3361,350.0,39.445,6.281,6.146,9.280
2464101.500,2464461.500,2034.3778,2035.3634,360.0,44.640,6.681,6.555,9.811
2464101.500,2464471.500,2034.3778,2035.3908,370.0,49.952,7.068,6.949,10.336
2464101.500,2464481.500,2034.3778,2035.4182,380.0,55.347,7.440,7.327,10.855
2464101.500,2464491.500,2034.3778,2035.4456,390.0,60.798,7.797,7.689,11.365
2464101.500,2464501.500,2034.3778,2035.4730,400.0,66.279,8.141,8.038,11.865
2464101.500,2464511.500,2034.3778,2035.5003,410.0,71.773,8.472,8.373,12.353
2464101.500,2464521.500,2034.3778,2035.5277,420.0,77.262,8.790,8.694,12.831
2464101.500,2464531.500,2034.3778,2035.5551,430.0,82.732,9.096,9.003,13.296
2464101.500,2464541.500,2034.3778,2035.5825,440.0,88.173,9.390,9.301,13.749
2464101.500,2464551.500,2034.3778,2035.6099,450.0,93.575,9.673,9.587,14.190
2464121.500,2464201.500,2034.4326,2034.6516,80.0,1837.772,42.869,42.851,76.225
2464121.500,2464211.500,2034.4326,2034.6790,90.0,1317.370,36.296,36.274,63.362
2464121.500,2464221.500,2034.4326,2034.7064,100.0,960.582,30.993,30.968,53.068
2464121.500,2464231.500,2034.4326,2034.7337,110.0,708.732,26.622,26.592,44.667
2464121.500,2464241.500,2034.4326,2034.7611,120.0,526.905,22.954,22.919,37.708
2464121.500,2464251.500,2034.4326,2034.7885,130.0,393.332,19.833,19.792,31.879
2464121.500,2464261.500,2034.4326,2034.8159,140.0,293.910,17.144,17.097,26.958
2464121.500,2464271.500,2034.4326,2034.8433,150.0,219.203,14.806,14.751,22.785
2464121.500,2464281.500,2034.4326,2034.8706,160.0,162.726,12.756,12.693,19.239
2464121.500,2464291.500,2034.4326,2034.8980,170.0,119.912,10.950,10.876,16.231
2464121.500,2464301.500,2034.4326,2034.9254,180.0,87.480,9.353,9.265,13.693
2464121.500,2464311.500,2034.4326,2034.9528,190.0,63.033,7.939,7.835,11.572
2464121.500,2464321.500,2034.4326,2034.9802,200.0,44.789,6.692,6.569,9.827
2464121.500,2464331.500,2034.4326,2035.0075,210.0,31.407,5.604,5.456,8.426
2464121.500,2464341.500,2034.4326,2035.0349,220.0,21.863,4.676,4.496,7.343
2464121.500,2464351.500,2034.4326,2035.0623,230.0,15.370,3.920,3.704,6.554
2464121.500,2464361.500,2034.4326,2035.0897,240.0,11.313,3.363,3.108,6.034
2464121.500,2464371.500,2034.4326,2035.1170,250.0,9.210,3.035,2.749,5.756
2464121.500,2464381.500,2034.4326,2035.1444,260.0,8.680,2.946,2.650,5.684
2464121.500,2464391.500,2034.4326,2035.1718,270.0,9.417,3.069,2.786,5.783
2464121.500,2464401.500,2034.4326,2035.1992,280.0,11.178,3.343,3.086,6.016
2464121.500,2464411.500,2034.4326,2035.2266,290.0,13.766,3.710,3.479,6.350
2464121.500,2464421.500,2034.4326,2035.2539,300.0,17.019,4.125,3.919,6.758
2464121.500,2464431.500,2034.4326,2035.2813,310.0,20.808,4.562,4.376,7.217
2464121.500,2464441.500,2034.4326,2035.3087,320.0,25.025,5.003,4.833,7.710
2464121.500,2464451.500,2034.4326,2035.3361,330.0,29.584,5.439,5.284,8.224
2464121.500,2464461.500,2034.4326,2035.3634,340.0,34.410,5.866,5.722,8.750
2464121.500,2464471.500,2034.4326,2035.3908,350.0,39.446,6.281,6.146,9.280
2464121.500,2464481.500,2034.4326,2035.4182,360.0,44.640,6.681,6.555,9.811
2464121.500,2464491.500,2034.4326,2035.4456,370.0,49.952,7.068,6.949,10.336
2464121.500,2464501.500,2034.4326,2035.4730,380.0,55.347,7.440,7.327,10.855
2464121.500,2464511.500,2034.4326,2035.5003,390.0,60.798,7.797,7.689,11.365
2464121.500,2464521.500,2034.4326,2035.5277,400.0,66.280,8.141,8.038,11.865
2464121.500,2464531.500,2034.4326,2035.5551,410.0,71.773,8.472,8.373,12.354
2464121.500,2464541.500,2034.4326,2035.5825,420.0,77.262,8.790,8.694,12.831
2464121.500,2464551.500,2034.4326,2035.6099,430.0,82.732,9.096,9.003,13.296
2464121.500,2464561.500,2034.4326,2035.6372,440.0,88.173,9.390,9.301,13.749
2464121.500,2464571.500,2034.4326,2035.6646,450.0,93.575,9.673,9.587,14.190
2464141.500,2464221.500,2034.4873,2034.7064,80.0,1837.771,42.869,42.851,76.225
2464141.500,2464231.500,2034.4873,2034.7337,90.0,1317.369,36.296,36.274,63.362
2464141.500,2464241.500,2034.4873,2034.7611,100.0,960.581,30.993,30.968,53.068
2464141.500,2464251.500,2034.4873,2034.7885,110.0,708.731,26.622,26.592,44.667
2464141.500,2464261.500,2034.4873,2034.8159,120.0,526.904,22.954,22.919,37.708
2464141.500,2464271.500,2034.4873,2034.8433,130.0,393.331,19.833,19.792,31.879
2464141.500,2464281.500,2034.4873,2034.8706,140.0,293.909,17.144,17.097,26.958
2464141.500,2464291.500,2034.4873,2034.8980,150.0,219.203,14.806,14.751,22.785
2464141.500,2464301.500,2034.4873,2034.9254,160.0,162.726,12.756,12.692,19.239
2464141.500,2464311.500,2034.4873,2034.9528,170.0,119.911,10.950,10.876,16.231
2464141.500,2464321.500,2034.4873,2034.9802,180.0,87.480,9.353,9.265,13.693
2464141.500,2464331.500,2034.4873,2035.0075,190.0,63.033,7.939,7.835,11.572
2464141.500,2464341.500,2034.4873,2035.0349,200.0,44.789,6.692,6.569,9.827
2464141.500,2464351.500,2034.4873,2035.0623,210.0,31.407,5.604,5.456,8.426
2464141.500,2464361.500,2034.4873,2035.0897,220.0,21.863,4.676,4.496,7.343
2464141.500,2464371.500,2034.4873,2035.1170,230.0,15.370,3.920,3.704,6.554
2464141.500,2464381.500,2034.4873,2035.1444,240.0,11.313,3.363,3.108,6.034
2464141.500,2464391.500,2034.4873,2035.1718,250.0,9.210,3.035,2.749,5.756
2464141.500,2464401.500,2034.4873,2035.1992,260.0,8.680,2.946,2.650,5.684
2464141.500,2464411.500,2034.4873,2035.2266,270.0,9.417,3.069,2.786,5.783
2464141.500,2464421.500,2034.4873,2035.2539,280.0,11.178,3.343,3.086,6.016
2464141.500,2464431.500,2034.4873,2035.2813,290.0,13.766,3.710,3.479,6.350
2464141.500,2464441.500,2034.4873,2035.3087,300.0,17.019,4.125,3.919,6.758
2464141.500,2464451.500,2034.4873,2035.3361,310.0,20.808,4.562,4.376,7.217
2464141.500,2464461.500,2034.4873,2035.3634,320.0,25.025,5.003,4.833,7.710
2464141.500,2464471.500,2034.4873,2035.3908,330.0,29.584,5.439,5.284,8.224
2464141.500,2464481.500,2034.4873,2035.4182,340.0,34.411,5.866,5.722,8.750
2464141.500,2464491.500,2034.4873,2035.4456,350.0,39.446,6.281,6.147,9.281
2464141.500,2464501.500,2034.4873,2035.4730,360.0,44.640,6.681,6.555,9.811
2464141.500,2464511.500,2034.4873,2035.5003,370.0,49.952,7.068,6.949,10.336
2464141.500,2464521.500,2034.4873,2035.5277,380.0,55.348,7.440,7.327,10.855
2464141.500,2464531.500,2034.4873,2035.5551,390.0,60.798,7.797,7.690,11.365
2464141.500,2464541.500,2034.4873,2035.5825,400.0,66.280,8.141,8.038,11.865
2464141.500,2464551.500,2034.4873,2035.6099,410.0,71.774,8.472,8.373,12.354
2464141.500,2464561.500,2034.4873,2035.6372,420.0,77.262,8.790,8.694,12.831
2464141.500,2464571.500,2034.4873,2035.6646,430.0,82.733,9.096,9.003,13.296
2464141.500,2464581.500,2034.4873,2035.6920,440.0,88.174,9.390,9.301,13.749
2464141.500,2464591.500,2034.4873,2035.7194,450.0,93.575,9.673,9.587,14.190
2464161.500,2464241.500,2034.5421,2034.7611,80.0,1837.769,42.869,42.851,76.225
2464161.500,2464251.500,2034.5421,2034.7885,90.0,1317.368,36.296,36.274,63.362
2464161.500,2464261.500,2034.5421,2034.8159,100.0,960.580,30.993,30.968,53.068
2464161.500,2464271.500,2034.5421,2034.8433,110.0,708.731,26.622,26.592,44.667
2464161.500,2464281.500,2034.5421,2034.8706,120.0,526.904,22.954,22.919,37.708
2464161.500,2464291.500,2034.5421,2034.8980,130.0,393.330,19.833,19.792,31.879
2464161.500,2464301.500,2034.5421,2034.9254,140.0,293.908,17.144,17.097,26.958
2464161.500,2464311.500,2034.5421,2034.9528,150.0,219.202,14.805,14.751,22.785
2464161.500,2464321.500,2034.5421,2034.9802,160.0,162.725,12.756,12.692,19.239
2464161.500,2464331.500,2034.5421,2035.0075,170.0,119.911,10.950,10.876,16.231
2464161.500,2464341.500,2034.5421,2035.0349,180.0,87.479,9.353,9.265,13.693
2464161.500,2464351.500,2034.5421,2035.0623,190.0,63.032,7.939,7.835,11.572
2464161.500,2464361.500,2034.5421,2035.0897,200.0,44.789,6.692,6.569,9.827
2464161.500,2464371.500,2034.5421,2035.1170,210.0,31.406,5.604,5.456,8.426
2464161.500,2464381.500,2034.5421,2035.1444,220.0,21.863,4.676,4.496,7.343
2464161.500,2464391.500,2034.5421,2035.1718,230.0,15.370,3.920,3.704,6.554
2464161.500,2464401.500,2034.5421,2035.1992,240.0,11.313,3.363,3.108,6.034
2464161.500,2464411.500,2034.5421,2035.2266,250.0,9.210,3.035,2.749,5.756
2464161.500,2464421.500,2034.5421,2035.2539,260.0,8.680,2.946,2.650,5.684
2464161.500,2464431.500,2034.5421,2035.2813,270.0,9.417,3.069,2.786,5.783
2464161.500,2464441.500,2034.5421,2035.3087,280.0,11.178,3.343,3.086,6.016
2464161.500,2464451.500,2034.5421,2035.3361,290.0,13.766,3.710,3.479,6.350
2464161.500,2464461.500,2034.5421,2035.3634,300.0,17.019,4.125,3.919,6.758
2464161.500,2464471.500,2034.5421,2035.3908,310.0,20.808,4.562,4.376,7.217
2464161.500,2464481.500,2034.5421,2035.4182,320.0,25.026,5.003,4.833,7.710
2464161.500,2464491.500,2034.5421,2035.4456,330.0,29.584,5.439,5.284,8.224
2464161.500,2464501.500,2034.5421,2035.4730,340.0,34.411,5.866,5.722,8.750
2464161.500,2464511.500,2034.5421,2035.5003,350.0,39.446,6.281,6.147,9.281
2464161.500,2464521.500,2034.5421,2035.5277,360.0,44.640,6.681,6.555,9.811
2464161.500,2464531.500,2034.5421,2035.5551,370.0,49.952,7.068,6.949,10.336
2464161.500,2464541.500,2034.5421,2035.5825,380.0,55.348,7.440,7.327,10.855
2464161.500,2464551.500,2034.5421,2035.6099,390.0,60.798,7.797,7.690,11.365
2464161.500,2464561.500,2034.5421,2035.6372,400.0,66.280,8.141,8.038,11.865
2464161.500,2464571.500,2034.5421,2035.6646,410.0,71.774,8.472,8.373,12.354
2464161.500,2464581.500,2034.5421,2035.6920,420.0,77.263,8.790,8.694,12.831
2464161.500,2464591.500,2034.5421,2035.7194,430.0,82.733,9.096,9.003,13.296
2464161.500,2464601.500,2034.5421,2035.7467,440.0,88.174,9.390,9.301,13.749
2464161.500,2464611.500,2034.5421,2035.7741,450.0,93.576,9.673,9.587,14.190
2464181.500,2464261.500,2034.5969,2034.8159,80.0,1837.768,42.869,42.851,76.225
2464181.500,2464271.500,2034.5969,2034.8433,90.0,1317.367,36.296,36.274,63.362
2464181.500,2464281.500,2034.5969,2034.8706,100.0,960.579,30.993,30.968,53.068
2464181.500,2464291.500,2034.5969,2034.8980,110.0,708.730,26.622,26.592,44.667
2464181.500,2464301.500,2034.5969,2034.9254,120.0,526.903,22.954,22.919,37.708
2464181.500,2464311.500,2034.5969,2034.9528,130.0,393.330,19.833,19.792,31.879
2464181.500,2464321.500,2034.5969,2034.9802,140.0,293.908,17.144,17.097,26.958
2464181.500,2464331.500,2034.5969,2035.0075,150.0,219.202,14.805,14.751,22.785
2464181.500,2464341.500,2034.5969,2035.0349,160.0,162.725,12.756,12.692,19.239
2464181.500,2464351.500,2034.5969,2035.0623,170.0,119.911,10.950,10.876,16.231
2464181.500,2464361.500,2034.5969,2035.0897,180.0,87.479,9.353,9.265,13.693
2464181.500,2464371.500,2034.5969,2035.1170,190.0,63.032,7.939,7.835,11.572
2464181.500,2464381.500,2034.5969,2035.1444,200.0,44.788,6.692,6.569,9.827
2464181.500,2464391.500,2034.5969,2035.1718,210.0,31.406,5.604,5.456,8.426
2464181.500,2464401.500,2034.5969,2035.1992,220.0,21.863,4.676,4.496,7.343
2464181.500,2464411.500,2034.5969,2035.2266,230.0,15.370,3.920,3.704,6.554
2464181.500,2464421.500,2034.5969,2035.2539,240.0,11.313,3.363,3.108,6.034
2464181.500,2464431.500,2034.5969,2035.2813,250.0,9.210,3.035,2.749,5.756
2464181.500,2464441.500,2034.5969,2035.3087,260.0,8.680,2.946,2.650,5.684
2464181.500,2464451.500,2034.5969,2035.3361,270.0,9.417,3.069,2.786,5.783
2464181.500,2464461.500,2034.5969,2035.3634,280.0,11.178,3.343,3.086,6.016
2464181.500,2464471.500,2034.5969,2035.3908,290.0,13.766,3.710,3.479,6.350
2464181.500,2464481.500,2034.5969,2035.4182,300.0,17.019,4.125,3.919,6.758
2464181.500,2464491.500,2034.5969,2035.4456,310.0,20.808,4.562,4.376,7.217
2464181.500,2464501.500,2034.5969,2035.4730,320.0,25.026,5.003,4.833,7.710
2464181.500,2464511.500,2034.5969,2035.5003,330.0,29.584,5.439,5.284,8.224
2464181.500,2464521.500,2034.5969,2035.5277,340.0,34.411,5.866,5.722,8.750
2464181.500,2464531.500,2034.5969,2035.5551,350.0,39.446,6.281,6.147,9.281
2464181.500,2464541.500,2034.5969,2035.5825,360.0,44.640,6.681,6.555,9.811
2464181.500,2464551.500,2034.5969,2035.6099,370.0,49.952,7.068,6.949,10.336
2464181.500,2464561.500,2034.5969,2035.6372,380.0,55.348,7.440,7.327,10.855
2464181.500,2464571.500,2034.5969,2035.6646,390.0,60.799,7.797,7.690,11.365
2464181.500,2464581.500,2034.5969,2035.6920,400.0,66.280,8.141,8.038,11.865
2464181.500,2464591.500,2034.5969,2035.7194,410.0,71.774,8.472,8.373,12.354
2464181.500,2464601.500,2034.5969,2035.7467,420.0,77.263,8.790,8.694,12.831
2464181.500,2464611.500,2034.5969,2035.7741,430.0,82.733,9.096,9.003,13.296
2464181.500,2464621.500,2034.5969,2035.8015,440.0,88.174,9.390,9.301,13.749
2464181.500,2464631.500,2034.5969,2035.8289,450.0,93.576,9.673,9.587,14.190
2464201.500,2464281.500,2034.6516,2034.8706,80.0,1837.767,42.869,42.851,76.225
2464201.500,2464291.500,2034.6516,2034.8980,90.0,1317.365,36.296,36.274,63.362
2464201.500,2464301.500,2034.6516,2034.9254,100.0,960.578,30.993,30.968,53.068
2464201.500,2464311.500,2034.6516,2034.9528,110.0,708.729,26.622,26.592,44.667
2464201.500,2464321.500,2034.6516,2034.9802,120.0,526.902,22.954,22.919,37.708
2464201.500,2464331.500,2034.6516,2035.0075,130.0,393.329,19.833,19.792,31.879
2464201.500,2464341.500,2034.6516,2035.0349,140.0,293.907,17.144,17.097,26.958
2464201.500,2464351.500,2034.6516,2035.0623,150.0,219.201,14.805,14.751,22.785
2464201.500,2464361.500,2034.6516,2035.0897,160.0,162.724,12.756,12.692,19.239
2464201.500,2464371.500,2034.6516,2035.1170,170.0,119.910,10.950,10.876,16.231
2464201.500,2464381.500,2034.6516,2035.1444,180.0,87.479,9.353,9.265,13.693
2464201.500,2464391.500,2034.6516,2035.1718,190.0,63.032,7.939,7.835,11.572
2464201.500,2464401.500,2034.6516,2035.1992,200.0,44.788,6.692,6.569,9.827
2464201.500,2464411.500,2034.6516,2035.2266,210.0,31.406,5.604,5.456,8.426
2464201.500,2464421.500,2034.6516,2035.2539,220.0,21.863,4.676,4.496,7.343
2464201.500,2464431.500,2034.6516,2035.2813,230.0,15.370,3.920,3.704,6.554
2464201.500,2464441.500,2034.6516,2035.3087,240.0,11.313,3.363,3.108,6.034
2464201.500,2464451.500,2034.6516,2035.3361,250.0,9.210,3.035,2.749,5.756
2464201.500,2464461.500,2034.6516,2035.3634,260.0,8.680,2.946,2.650,5.684
2464201.500,2464471.500,2034.6516,2035.3908,270.0,9.417,3.069,2.786,5.783
2464201.500,2464481.500,2034.6516,2035.4182,280.0,11.179,3.343,3.086,6.016
2464201.500,2464491.500,2034.6516,2035.4456,290.0,13.766,3.710,3.479,6.350
2464201.500,2464501.500,2034.6516,2035.4730,300.0,17.019,4.125,3.919,6.758
2464201.500,2464511.500,2034.6516,2035.5003,310.0,20.808,4.562,4.376,7.217
2464201.500,2464521.500,2034.6516,2035.5277,320.0,25.026,5.003,4.833,7.710
2464201.500,2464531.500,2034.6516,2035.5551,330.0,29.584,5.439,5.284,8.224
2464201.500,2464541.500,2034.6516,2035.5825,340.0,34.411,5.866,5.722,8.750
2464201.500,2464551.500,2034.6516,2035.6099,350.0,39.446,6.281,6.147,9.281
2464201.500,2464561.500,2034.6516,2035.6372,360.0,44.641,6.681,6.555,9.811
2464201.500,2464571.500,2034.6516,2035.6646,370.0,49.953,7.068,6.949,10.336
2464201.500,2464581.500,2034.6516,2035.6920,380.0,55.348,7.440,7.327,10.855
2464201.500,2464591.500,2034.6516,2035.7194,390.0,60.799,7.797,7.690,11.365
2464201.500,2464601.500,2034.6516,2035.7467,400.0,66.281,8.141,8.038,11.865
2464201.500,2464611.500,2034.6516,2035.7741,410.0,71.774,8.472,8.373,12.354
2464201.500,2464621.500,2034.6516,2035.8015,420.0,77.263,8.790,8.694,12.831
2464201.500,2464631.500,2034.6516,2035.8289,430.0,82.734,9.096,9.003,13.296
2464201.500,2464641.500,2034.6516,2035.8563,440.0,88.174,9.390,9.301,13.749
2464201.500,2464651.500,2034.6516,2035.8836,450.0,93.576,9.673,9.587,14.190
2464221.500,2464301.500,2034.7064,2034.9254,80.0,1837.765,42.869,42.851,76.225
2464221.500,2464311.500,2034.7064,2034.9528,90.0,1317.364,36.296,36.274,63.362
2464221.500,2464321.500,2034.7064,2034.9802,100.0,960.577,30.993,30.968,53.068
2464221.500,2464331.500,2034.7064,2035.0075,110.0,708.728,26.622,26.592,44.667
2464221.500,2464341.500,2034.7064,2035.0349,120.0,526.901,22.954,22.919,37.708
2464221.500,2464351.500,2034.7064,2035.0623,130.0,393.328,19.833,19.792,31.879
2464221.500,2464361.500,2034.7064,2035.0897,140.0,293.907,17.144,17.097,26.958
2464221.500,2464371.500,2034.7064,2035.1170,150.0,219.201,14.805,14.751,22.785
2464221.500,2464381.500,2034.7064,2035.1444,160.0,162.724,12.756,12.692,19.239
2464221.500,2464391.500,2034.7064,2035.1718,170.0,119.910,10.950,10.876,16.231
2464221.500,2464401.500,2034.7064,2035.1992,180.0,87.478,9.353,9.265,13.693
2464221.500,2464411.500,2034.7064,2035.2266,190.0,63.032,7.939,7.835,11.572
2464221.500,2464421.500,2034.7064,2035.2539,200.0,44.788,6.692,6.569,9.827
2464221.500,2464431.500,2034.7064,2035.2813,210.0,31.406,5.604,5.455,8.426
2464221.500,2464441.500,2034.7064,2035.3087,220.0,21.863,4.676,4.496,7.343
2464221.500,2464451.500,2034.7064,2035.3361,230.0,15.370,3.920,3.704,6.554
2464221.500,2464461.500,2034.7064,2035.3634,240.0,11.313,3.363,3.108,6.034
2464221.500,2464471.500,2034.7064,2035.3908,250.0,9.210,3.035,2.749,5.756
2464221.500,2464481.500,2034.7064,2035.4182,260.0,8.680,2.946,2.650,5.684
2464221.500,2464491.500,2034.7064,2035.4456,270.0,9.417,3.069,2.786,5.783
2464221.500,2464501.500,2034.7064,2035.4730,280.0,11.179,3.343,3.086,6.016
2464221.500,2464511.500,2034.7064,2035.5003,290.0,13.766,3.710,3.479,6.350
2464221.500,2464521.500,2034.7064,2035.5277,300.0,17.019,4.125,3.919,6.758
2464221.500,2464531.500,2034.7064,2035.5551,310.0,20.808,4.562,4.376,7.217
2464221.500,2464541.500,2034.7064,2035.5825,320.0,25.026,5.003,4.833,7.710
2464221.500,2464551.500,2034.7064,2035.6099,330.0,29.584,5.439,5.284,8.224
2464221.500,2464561.500,2034.7064,2035.6372,340.0,34.411,5.866,5.722,8.750
2464221.500,2464571.500,2034.7064,2035.6646,350.0,39.447,6.281,6.147,9.281
2464221.500,2464581.500,2034.7064,2035.6920,360.0,44.641,6.681,6.555,9.811
2464221.500,2464591.500,2034.7064,2035.7194,370.0,49.953,7.068,6.949,10.336
2464221.500,2464601.500,2034.7064,2035.7467,380.0,55.348,7.440,7.327,10.855
2464221.500,2464611.500,2034.7064,2035.7741,390.0,60.799,7.797,7.690,11.365
2464221.500,2464621.500,2034.7064,2035.8015,400.0,66.281,8.141,8.038,11.865
2464221.500,2464631.500,2034.7064,2035.8289,410.0,71.775,8.472,8.373,12.354
2464221.500,2464641.500,2034.7064,2035.8563,420.0,77.263,8.790,8.694,12.831
2464221.500,2464651.500,2034.7064,2035.8836,430.0,82.734,9.096,9.003,13.296
2464221.500,2464661.500,2034.7064,2035.9110,440.0,88.175,9.390,9.301,13.749
2464221.500,2464671.500,2034.7064,2035.9384,450.0,93.577,9.673,9.587,14.190
2464241.500,2464321.500,2034.7611,2034.9802,80.0,1837.764,42.869,42.851,76.225
2464241.500,2464331.500,2034.7611,2035.0075,90.0,1317.363,36.295,36.274,63.362
2464241.500,2464341.500,2034.7611,2035.0349,100.0,960.576,30.993,30.968,53.068
2464241.500,2464351.500,2034.7611,2035.0623,110.0,708.727,26.622,26.592,44.667
2464241.500,2464361.500,2034.7611,2035.0897,120.0,526.900,22.954,22.919,37.708
2464241.500,2464371.500,2034.7611,2035.1170,130.0,393.328,19.832,19.792,31.879
2464241.500,2464381.500,2034.7611,2035.1444,140.0,293.906,17.144,17.097,26.958
2464241.500,2464391.500,2034.7611,2035.1718,150.0,219.200,14.805,14.751,22.785
2464241.500,2464401.500,2034.7611,2035.1992,160.0,162.724,12.756,12.692,19.239
2464241.500,2464411.500,2034.7611,2035.2266,170.0,119.909,10.950,10.876,16.231
2464241.500,2464421.500,2034.7611,2035.2539,180.0,87.478,9.353,9.265,13.693
2464241.500,2464431.500,2034.7611,2035.2813,190.0,63.031,7.939,7.835,11.572
2464241.500,2464441.500,2034.7611,2035.3087,200.0,44.788,6.692,6.569,9.827
2464241.500,2464451.500,2034.7611,2035.3361,210.0,31.406,5.604,5.455,8.426
2464241.500,2464461.500,2034.7611,2035.3634,220.0,21.863,4.676,4.496,7.343
2464241.500,2464471.500,2034.7611,2035.3908,230.0,15.369,3.920,3.704,6.554
2464241.500,2464481.500,2034.7611,2035.4182,240.0,11.313,3.363,3.108,6.034
2464241.500,2464491.500,2034.7611,2035.4456,250.0,9.210,3.035,2.749,5.756
2464241.500,2464501.500,2034.7611,2035.4730,260.0,8.680,2.946,2.650,5.684
2464241.500,2464511.500,2034.7611,2035.5003,270.0,9.418,3.069,2.786,5.783
2464241.500,2464521.500,2034.7611,2035.5277,280.0,11.179,3.343,3.086,6.016
2464241.500,2464531.500,2034.7611,2035.5551,290.0,13.766,3.710,3.479,6.350
2464241.500,2464541.500,2034.7611,2035.5825,300.0,17.019,4.125,3.919,6.758
2464241.500,2464551.500,2034.7611,2035.6099,310.0,20.808,4.562,4.376,7.217
2464241.500,2464561.500,2034.7611,2035.6372,320.0,25.026,5.003,4.833,7.710
2464241.500,2464571.500,2034.7611,2035.6646,330.0,29.585,5.439,5.284,8.224
2464241.500,2464581.500,2034.7611,2035.6920,340.0,34.411,5.866,5.722,8.750
2464241.500,2464591.500,2034.7611,2035.7194,350.0,39.447,6.281,6.147,9.281
2464241.500,2464601.500,2034.7611,2035.7467,360.0,44.641,6.681,6.555,9.811
2464241.500,2464611.500,2034.7611,2035.7741,370.0,49.953,7.068,6.949,10.336
2464241.500,2464621.500,2034.7611,2035.8015,380.0,55.349,7.440,7.327,10.855
2464241.500,2464631.500,2034.7611,2035.8289,390.0,60.799,7.797,7.690,11.365
2464241.500,2464641.500,2034.7611,2035.8563,400.0,66.281,8.141,8.038,11.865
2464241.500,2464651.500,2034.7611,2035.8836,410.0,71.775,8.472,8.373,12.354
2464241.500,2464661.500,2034.7611,2035.9110,420.0,77.264,8.790,8.694,12.831
2464241.500,2464671.500,2034.7611,2035.9384,430.0,82.734,9.096,9.003,13.296
2464241.500,2464681.500,2034.7611,2035.9658,440.0,88.175,9.390,9.301,13.749
2464241.500,2464691.500,2034.7611,2035.9932,450.0,93.577,9.674,9.587,14.190
2464261.500,2464341.500,2034.8159,2035.0349,80.0,1837.762,42.869,42.851,76.225
2464261.500,2464351.500,2034.8159,2035.0623,90.0,1317.362,36.295,36.274,63.362
2464261.500,2464361.500,2034.8159,2035.0897,100.0,960.575,30.993,30.968,53.068
2464261.500,2464371.500,2034.8159,2035.1170,110.0,708.726,26.622,26.592,44.667
2464261.500,2464381.500,2034.8159,2035.1444,120.0,526.900,22.954,22.919,37.708
2464261.500,2464391.500,2034.8159,2035.1718,130.0,393.327,19.832,19.792,31.879
2464261.500,2464401.500,2034.8159,2035.1992,140.0,293.906,17.144,17.097,26.958
2464261.500,2464411.500,2034.8159,2035.2266,150.0,219.200,14.805,14.751,22.785
2464261.500,2464421.500,2034.8159,2035.2539,160.0,162.723,12.756,12.692,19.239
2464261.500,2464431.500,2034.8159,2035.2813,170.0,119.909,10.950,10.876,16.231
2464261.500,2464441.500,2034.8159,2035.3087,180.0,87.478,9.353,9.265,13.693
2464261.500,2464451.500,2034.8159,2035.3361,190.0,63.031,7.939,7.835,11.572
2464261.500,2464461.500,2034.8159,2035.3634,200.0,44.788,6.692,6.569,9.827
2464261.500,2464471.500,2034.8159,2035.3908,210.0,31.406,5.604,5.455,8.426
2464261.500,2464481.500,2034.8159,2035.4182,220.0,21.862,4.676,4.496,7.343
2464261.500,2464491.500,2034.8159,2035.4456,230.0,15.369,3.920,3.704,6.554
2464261.500,2464501.500,2034.8159,2035.4730,240.0,11.313,3.363,3.108,6.034
2464261.500,2464511.500,2034.8159,2035.5003,250.0,9.210,3.035,2.749,5.756
2464261.500,2464521.500,2034.8159,2035.5277,260.0,8.680,2.946,2.650,5.684
2464261.500,2464531.500,2034.8159,2035.5551,270.0,9.418,3.069,2.786,5.783
2464261.500,2464541.500,2034.8159,2035.5825,280.0,11.179,3.343,3.086,6.016
2464261.500,2464551.500,2034.8159,2035.6099,290.0,13.766,3.710,3.479,6.350
2464261.500,2464561.500,2034.8159,2035.6372,300.0,17.020,4.125,3.919,6.758
2464261.500,2464571.500,2034.8159,2035.6646,310.0,20.809,4.562,4.376,7.217
2464261.500,2464581.500,2034.8159,2035.6920,320.0,25.026,5.003,4.833,7.710
2464261.500,2464591.500,2034.8159,2035.7194,330.0,29.585,5.439,5.284,8.224
2464261.500,2464601.500,2034.8159,2035.7467,340.0,34.412,5.866,5.722,8.750
2464261.500,2464611.500,2034.8159,2035.7741,350.0,39.447,6.281,6.147,9.281
2464261.500,2464621.500,2034.8159,2035.8015,360.0,44.641,6.681,6.555,9.811
2464261.500,2464631.500,2034.8159,2035.8289,370.0,49.953,7.068,6.949,10.336
2464261.500,2464641.500,2034.8159,2035.8563,380.0,55.349,7.440,7.327,10.855
2464261.500,2464651.500,2034.8159,2035.8836,390.0,60.800,7.797,7.690,11.365
2464261.500,2464661.500,2034.8159,2035.9110,400.0,66.282,8.141,8.038,11.865
2464261.500,2464671.500,2034.8159,2035.9384,410.0,71.775,8.472,8.373,12.354
2464261.500,2464681.500,2034.8159,2035.9658,420.0,77.264,8.790,8.694,12.831
2464261.500,2464691.500,2034.8159,2035.9932,430.0,82.734,9.096,9.003,13.296
2464261.500,2464701.500,2034.8159,2036.0205,440.0,88.175,9.390,9.301,13.749
2464261.500,2464711.500,2034.8159,2036.0479,450.0,93.577,9.674,9.587,14.190
2464281.500,2464361.500,2034.8706,2035.0897,80.0,1837.761,42.869,42.851,76.225
2464281.500,2464371.500,2034.8706,2035.1170,90.0,1317.361,36.295,36.274,63.362
2464281.500,2464381.500,2034.8706,2035.1444,100.0,960.574,30.993,30.968,53.068
2464281.500,2464391.500,2034.8706,2035.1718,110.0,708.725,26.622,26.592,44.667
2464281.500,2464401.500,2034.8706,2035.1992,120.0,526.899,22.954,22.919,37.708
2464281.500,2464411.500,2034.8706,2035.2266,130.0,393.326,19.832,19.792,31.879
2464281.500,2464421.500,2034.8706,2035.2539,140.0,293.905,17.144,17.097,26.958
2464281.500,2464431.500,2034.8706,2035.2813,150.0,219.199,14.805,14.751,22.785
2464281.500,2464441.500,2034.8706,2035.3087,160.0,162.723,12.756,12.692,19.239
2464281.500,2464451.500,2034.8706,2035.3361,170.0,119.909,10.950,10.876,16.231
2464281.500,2464461.500,2034.8706,2035.3634,180.0,87.478,9.353,9.265,13.693
2464281.500,2464471.500,2034.8706,2035.3908,190.0,63.031,7.939,7.835,11.572
2464281.500,2464481.500,2034.8706,2035.4182,200.0,44.787,6.692,6.569,9.827
2464281.500,2464491.500,2034.8706,2035.4456,210.0,31.405,5.604,5.455,8.426
2464281.500,2464501.500,2034.8706,2035.4730,220.0,21.862,4.676,4.496,7.343
2464281.500,2464511.500,2034.8706,2035.5003,230.0,15.369,3.920,3.704,6.554
2464281.500,2464521.500,2034.8706,2035.5277,240.0,11.313,3.363,3.108,6.034
2464281.500,2464531.500,2034.8706,2035.5551,250.0,9.210,3.035,2.749,5.756
2464281.500,2464541.500,2034.8706,2035.5825,260.0,8.680,2.946,2.650,5.684
2464281.500,2464551.500,2034.8706,2035.6099,270.0,9.418,3.069,2.786,5.783
2464281.500,2464561.500,2034.8706,2035.6372,280.0,11.179,3.343,3.086,6.016
2464281.500,2464571.500,2034.8706,2035.6646,290.0,13.766,3.710,3.479,6.350
2464281.500,2464581.500,2034.8706,2035.6920,300.0,17.020,4.125,3.919,6.758
2464281.500,2464591.500,2034.8706,2035.7194,310.0,20.809,4.562,4.376,7.217
2464281.500,2464601.500,2034.8706,2035.7467,320.0,25.026,5.003,4.833,7.710
2464281.500,2464611.500,2034.8706,2035.7741,330.0,29.585,5.439,5.284,8.224
2464281.500,2464621.500,2034.8706,2035.8015,340.0,34.412,5.866,5.722,8.750
2464281.500,2464631.500,2034.8706,2035.8289,350.0,39.447,6.281,6.147,9.281
2464281.500,2464641.500,2034.8706,2035.8563,360.0,44.641,6.681,6.555,9.811
2464281.500,2464651.500,2034.8706,2035.8836,370.0,49.954,7.068,6.949,10.336
2464281.500,2464661.500,2034.8706,2035.9110,380.0,55.349,7.440,7.327,10.855
2464281.500,2464671.500,2034.8706,2035.9384,390.0,60.800,7.797,7.690,11.365
2464281.500,2464681.500,2034.8706,2035.9658,400.0,66.282,8.141,8.038,11.865
2464281.500,2464691.500,2034.8706,2035.9932,410.0,71.775,8.472,8.373,12.354
2464281.500,2464701.500,2034.8706,2036.0205,420.0,77.264,8.790,8.694,12.831
2464281.500,2464711.500,2034.8706,2036.0479,430.0,82.735,9.096,9.003,13.296
2464281.500,2464721.500,2034.8706,2036.0753,440.0,88.176,9.390,9.301,13.749
2464281.500,2464731.500,2034.8706,2036.1027,450.0,93.578,9.674,9.587,14.190
2464301.500,2464381.500,2034.9254,2035.1444,80.0,1837.759,42.869,42.851,76.225
2464301.500,2464391.500,2034.9254,2035.1718,90.0,1317.359,36.295,36.274,63.362
2464301.500,2464401.500,2034.9254,2035.1992,100.0,960.573,30.993,30.968,53.068
2464301.500,2464411.500,2034.9254,2035.2266,110.0,708.724,26.622,26.592,44.667
2464301.500,2464421.500,2034.9254,2035.2539,120.0,526.898,22.954,22.919,37.708
2464301.500,2464431.500,2034.9254,2035.2813,130.0,393.326,19.832,19.792,31.879
2464301.500,2464441.500,2034.9254,2035.3087,140.0,293.904,17.144,17.097,26.958
2464301.500,2464451.500,2034.9254,2035.3361,150.0,219.199,14.805,14.751,22.785
2464301.500,2464461.500,2034.9254,2035.3634,160.0,162.722,12.756,12.692,19.239
2464301.500,2464471.500,2034.9254,2035.3908,170.0,119.908,10.950,10.876,16.231
2464301.500,2464481.500,2034.9254,2035.4182,180.0,87.477,9.353,9.265,13.693
2464301.500,2464491.500,2034.9254,2035.4456,190.0,63.031,7.939,7.835,11.572
2464301.500,2464501.500,2034.9254,2035.4730,200.0,44.787,6.692,6.569,9.827
2464301.500,2464511.500,2034.9254,2035.5003,210.0,31.405,5.604,5.455,8.426
2464301.500,2464521.500,2034.9254,2035.5277,220.0,21.862,4.676,4.496,7.343
2464301.500,2464531.500,2034.9254,2035.5551,230.0,15.369,3.920,3.704,6.554
2464301.500,2464541.500,2034.9254,2035.5825,240.0,11.313,3.363,3.108,6.034
2464301.500,2464551.500,2034.9254,2035.6099,250.0,9.210,3.035,2.749,5.756
2464301.500,2464561.500,2034.9254,2035.6372,260.0,8.680,2.946,2.650,5.684
2464301.500,2464571.500,2034.9254,2035.6646,270.0,9.418,3.069,2.786,5.783
2464301.500,2464581.500,2034.9254,2035.6920,280.0,11.179,3.343,3.086,6.016
2464301.500,2464591.500,2034.9254,2035.7194,290.0,13.766,3.710,3.479,6.351
2464301.500,2464601.500,2034.9254,2035.7467,300.0,17.020,4.125,3.919,6.758
2464301.500,2464611.500,2034.9254,2035.7741,310.0,20.809,4.562,4.376,7.217
2464301.500,2464621.500,2034.9254,2035.8015,320.0,25.026,5.003,4.834,7.710
2464301.500,2464631.500,2034.9254,2035.8289,330.0,29.585,5.439,5.284,8.224
2464301.500,2464641.500,2034.9254,2035.8563,340.0,34.412,5.866,5.722,8.750
2464301.500,2464651.500,2034.9254,2035.8836,350.0,39.447,6.281,6.147,9.281
2464301.500,2464661.500,2034.9254,2035.9110,360.0,44.642,6.681,6.555,9.811
2464301.500,2464671.500,2034.9254,2035.9384,370.0,49.954,7.068,6.949,10.336
2464301.500,2464681.500,2034.9254,2035.9658,380.0,55.349,7.440,7.327,10.855
2464301.500,2464691.500,2034.9254,2035.9932,390.0,60.800,7.797,7.690,11.365
2464301.500,2464701.500,2034.9254,2036.0205,400.0,66.282,8.141,8.038,11.865
2464301.500,2464711.500,2034.9254,2036.0479,410.0,71.776,8.472,8.373,12.354
2464301.500,2464721.500,2034.9254,2036.0753,420.0,77.265,8.790,8.694,12.831
2464301.500,2464731.500,2034.9254,2036.1027,430.0,82.735,9.096,9.003,13.296
2464301.500,2464741.500,2034.9254,2036.1300,440.0,88.176,9.390,9.301,13.749
2464301.500,2464751.500,2034.9254,2036.1574,450.0,93.578,9.674,9.587,14.190
2464321.500,2464401.500,2034.9802,2035.1992,80.0,1837.758,42.869,42.851,76.225
2464321.500,2464411.500,2034.9802,2035.2266,90.0,1317.358,36.295,36.274,63.362
2464321.500,2464421.500,2034.9802,2035.2539,100.0,960.572,30.993,30.968,53.068
2464321.500,2464431.500,2034.9802,2035.2813,110.0,708.723,26.622,26.592,44.667
2464321.500,2464441.500,2034.9802,2035.3087,120.0,526.897,22.954,22.919,37.708
2464321.500,2464451.500,2034.9802,2035.3361,130.0,393.325,19.832,19.792,31.879
2464321.500,2464461.500,2034.9802,2035.3634,140.0,293.904,17.144,17.097,26.958
2464321.500,2464471.500,2034.9802,2035.3908,150.0,219.199,14.805,14.751,22.785
2464321.500,2464481.500,2034.9802,2035.4182,160.0,162.722,12.756,12.692,19.239
2464321.500,2464491.500,2034.9802,2035.4456,170.0,119.908,10.950,10.876,16.231
2464321.500,2464501.500,2034.9802,2035.4730,180.0,87.477,9.353,9.265,13.693
2464321.500,2464511.500,2034.9802,2035.5003,190.0,63.030,7.939,7.835,11.572
2464321.500,2464521.500,2034.9802,2035.5277,200.0,44.787,6.692,6.569,9.827
2464321.500,2464531.500,2034.9802,2035.5551,210.0,31.405,5.604,5.455,8.426
2464321.500,2464541.500,2034.9802,2035.5825,220.0,21.862,4.676,4.496,7.343
2464321.500,2464551.500,2034.9802,2035.6099,230.0,15.369,3.920,3.704,6.554
2464321.500,2464561.500,2034.9802,2035.6372,240.0,11.313,3.363,3.108,6.034
2464321.500,2464571.500,2034.9802,2035.6646,250.0,9.210,3.035,2.749,5.756
2464321.500,2464581.500,2034.9802,2035.6920,260.0,8.680,2.946,2.650,5.684
2464321.500,2464591.500,2034.9802,2035.7194,270.0,9.418,3.069,2.786,5.783
2464321.500,2464601.500,2034.9802,2035.7467,280.0,11.179,3.343,3.086,6.016
2464321.500,2464611.500,2034.9802,2035.7741,290.0,13.766,3.710,3.479,6.351
2464321.500,2464621.500,2034.9802,2035.8015,300.0,17.020,4.126,3.919,6.758
2464321.500,2464631.500,2034.9802,2035.8289,310.0,20.809,4.562,4.376,7.217
2464321.500,2464641.500,2034.9802,2035.8563,320.0,25.027,5.003,4.834,7.710
2464321.500,2464651.500,2034.9802,2035.8836,330.0,29.585,5.439,5.284,8.224
2464321.500,2464661.500,2034.9802,2035.9110,340.0,34.412,5.866,5.722,8.750
2464321.500,2464671.500,2034.9802,2035.9384,350.0,39.447,6.281,6.147,9.281
2464321.500,2464681.500,2034.9802,2035.9658,360.0,44.642,6.681,6.555,9.811
2464321.500,2464691.500,2034.9802,2035.9932,370.0,49.954,7.068,6.949,10.336
2464321.500,2464701.500,2034.9802,2036.0205,380.0,55.350,7.440,7.327,10.855
2464321.500,2464711.500,2034.9802,2036.0479,390.0,60.800,7.797,7.690,11.365
2464321.500,2464721.500,2034.9802,2036.0753,400.0,66.282,8.141,8.038,11.865
2464321.500,2464731.500,2034.9802,2036.1027,410.0,71.776,8.472,8.373,12.354
2464321.500,2464741.500,2034.9802,2036.1300,420.0,77.265,8.790,8.694,12.831
2464321.500,2464751.500,2034.9802,2036.1574,430.0,82.735,9.096,9.003,13.296
2464321.500,2464761.500,2034.9802,2036.1848,440.0,88.176,9.390,9.301,13.749
2464321.500,2464771.500,2034.9802,2036.2122,450.0,93.578,9.674,9.587,14.190
2464341.500,2464421.500,2035.0349,2035.2539,80.0,1837.757,42.869,42.851,76.225
2464341.500,2464431.500,2035.0349,2035.2813,90.0,1317.357,36.295,36.274,63.362
2464341.500,2464441.500,2035.0349,2035.3087,100.0,960.571,30.993,30.968,53.068
2464341.500,2464451.500,2035.0349,2035.3361,110.0,708.723,26.622,26.592,44.667
2464341.500,2464461.500,2035.0349,2035.3634,120.0,526.897,22.954,22.919,37.708
2464341.500,2464471.500,2035.0349,2035.3908,130.0,393.325,19.832,19.792,31.879
2464341.500,2464481.500,2035.0349,2035.4182,140.0,293.903,17.144,17.097,26.958
2464341.500,2464491.500,2035.0349,2035.4456,150.0,219.198,14.805,14.751,22.785
2464341.500,2464501.500,2035.0349,2035.4730,160.0,162.721,12.756,12.692,19.239
2464341.500,2464511.500,2035.0349,2035.5003,170.0,119.908,10.950,10.876,16.231
2464341.500,2464521.500,2035.0349,2035.5277,180.0,87.477,9.353,9.265,13.693
2464341.500,2464531.500,2035.0349,2035.5551,190.0,63.030,7.939,7.835,11.572
2464341.500,2464541.500,2035.0349,2035.5825,200.0,44.787,6.692,6.569,9.827
2464341.500,2464551.500,2035.0349,2035.6099,210.0,31.405,5.604,5.455,8.426
2464341.500,2464561.500,2035.0349,2035.6372,220.0,21.862,4.676,4.496,7.343
2464341.500,2464571.500,2035.0349,2035.6646,230.0,15.369,3.920,3.704,6.554
2464341.500,2464581.500,2035.0349,2035.6920,240.0,11.312,3.363,3.108,6.034
2464341.500,2464591.500,2035.0349,2035.7194,250.0,9.210,3.035,2.749,5.756
2464341.500,2464601.500,2035.0349,2035.7467,260.0,8.680,2.946,2.650,5.684
2464341.500,2464611.500,2035.0349,2035.7741,270.0,9.418,3.069,2.786,5.783
2464341.500,2464621.500,2035.0349,2035.8015,280.0,11.179,3.343,3.086,6.016
2464341.500,2464631.500,2035.0349,2035.8289,290.0,13.766,3.710,3.479,6.351
2464341.500,2464641.500,2035.0349,2035.8563,300.0,17.020,4.126,3.919,6.758
2464341.500,2464651.500,2035.0349,2035.8836,310.0,20.809,4.562,4.376,7.217
2464341.500,2464661.500,2035.0349,2035.9110,320.0,25.027,5.003,4.834,7.710
2464341.500,2464671.500,2035.0349,2035.9384,330.0,29.585,5.439,5.284,8.224
2464341.500,2464681.500,2035.0349,2035.9658,340.0,34.412,5.866,5.722,8.750
2464341.500,2464691.500,2035.0349,2035.9932,350.0,39.448,6.281,6.147,9.281
2464341.500,2464701.500,2035.0349,2036.0205,360.0,44.642,6.681,6.555,9.811
2464341.500,2464711.500,2035.0349,2036.0479,370.0,49.954,7.068,6.949,10.336
2464341.500,2464721.500,2035.0349,2036.0753,380.0,55.350,7.440,7.327,10.855
2464341.500,2464731.500,2035.0349,2036.1027,390.0,60.800,7.797,7.690,11.365
2464341.500,2464741.500,2035.0349,2036.1300,400.0,66.283,8.141,8.038,11.865
2464341.500,2464751.500,2035.0349,2036.1574,410.0,71.776,8.472,8.373,12.354
2464341.500,2464761.500,2035.0349,2036.1848,420.0,77.265,8.790,8.694,12.831
2464341.500,2464771.500,2035.0349,2036.2122,430.0,82.736,9.096,9.003,13.296
2464341.500,2464781.500,2035.0349,2036.2396,440.0,88.177,9.390,9.301,13.749
2464341.500,2464791.500,2035.0349,2036.2669,450.0,93.578,9.674,9.587,14.190
2464361.500,2464441.500,2035.0897,2035.3087,80.0,1837.755,42.869,42.851,76.225
2464361.500,2464451.500,2035.0897,2035.3361,90.0,1317.356,36.295,36.274,63.362
2464361.500,2464461.500,2035.0897,2035.3634,100.0,960.570,30.993,30.968,53.068
2464361.500,2464471.500,2035.0897,2035.3908,110.0,708.722,26.622,26.592,44.667
2464361.500,2464481.500,2035.0897,2035.4182,120.0,526.896,22.954,22.919,37.708
2464361.500,2464491.500,2035.0897,2035.4456,130.0,393.324,19.832,19.792,31.879
2464361.500,2464501.500,2035.0897,2035.4730,140.0,293.903,17.144,17.096,26.958
2464361.500,2464511.500,2035.0897,2035.5003,150.0,219.198,14.805,14.751,22.785
2464361.500,2464521.500,2035.0897,2035.5277,160.0,162.721,12.756,12.692,19.239
2464361.500,2464531.500,2035.0897,2035.5551,170.0,119.907,10.950,10.876,16.231
2464361.500,2464541.500,2035.0897,2035.5825,180.0,87.476,9.353,9.265,13.693
2464361.500,2464551.500,2035.0897,2035.6099,190.0,63.030,7.939,7.835,11.572
2464361.500,2464561.500,2035.0897,2035.6372,200.0,44.787,6.692,6.569,9.827
2464361.500,2464571.500,2035.0897,2035.6646,210.0,31.405,5.604,5.455,8.426
2464361.500,2464581.500,2035.0897,2035.6920,220.0,21.862,4.676,4.496,7.343
2464361.500,2464591.500,2035.0897,2035.7194,230.0,15.369,3.920,3.704,6.554
2464361.500,2464601.500,2035.0897,2035.7467,240.0,11.312,3.363,3.108,6.034
2464361.500,2464611.500,2035.0897,2035.7741,250.0,9.210,3.035,2.749,5.756
2464361.500,2464621.500,2035.0897,2035.8015,260.0,8.680,2.946,2.650,5.684
2464361.500,2464631.500,2035.0897,2035.8289,270.0,9.418,3.069,2.786,5.783
2464361.500,2464641.500,2035.0897,2035.8563,280.0,11.179,3.343,3.086,6.016
2464361.500,2464651.500,2035.0897,2035.8836,290.0,13.766,3.710,3.479,6.351
2464361.500,2464661.500,2035.0897,2035.9110,300.0,17.020,4.126,3.919,6.758
2464361.500,2464671.500,2035.0897,2035.9384,310.0,20.809,4.562,4.376,7.217
2464361.500,2464681.500,2035.0897,2035.9658,320.0,25.027,5.003,4.834,7.710
2464361.500,2464691.500,2035.0897,2035.9932,330.0,29.585,5.439,5.284,8.224
2464361.500,2464701.500,2035.0897,2036.0205,340.0,34.412,5.866,5.722,8.750
2464361.500,2464711.500,2035.0897,2036.0479,350.0,39.448,6.281,6.147,9.281
2464361.500,2464721.500,2035.0897,2036.0753,360.0,44.642,6.681,6.555,9.811
2464361.500,2464731.500,2035.0897,2036.1027,370.0,49.954,7.068,6.949,10.336
2464361.500,2464741.500,2035.0897,2036.1300,380.0,55.350,7.440,7.327,10.855
2464361.500,2464751.500,2035.0897,2036.1574,390.0,60.801,7.797,7.690,11.365
2464361.500,2464761.500,2035.0897,2036.1848,400.0,66.283,8.141,8.038,11.865
2464361.500,2464771.500,2035.0897,2036.2122,410.0,71.776,8.472,8.373,12.354
2464361.500,2464781.500,2035.0897,2036.2396,420.0,77.265,8.790,8.694,12.831
2464361.500,2464791.500,2035.0897,2036.2669,430.0,82.736,9.096,9.003,13.296
2464361.500,2464801.500,2035.0897,2036.2943,440.0,88.177,9.390,9.301,13.749
2464361.500,2464811.500,2035.0897,2036.3217,450.0,93.579,9.674,9.587,14.190
2464381.500,2464461.500,2035.1444,2035.3634,80.0,1837.754,42.869,42.851,76.225
2464381.500,2464471.500,2035.1444,2035.3908,90.0,1317.355,36.295,36.274,63.362
2464381.500,2464481.500,2035.1444,2035.4182,100.0,960.569,30.993,30.968,53.068
2464381.500,2464491.500,2035.1444,2035.4456,110.0,708.721,26.622,26.592,44.667
2464381.500,2464501.500,2035.1444,2035.4730,120.0,526.895,22.954,22.919,37.708
2464381.500,2464511.500,2035.1444,2035.5003,130.0,393.323,19.832,19.792,31.879
2464381.500,2464521.500,2035.1444,2035.5277,140.0,293.902,17.144,17.096,26.958
2464381.500,2464531.500,2035.1444,2035.5551,150.0,219.197,14.805,14.751,22.785
2464381.500,2464541.500,2035.1444,2035.5825,160.0,162.721,12.756,12.692,19.239
2464381.500,2464551.500,2035.1444,2035.6099,170.0,119.907,10.950,10.876,16.231
2464381.500,2464561.500,2035.1444,2035.6372,180.0,87.476,9.353,9.265,13.693
2464381.500,2464571.500,2035.1444,2035.6646,190.0,63.030,7.939,7.835,11.572
2464381.500,2464581.500,2035.1444,2035.6920,200.0,44.786,6.692,6.569,9.827
2464381.500,2464591.500,2035.1444,2035.7194,210.0,31.405,5.604,5.455,8.426
2464381.500,2464601.500,2035.1444,2035.7467,220.0,21.862,4.676,4.496,7.343
2464381.500,2464611.500,2035.1444,2035.7741,230.0,15.369,3.920,3.704,6.554
2464381.500,2464621.500,2035.1444,2035.8015,240.0,11.312,3.363,3.108,6.034
2464381.500,2464631.500,2035.1444,2035.8289,250.0,9.210,3.035,2.749,5.756
2464381.500,2464641.500,2035.1444,2035.8563,260.0,8.680,2.946,2.650,5.684
2464381.500,2464651.500,2035.1444,2035.8836,270.0,9.418,3.069,2.786,5.783
2464381.500,2464661.500,2035.1444,2035.9110,280.0,11.179,3.344,3.086,6.016
2464381.500,2464671.500,2035.1444,2035.9384,290.0,13.767,3.710,3.479,6.351
2464381.500,2464681.500,2035.1444,2035.9658,300.0,17.020,4.126,3.919,6.758
2464381.500,2464691.500,2035.1444,2035.9932,310.0,20.809,4.562,4.376,7.217
2464381.500,2464701.500,2035.1444,2036.0205,320.0,25.027,5.003,4.834,7.710
2464381.500,2464711.500,2035.1444,2036.0479,330.0,29.586,5.439,5.284,8.224
2464381.500,2464721.500,2035.1444,2036.0753,340.0,34.413,5.866,5.722,8.750
2464381.500,2464731.500,2035.1444,2036.1027,350.0,39.448,6.281,6.147,9.281
2464381.500,2464741.500,2035.1444,2036.1300,360.0,44.642,6.682,6.555,9.811
2464381.500,2464751.500,2035.1444,2036.1574,370.0,49.955,7.068,6.949,10.337
2464381.500,2464761.500,2035.1444,2036.1848,380.0,55.350,7.440,7.327,10.855
2464381.500,2464771.500,2035.1444,2036.2122,390.0,60.801,7.797,7.690,11.365
2464381.500,2464781.500,2035.1444,2036.2396,400.0,66.283,8.141,8.038,11.865
2464381.500,2464791.500,2035.1444,2036.2669,410.0,71.777,8.472,8.373,12.354
2464381.500,2464801.500,2035.1444,2036.2943,420.0,77.266,8.790,8.694,12.831
2464381.500,2464811.500,2035.1444,2036.3217,430.0,82.736,9.096,9.003,13.296
2464381.500,2464821.500,2035.1444,2036.3491,440.0,88.177,9.390,9.301,13.749
2464381.500,2464831.500,2035.1444,2036.3765,450.0,93.579,9.674,9.587,14.190
2464401.500,2464481.500,2035.1992,2035.4182,80.0,1837.752,42.869,42.851,76.225
2464401.500,2464491.500,2035.1992,2035.4456,90.0,1317.353,36.295,36.274,63.362
2464401.500,2464501.500,2035.1992,2035.4730,100.0,960.568,30.993,30.968,53.068
2464401.500,2464511.500,2035.1992,2035.5003,110.0,708.720,26.622,26.592,44.667
2464401.500,2464521.500,2035.1992,2035.5277,120.0,526.894,22.954,22.919,37.708
2464401.500,2464531.500,2035.1992,2035.5551,130.0,393.323,19.832,19.792,31.879
2464401.500,2464541.500,2035.1992,2035.5825,140.0,293.902,17.144,17.096,26.958
2464401.500,2464551.500,2035.1992,2035.6099,150.0,219.197,14.805,14.751,22.784
2464401.500,2464561.500,2035.1992,2035.6372,160.0,162.720,12.756,12.692,19.239
2464401.500,2464571.500,2035.1992,2035.6646,170.0,119.907,10.950,10.876,16.231
2464401.500,2464581.500,2035.1992,2035.6920,180.0,87.476,9.353,9.265,13.693
2464401.500,2464591.500,2035.1992,2035.7194,190.0,63.029,7.939,7.835,11.572
2464401.500,2464601.500,2035.1992,2035.7467,200.0,44.786,6.692,6.569,9.827
2464401.500,2464611.500,2035.1992,2035.7741,210.0,31.405,5.604,5.455,8.426
2464401.500,2464621.500,2035.1992,2035.8015,220.0,21.862,4.676,4.496,7.343
2464401.500,2464631.500,2035.1992,2035.8289,230.0,15.369,3.920,3.704,6.554
2464401.500,2464641.500,2035.1992,2035.8563,240.0,11.312,3.363,3.108,6.034
2464401.500,2464651.500,2035.1992,2035.8836,250.0,9.210,3.035,2.749,5.756
2464401.500,2464661.500,2035.1992,2035.9110,260.0,8.680,2.946,2.651,5.684
2464401.500,2464671.500,2035.1992,2035.9384,270.0,9.418,3.069,2.786,5.783
2464401.500,2464681.500,2035.1992,2035.9658,280.0,11.179,3.344,3.086,6.016
2464401.500,2464691.500,2035.1992,2035.9932,290.0,13.767,3.710,3.479,6.351
2464401.500,2464701.500,2035.1992,2036.0205,300.0,17.020,4.126,3.919,6.758
2464401.500,2464711.500,2035.1992,2036.0479,310.0,20.809,4.562,4.376,7.217
2464401.500,2464721.500,2035.1992,2036.0753,320.0,25.027,5.003,4.834,7.710
2464401.500,2464731.500,2035.1992,2036.1027,330.0,29.586,5.439,5.284,8.224
2464401.500,2464741.500,2035.1992,2036.1300,340.0,34.413,5.866,5.722,8.750
2464401.500,2464751.500,2035.1992,2036.1574,350.0,39.448,6.281,6.147,9.281
2464401.500,2464761.500,2035.1992,2036.1848,360.0,44.643,6.682,6.555,9.811
2464401.500,2464771.500,2035.1992,2036.2122,370.0,49.955,7.068,6.949,10.337
2464401.500,2464781.500,2035.1992,2036.2396,380.0,55.350,7.440,7.327,10.855
2464401.500,2464791.500,2035.1992,2036.2669,390.0,60.801,7.798,7.690,11.365
2464401.500,2464801.500,2035.1992,2036.2943,400.0,66.283,8.141,8.038,11.865
2464401.500,2464811.500,2035.1992,2036.3217,410.0,71.777,8.472,8.373,12.354
2464401.500,2464821.500,2035.1992,2036.3491,420.0,77.266,8.790,8.694,12.831
2464401.500,2464831.500,2035.1992,2036.3765,430.0,82.736,9.096,9.003,13.296
2464401.500,2464841.500,2035.1992,2036.4038,440.0,88.177,9.390,9.301,13.749
2464401.500,2464851.500,2035.1992,2036.4312,450.0,93.579,9.674,9.587,14.190
2464421.500,2464501.500,2035.2539,2035.4730,80.0,1837.751,42.869,42.851,76.225
2464421.500,2464511.500,2035.2539,2035.5003,90.0,1317.352,36.295,36.274,63.362
2464421.500,2464521.500,2035.2539,2035.5277,100.0,960.567,30.993,30.968,53.068
2464421.500,2464531.500,2035.2539,2035.5551,110.0,708.719,26.622,26.592,44.667
2464421.500,2464541.500,2035.2539,2035.5825,120.0,526.894,22.954,22.919,37.708
2464421.500,2464551.500,2035.2539,2035.6099,130.0,393.322,19.832,19.792,31.879
2464421.500,2464561.500,2035.2539,2035.6372,140.0,293.901,17.144,17.096,26.958
2464421.500,2464571.500,2035.2539,2035.6646,150.0,219.196,14.805,14.751,22.784
2464421.500,2464581.500,2035.2539,2035.6920,160.0,162.720,12.756,12.692,19.239
2464421.500,2464591.500,2035.2539,2035.7194,170.0,119.906,10.950,10.876,16.231
2464421.500,2464601.500,2035.2539,2035.7467,180.0,87.475,9.353,9.265,13.693
2464421.500,2464611.500,2035.2539,2035.7741,190.0,63.029,7.939,7.835,11.572
2464421.500,2464621.500,2035.2539,2035.8015,200.0,44.786,6.692,6.569,9.827
2464421.500,2464631.500,2035.2539,2035.8289,210.0,31.404,5.604,5.455,8.426
2464421.500,2464641.500,2035.2539,2035.8563,220.0,21.861,4.676,4.496,7.343
2464421.500,2464651.500,2035.2539,2035.8836,230.0,15.369,3.920,3.704,6.554
2464421.500,2464661.500,2035.2539,2035.9110,240.0,11.312,3.363,3.108,6.034
2464421.500,2464671.500,2035.2539,2035.9384,250.0,9.210,3.035,2.749,5.756
2464421.500,2464681.500,2035.2539,2035.9658,260.0,8.680,2.946,2.651,5.684
2464421.500,2464691.500,2035.2539,2035.9932,270.0,9.418,3.069,2.786,5.783
2464421.500,2464701.500,2035.2539,2036.0205,280.0,11.179,3.344,3.086,6.016
2464421.500,2464711.500,2035.2539,2036.0479,290.0,13.767,3.710,3.479,6.351
2464421.500,2464721.500,2035.2539,2036.0753,300.0,17.020,4.126,3.919,6.758
2464421.500,2464731.500,2035.2539,2036.1027,310.0,20.809,4.562,4.376,7.217
2464421.500,2464741.500,2035.2539,2036.1300,320.0,25.027,5.003,4.834,7.710
2464421.500,2464751.500,2035.2539,2036.1574,330.0,29.586,5.439,5.284,8.224
2464421.500,2464761.500,2035.2539,2036.1848,340.0,34.413,5.866,5.722,8.750
2464421.500,2464771.500,2035.2539,2036.2122,350.0,39.448,6.281,6.147,9.281
2464421.500,2464781.500,2035.2539,2036.2396,360.0,44.643,6.682,6.555,9.811
2464421.500,2464791.500,2035.2539,2036.2669,370.0,49.955,7.068,6.949,10.337
2464421.500,2464801.500,2035.2539,2036.2943,380.0,55.351,7.440,7.327,10.855
2464421.500,2464811.500,2035.2539,2036.3217,390.0,60.801,7.798,7.690,11.365
2464421.500,2464821.500,2035.2539,2036.3491,400.0,66.284,8.141,8.038,11.865
2464421.500,2464831.500,2035.2539,2036.3765,410.0,71.777,8.472,8.373,12.354
2464421.500,2464841.500,2035.2539,2036.4038,420.0,77.266,8.790,8.694,12.831
2464421.500,2464851.500,2035.2539,2036.4312,430.0,82.737,9.096,9.003,13.296
2464421.500,2464861.500,2035.2539,2036.4586,440.0,88.178,9.390,9.301,13.749
2464421.500,2464871.500,2035.2539,2036.4860,450.0,93.580,9.674,9.587,14.190
2464441.500,2464521.500,2035.3087,2035.5277,80.0,1837.749,42.869,42.851,76.225
2464441.500,2464531.500,2035.3087,2035.5551,90.0,1317.351,36.295,36.274,63.362
2464441.500,2464541.500,2035.3087,2035.5825,100.0,960.566,30.993,30.968,53.068
2464441.500,2464551.500,2035.3087,2035.6099,110.0,708.718,26.622,26.592,44.667
2464441.500,2464561.500,2035.3087,2035.6372,120.0,526.893,22.954,22.919,37.708
2464441.500,2464571.500,2035.3087,2035.6646,130.0,393.321,19.832,19.792,31.879
2464441.500,2464581.500,2035.3087,2035.6920,140.0,293.900,17.144,17.096,26.958
2464441.500,2464591.500,2035.3087,2035.7194,150.0,219.196,14.805,14.751,22.784
2464441.500,2464601.500,2035.3087,2035.7467,160.0,162.719,12.756,12.692,19.239
2464441.500,2464611.500,2035.3087,2035.7741,170.0,119.906,10.950,10.876,16.231
2464441.500,2464621.500,2035.3087,2035.8015,180.0,87.475,9.353,9.265,13.693
2464441.500,2464631.500,2035.3087,2035.8289,190.0,63.029,7.939,7.835,11.572
2464441.500,2464641.500,2035.3087,2035.8563,200.0,44.786,6.692,6.569,9.827
2464441.500,2464651.500,2035.3087,2035.8836,210.0,31.404,5.604,5.455,8.426
2464441.500,2464661.500,2035.3087,2035.9110,220.0,21.861,4.676,4.496,7.343
2464441.500,2464671.500,2035.3087,2035.9384,230.0,15.369,3.920,3.704,6.554
2464441.500,2464681.500,2035.3087,2035.9658,240.0,11.312,3.363,3.108,6.034
2464441.500,2464691.500,2035.3087,2035.9932,250.0,9.210,3.035,2.749,5.756
2464441.500,2464701.500,2035.3087,2036.0205,260.0,8.680,2.946,2.651,5.684
2464441.500,2464711.500,2035.3087,2036.0479,270.0,9.418,3.069,2.786,5.783
2464441.500,2464721.500,2035.3087,2036.0753,280.0,11.179,3.344,3.086,6.016
2464441.500,2464731.500,2035.3087,2036.1027,290.0,13.767,3.710,3.479,6.351
2464441.500,2464741.500,2035.3087,2036.1300,300.0,17.020,4.126,3.919,6.758
2464441.500,2464751.500,2035.3087,2036.1574,310.0,20.810,4.562,4.376,7.217
2464441.500,2464761.500,2035.3087,2036.1848,320.0,25.027,5.003,4.834,7.710
2464441.500,2464771.500,2035.3087,2036.2122,330.0,29.586,5.439,5.284,8.224
2464441.500,2464781.500,2035.3087,2036.2396,340.0,34.413,5.866,5.722,8.750
2464441.500,2464791.500,2035.3087,2036.2669,350.0,39.449,6.281,6.147,9.281
2464441.500,2464801.500,2035.3087,2036.2943,360.0,44.643,6.682,6.555,9.811
2464441.500,2464811.500,2035.3087,2036.3217,370.0,49.955,7.068,6.949,10.337
2464441.500,2464821.500,2035.3087,2036.3491,380.0,55.351,7.440,7.327,10.855
2464441.500,2464831.500,2035.3087,2036.3765,390.0,60.802,7.798,7.690,11.365
2464441.500,2464841.500,2035.3087,2036.4038,400.0,66.284,8.141,8.038,11.865
2464441.500,2464851.500,2035.3087,2036.4312,410.0,71.778,8.472,8.373,12.354
2464441.500,2464861.500,2035.3087,2036.4586,420.0,77.266,8.790,8.694,12.831
2464441.500,2464871.500,2035.3087,2036.4860,430.0,82.737,9.096,9.003,13.296
2464441.500,2464881.500,2035.3087,2036.5133,440.0,88.178,9.390,9.301,13.749
2464441.500,2464891.500,2035.3087,2036.5407,450.0,93.580,9.674,9.587,14.190
2464461.500,2464541.500,2035.3634,2035.5825,80.0,1837.748,42.869,42.851,76.225
2464461.500,2464551.500,2035.3634,2035.6099,90.0,1317.350,36.295,36.274,63.361
2464461.500,2464561.500,2035.3634,2035.6372,100.0,960.565,30.993,30.968,53.068
2464461.500,2464571.500,2035.3634,2035.6646,110.0,708.717,26.622,26.592,44.667
2464461.500,2464581.500,2035.3634,2035.6920,120.0,526.892,22.954,22.919,37.708
2464461.500,2464591.500,2035.3634,2035.7194,130.0,393.321,19.832,19.792,31.879
2464461.500,2464601.500,2035.3634,2035.7467,140.0,293.900,17.144,17.096,26.958
2464461.500,2464611.500,2035.3634,2035.7741,150.0,219.195,14.805,14.751,22.784
2464461.500,2464621.500,2035.3634,2035.8015,160.0,162.719,12.756,12.692,19.239
2464461.500,2464631.500,2035.3634,2035.8289,170.0,119.906,10.950,10.876,16.231
2464461.500,2464641.500,2035.3634,2035.8563,180.0,87.475,9.353,9.265,13.693
2464461.500,2464651.500,2035.3634,2035.8836,190.0,63.029,7.939,7.835,11.572
2464461.500,2464661.500,2035.3634,2035.9110,200.0,44.786,6.692,6.569,9.827
2464461.500,2464671.500,2035.3634,2035.9384,210.0,31.404,5.604,5.455,8.426
2464461.500,2464681.500,2035.3634,2035.9658,220.0,21.861,4.676,4.496,7.343
2464461.500,2464691.500,2035.3634,2035.9932,230.0,15.369,3.920,3.704,6.554
2464461.500,2464701.500,2035.3634,2036.0205,240.0,11.312,3.363,3.108,6.034
2464461.500,2464711.500,2035.3634,2036.0479,250.0,9.210,3.035,2.749,5.756
2464461.500,2464721.500,2035.3634,2036.0753,260.0,8.680,2.946,2.651,5.684
2464461.500,2464731.500,2035.3634,2036.1027,270.0,9.418,3.069,2.786,5.783
2464461.500,2464741.500,2035.3634,2036.1300,280.0,11.179,3.344,3.086,6.016
2464461.500,2464751.500,2035.3634,2036.1574,290.0,13.767,3.710,3.479,6.351
2464461.500,2464761.500,2035.3634,2036.1848,300.0,17.020,4.126,3.919,6.758
2464461.500,2464771.500,2035.3634,2036.2122,310.0,20.810,4.562,4.376,7.217
2464461.500,2464781.500,2035.3634,2036.2396,320.0,25.028,5.003,4.834,7.710
2464461.500,2464791.500,2035.3634,2036.2669,330.0,29.586,5.439,5.284,8.224
2464461.500,2464801.500,2035.3634,2036.2943,340.0,34.413,5.866,5.722,8.750
2464461.500,2464811.500,2035.3634,2036.3217,350.0,39.449,6.281,6.147,9.281
2464461.500,2464821.500,2035.3634,2036.3491,360.0,44.643,6.682,6.555,9.811
2464461.500,2464831.500,2035.3634,2036.3765,370.0,49.955,7.068,6.949,10.337
2464461.500,2464841.500,2035.3634,2036.4038,380.0,55.351,7.440,7.327,10.855
2464461.500,2464851.500,2035.3634,2036.4312,390.0,60.802,7.798,7.690,11.365
2464461.500,2464861.500,2035.3634,2036.4586,400.0,66.284,8.142,8.038,11.865
2464461.500,2464871.500,2035.3634,2036.4860,410.0,71.778,8.472,8.373,12.354
2464461.500,2464881.500,2035.3634,2036.5133,420.0,77.267,8.790,8.694,12.831
2464461.500,2464891.500,2035.3634,2036.5407,430.0,82.737,9.096,9.003,13.296
2464461.500,2464901.500,2035.3634,2036.5681,440.0,88.178,9.390,9.301,13.749
2464461.500,2464911.500,2035.3634,2036.5955,450.0,93.580,9.674,9.587,14.190
2464481.500,2464561.500,2035.4182,2035.6372,80.0,1837.747,42.869,42.851,76.225
2464481.500,2464571.500,2035.4182,2035.6646,90.0,1317.348,36.295,36.274,63.361
2464481.500,2464581.500,2035.4182,2035.6920,100.0,960.563,30.993,30.968,53.068
2464481.500,2464591.500,2035.4182,2035.7194,110.0,708.716,26.622,26.592,44.667
2464481.500,2464601.500,2035.4182,2035.7467,120.0,526.891,22.954,22.919,37.708
2464481.500,2464611.500,2035.4182,2035.7741,130.0,393.320,19.832,19.792,31.879
2464481.500,2464621.500,2035.4182,2035.8015,140.0,293.899,17.143,17.096,26.958
2464481.500,2464631.500,2035.4182,2035.8289,150.0,219.195,14.805,14.751,22.784
2464481.500,2464641.500,2035.4182,2035.8563,160.0,162.719,12.756,12.692,19.239
2464481.500,2464651.500,2035.4182,2035.8836,170.0,119.905,10.950,10.876,16.231
2464481.500,2464661.500,2035.4182,2035.9110,180.0,87.475,9.353,9.265,13.693
2464481.500,2464671.500,2035.4182,2035.9384,190.0,63.028,7.939,7.835,11.572
2464481.500,2464681.500,2035.4182,2035.9658,200.0,44.785,6.692,6.569,9.827
2464481.500,2464691.500,2035.4182,2035.9932,210.0,31.404,5.604,5.455,8.426
2464481.500,2464701.500,2035.4182,2036.0205,220.0,21.861,4.676,4.496,7.343
2464481.500,2464711.500,2035.4182,2036.0479,230.0,15.368,3.920,3.704,6.554
2464481.500,2464721.500,2035.4182,2036.0753,240.0,11.312,3.363,3.108,6.034
2464481.500,2464731.500,2035.4182,2036.1027,250.0,9.210,3.035,2.749,5.756
2464481.500,2464741.500,2035.4182,2036.1300,260.0,8.680,2.946,2.651,5.684
2464481.500,2464751.500,2035.4182,2036.1574,270.0,9.418,3.069,2.786,5.783
2464481.500,2464761.500,2035.4182,2036.1848,280.0,11.179,3.344,3.086,6.016
2464481.500,2464771.500,2035.4182,2036.2122,290.0,13.767,3.710,3.479,6.351
2464481.500,2464781.500,2035.4182,2036.2396,300.0,17.021,4.126,3.919,6.758
2464481.500,2464791.500,2035.4182,2036.2669,310.0,20.810,4.562,4.376,7.217
2464481.500,2464801.500,2035.4182,2036.2943,320.0,25.028,5.003,4.834,7.710
2464481.500,2464811.500,2035.4182,2036.3217,330.0,29.586,5.439,5.284,8.224
2464481.500,2464821.500,2035.4182,2036.3491,340.0,34.413,5.866,5.722,8.750
2464481.500,2464831.500,2035.4182,2036.3765,350.0,39.449,6.281,6.147,9.281
2464481.500,2464841.500,2035.4182,2036.4038,360.0,44.643,6.682,6.556,9.811
2464481.500,2464851.500,2035.4182,2036.4312,370.0,49.956,7.068,6.949,10.337
2464481.500,2464861.500,2035.4182,2036.4586,380.0,55.351,7.440,7.327,10.855
2464481.500,2464871.500,2035.4182,2036.4860,390.0,60.802,7.798,7.690,11.365
2464481.500,2464881.500,2035.4182,2036.5133,400.0,66.284,8.142,8.038,11.865
2464481.500,2464891.500,2035.4182,2036.5407,410.0,71.778,8.472,8.373,12.354
2464481.500,2464901.500,2035.4182,2036.5681,420.0,77.267,8.790,8.694,12.831
2464481.500,2464911.500,2035.4182,2036.5955,430.0,82.738,9.096,9.004,13.296
2464481.500,2464921.500,2035.4182,2036.6229,440.0,88.179,9.390,9.301,13.749
2464481.500,2464931.500,2035.4182,2036.6502,450.0,93.581,9.674,9.587,14.190
2464501.500,2464581.500,2035.4730,2035.6920,80.0,1837.745,42.869,42.851,76.225
2464501.500,2464591.500,2035.4730,2035.7194,90.0,1317.347,36.295,36.274,63.361
2464501.500,2464601.500,2035.4730,2035.7467,100.0,960.562,30.993,30.968,53.068
2464501.500,2464611.500,2035.4730,2035.7741,110.0,708.715,26.622,26.592,44.667
2464501.500,2464621.500,2035.4730,2035.8015,120.0,526.891,22.954,22.919,37.708
2464501.500,2464631.500,2035.4730,2035.8289,130.0,393.319,19.832,19.792,31.879
2464501.500,2464641.500,2035.4730,2035.8563,140.0,293.899,17.143,17.096,26.958
2464501.500,2464651.500,2035.4730,2035.8836,150.0,219.194,14.805,14.750,22.784
2464501.500,2464661.500,2035.4730,2035.9110,160.0,162.718,12.756,12.692,19.239
2464501.500,2464671.500,2035.4730,2035.9384,170.0,119.905,10.950,10.876,16.231
2464501.500,2464681.500,2035.4730,2035.9658,180.0,87.474,9.353,9.265,13.693
2464501.500,2464691.500,2035.4730,2035.9932,190.0,63.028,7.939,7.835,11.572
2464501.500,2464701.500,2035.4730,2036.0205,200.0,44.785,6.692,6.569,9.827
2464501.500,2464711.500,2035.4730,2036.0479,210.0,31.404,5.604,5.455,8.426
2464501.500,2464721.500,2035.4730,2036.0753,220.0,21.861,4.676,4.496,7.343
2464501.500,2464731.500,2035.4730,2036.1027,230.0,15.368,3.920,3.704,6.554
2464501.500,2464741.500,2035.4730,2036.1300,240.0,11.312,3.363,3.108,6.034
2464501.500,2464751.500,2035.4730,2036.1574,250.0,9.210,3.035,2.749,5.756
2464501.500,2464761.500,2035.4730,2036.1848,260.0,8.680,2.946,2.651,5.684
2464501.500,2464771.500,2035.4730,2036.2122,270.0,9.418,3.069,2.786,5.783
2464501.500,2464781.500,2035.4730,2036.2396,280.0,11.179,3.344,3.086,6.016
2464501.500,2464791.500,2035.4730,2036.2669,290.0,13.767,3.710,3.479,6.351
2464501.500,2464801.500,2035.4730,2036.2943,300.0,17.021,4.126,3.919,6.758
2464501.500,2464811.500,2035.4730,2036.3217,310.0,20.810,4.562,4.376,7.217
2464501.500,2464821.500,2035.4730,2036.3491,320.0,25.028,5.003,4.834,7.710
2464501.500,2464831.500,2035.4730,2036.3765,330.0,29.587,5.439,5.284,8.224
2464501.500,2464841.500,2035.4730,2036.4038,340.0,34.414,5.866,5.722,8.750
2464501.500,2464851.500,2035.4730,2036.4312,350.0,39.449,6.281,6.147,9.281
2464501.500,2464861.500,2035.4730,2036.4586,360.0,44.644,6.682,6.556,9.811
2464501.500,2464871.500,2035.4730,2036.4860,370.0,49.956,7.068,6.949,10.337
2464501.500,2464881.500,2035.4730,2036.5133,380.0,55.352,7.440,7.327,10.855
2464501.500,2464891.500,2035.4730,2036.5407,390.0,60.802,7.798,7.690,11.365
2464501.500,2464901.500,2035.4730,2036.5681,400.0,66.285,8.142,8.038,11.865
2464501.500,2464911.500,2035.4730,2036.5955,410.0,71.778,8.472,8.373,12.354
2464501.500,2464921.500,2035.4730,2036.6229,420.0,77.267,8.790,8.694,12.831
2464501.500,2464931.500,2035.4730,2036.6502,430.0,82.738,9.096,9.004,13.296
2464501.500,2464941.500,2035.4730,2036.6776,440.0,88.179,9.390,9.301,13.749
2464501.500,2464951.500,2035.4730,2036.7050,450.0,93.581,9.674,9.587,14.190
2464521.500,2464601.500,2035.5277,2035.7467,80.0,1837.744,42.869,42.851,76.225
2464521.500,2464611.500,2035.5277,2035.7741,90.0,1317.346,36.295,36.274,63.361
2464521.500,2464621.500,2035.5277,2035.8015,100.0,960.561,30.993,30.968,53.068
2464521.500,2464631.500,2035.5277,2035.8289,110.0,708.715,26.622,26.592,44.667
2464521.500,2464641.500,2035.5277,2035.8563,120.0,526.890,22.954,22.919,37.708
2464521.500,2464651.500,2035.5277,2035.8836,130.0,393.319,19.832,19.792,31.879
2464521.500,2464661.500,2035.5277,2035.9110,140.0,293.898,17.143,17.096,26.958
2464521.500,2464671.500,2035.5277,2035.9384,150.0,219.194,14.805,14.750,22.784
2464521.500,2464681.500,2035.5277,2035.9658,160.0,162.718,12.756,12.692,19.239
2464521.500,2464691.500,2035.5277,2035.9932,170.0,119.904,10.950,10.876,16.231
2464521.500,2464701.500,2035.5277,2036.0205,180.0,87.474,9.353,9.265,13.693
2464521.500,2464711.500,2035.5277,2036.0479,190.0,63.028,7.939,7.835,11.572
2464521.500,2464721.500,2035.5277,2036.0753,200.0,44.785,6.692,6.569,9.827
2464521.500,2464731.500,2035.5277,2036.1027,210.0,31.404,5.604,5.455,8.426
2464521.500,2464741.500,2035.5277,2036.1300,220.0,21.861,4.676,4.496,7.343
2464521.500,2464751.500,2035.5277,2036.1574,230.0,15.368,3.920,3.704,6.554
2464521.500,2464761.500,2035.5277,2036.1848,240.0,11.312,3.363,3.108,6.034
2464521.500,2464771.500,2035.5277,2036.2122,250.0,9.210,3.035,2.749,5.756
2464521.500,2464781.500,2035.5277,2036.2396,260.0,8.680,2.946,2.651,5.684
2464521.500,2464791.500,2035.5277,2036.2669,270.0,9.418,3.069,2.786,5.783
2464521.500,2464801.500,2035.5277,2036.2943,280.0,11.179,3.344,3.086,6.016
2464521.500,2464811.500,2035.5277,2036.3217,290.0,13.767,3.710,3.479,6.351
2464521.500,2464821.500,2035.5277,2036.3491,300.0,17.021,4.126,3.919,6.758
2464521.500,2464831.500,2035.5277,2036.3765,310.0,20.810,4.562,4.376,7.217
2464521.500,2464841.500,2035.5277,2036.4038,320.0,25.028,5.003,4.834,7.710
2464521.500,2464851.500,2035.5277,2036.4312,330.0,29.587,5.439,5.284,8.224
2464521.500,2464861.500,2035.5277,2036.4586,340.0,34.414,5.866,5.722,8.750
2464521.500,2464871.500,2035.5277,2036.4860,350.0,39.449,6.281,6.147,9.281
2464521.500,2464881.500,2035.5277,2036.5133,360.0,44.644,6.682,6.556,9.811
2464521.500,2464891.500,2035.5277,2036.5407,370.0,49.956,7.068,6.949,10.337
2464521.500,2464901.500,2035.5277,2036.5681,380.0,55.352,7.440,7.327,10.855
2464521.500,2464911.500,2035.5277,2036.5955,390.0,60.803,7.798,7.690,11.365
2464521.500,2464921.500,2035.5277,2036.6229,400.0,66.285,8.142,8.038,11.865
2464521.500,2464931.500,2035.5277,2036.6502,410.0,71.779,8.472,8.373,12.354
2464521.500,2464941.500,2035.5277,2036.6776,420.0,77.268,8.790,8.694,12.831
2464521.500,2464951.500,2035.5277,2036.7050,430.0,82.738,9.096,9.004,13.296
2464521.500,2464961.500,2035.5277,2036.7324,440.0,88.179,9.390,9.301,13.749
2464521.500,2464971.500,2035.5277,2036.7598,450.0,93.581,9.674,9.587,14.190
2464541.500,2464621.500,2035.5825,2035.8015,80.0,1837.742,42.869,42.851,76.225
2464541.500,2464631.500,2035.5825,2035.8289,90.0,1317.345,36.295,36.274,63.361
2464541.500,2464641.500,2035.5825,2035.8563,100.0,960.560,30.993,30.968,53.068
2464541.500,2464651.500,2035.5825,2035.8836,110.0,708.714,26.622,26.592,44.667
2464541.500,2464661.500,2035.5825,2035.9110,120.0,526.889,22.954,22.919,37.708
2464541.500,2464671.500,2035.5825,2035.9384,130.0,393.318,19.832,19.792,31.879
2464541.500,2464681.500,2035.5825,2035.9658,140.0,293.898,17.143,17.096,26.958
2464541.500,2464691.500,2035.5825,2035.9932,150.0,219.193,14.805,14.750,22.784
2464541.500,2464701.500,2035.5825,2036.0205,160.0,162.717,12.756,12.692,19.239
2464541.500,2464711.500,2035.5825,2036.0479,170.0,119.904,10.950,10.876,16.231
2464541.500,2464721.500,2035.5825,2036.0753,180.0,87.474,9.353,9.265,13.693
2464541.500,2464731.500,2035.5825,2036.1027,190.0,63.028,7.939,7.835,11.572
2464541.500,2464741.500,2035.5825,2036.1300,200.0,44.785,6.692,6.569,9.827
2464541.500,2464751.500,2035.5825,2036.1574,210.0,31.403,5.604,5.455,8.426
2464541.500,2464761.500,2035.5825,2036.1848,220.0,21.861,4.676,4.496,7.343
2464541.500,2464771.500,2035.5825,2036.2122,230.0,15.368,3.920,3.704,6.554
2464541.500,2464781.500,2035.5825,2036.2396,240.0,11.312,3.363,3.108,6.034
2464541.500,2464791.500,2035.5825,2036.2669,250.0,9.210,3.035,2.749,5.756
2464541.500,2464801.500,2035.5825,2036.2943,260.0,8.680,2.946,2.651,5.684
2464541.500,2464811.500,2035.5825,2036.3217,270.0,9.418,3.069,2.786,5.783
2464541.500,2464821.500,2035.5825,2036.3491,280.0,11.179,3.344,3.086,6.016
2464541.500,2464831.500,2035.5825,2036.3765,290.0,13.767,3.710,3.480,6.351
2464541.500,2464841.500,2035.5825,2036.4038,300.0,17.021,4.126,3.919,6.758
2464541.500,2464851.500,2035.5825,2036.4312,310.0,20.810,4.562,4.376,7.217
2464541.500,2464861.500,2035.5825,2036.4586,320.0,25.028,5.003,4.834,7.710
2464541.500,2464871.500,2035.5825,2036.4860,330.0,29.587,5.439,5.284,8.224
2464541.500,2464881.500,2035.5825,2036.5133,340.0,34.414,5.866,5.722,8.750
2464541.500,2464891.500,2035.5825,2036.5407,350.0,39.450,6.281,6.147,9.281
2464541.500,2464901.500,2035.5825,2036.5681,360.0,44.644,6.682,6.556,9.811
2464541.500,2464911.500,2035.5825,2036.5955,370.0,49.956,7.068,6.949,10.337
2464541.500,2464921.500,2035.5825,2036.6229,380.0,55.352,7.440,7.327,10.855
2464541.500,2464931.500,2035.5825,2036.6502,390.0,60.803,7.798,7.690,11.365
2464541.500,2464941.500,2035.5825,2036.6776,400.0,66.285,8.142,8.038,11.865
2464541.500,2464951.500,2035.5825,2036.7050,410.0,71.779,8.472,8.373,12.354
2464541.500,2464961.500,2035.5825,2036.7324,420.0,77.268,8.790,8.694,12.831
2464541.500,2464971.500,2035.5825,2036.7598,430.0,82.739,9.096,9.004,13.296
2464541.500,2464981.500,2035.5825,2036.7871,440.0,88.179,9.390,9.301,13.749
2464541.500,2464991.500,2035.5825,2036.8145,450.0,93.582,9.674,9.587,14.190
2464561.500,2464641.500,2035.6372,2035.8563,80.0,1837.741,42.869,42.851,76.225
2464561.500,2464651.500,2035.6372,2035.8836,90.0,1317.344,36.295,36.274,63.361
2464561.500,2464661.500,2035.6372,2035.9110,100.0,960.559,30.993,30.968,53.068
2464561.500,2464671.500,2035.6372,2035.9384,110.0,708.713,26.622,26.592,44.667
2464561.500,2464681.500,2035.6372,2035.9658,120.0,526.888,22.954,22.919,37.708
2464561.500,2464691.500,2035.6372,2035.9932,130.0,393.317,19.832,19.792,31.879
2464561.500,2464701.500,2035.6372,2036.0205,140.0,293.897,17.143,17.096,26.958
2464561.500,2464711.500,2035.6372,2036.0479,150.0,219.193,14.805,14.750,22.784
2464561.500,2464721.500,2035.6372,2036.0753,160.0,162.717,12.756,12.692,19.239
2464561.500,2464731.500,2035.6372,2036.1027,170.0,119.904,10.950,10.876,16.231
2464561.500,2464741.500,2035.6372,2036.1300,180.0,87.473,9.353,9.265,13.693
2464561.500,2464751.500,2035.6372,2036.1574,190.0,63.027,7.939,7.835,11.572
2464561.500,2464761.500,2035.6372,2036.1848,200.0,44.785,6.692,6.569,9.827
2464561.500,2464771.500,2035.6372,2036.2122,210.0,31.403,5.604,5.455,8.426
2464561.500,2464781.500,2035.6372,2036.2396,220.0,21.861,4.676,4.496,7.343
2464561.500,2464791.500,2035.6372,2036.2669,230.0,15.368,3.920,3.704,6.554
2464561.500,2464801.500,2035.6372,2036.2943,240.0,11.312,3.363,3.108,6.034
2464561.500,2464811.500,2035.6372,2036.3217,250.0,9.210,3.035,2.749,5.756
2464561.500,2464821.500,2035.6372,2036.3491,260.0,8.680,2.946,2.651,5.684
2464561.500,2464831.500,2035.6372,2036.3765,270.0,9.418,3.069,2.786,5.783
2464561.500,2464841.500,2035.6372,2036.4038,280.0,11.179,3.344,3.086,6.016
2464561.500,2464851.500,2035.6372,2036.4312,290.0,13.767,3.710,3.480,6.351
2464561.500,2464861.500,2035.6372,2036.4586,300.0,17.021,4.126,3.919,6.758
2464561.500,2464871.500,2035.6372,2036.4860,310.0,20.810,4.562,4.376,7.217
2464561.500,2464881.500,2035.6372,2036.5133,320.0,25.028,5.003,4.834,7.710
2464561.500,2464891.500,2035.6372,2036.5407,330.0,29.587,5.439,5.284,8.224
2464561.500,2464901.500,2035.6372,2036.5681,340.0,34.414,5.866,5.723,8.750
2464561.500,2464911.500,2035.6372,2036.5955,350.0,39.450,6.281,6.147,9.281
2464561.500,2464921.500,2035.6372,2036.6229,360.0,44.644,6.682,6.556,9.811
2464561.500,2464931.500,2035.6372,2036.6502,370.0,49.957,7.068,6.949,10.337
2464561.500,2464941.500,2035.6372,2036.6776,380.0,55.352,7.440,7.327,10.855
2464561.500,2464951.500,2035.6372,2036.7050,390.0,60.803,7.798,7.690,11.365
2464561.500,2464961.500,2035.6372,2036.7324,400.0,66.285,8.142,8.038,11.865
2464561.500,2464971.500,2035.6372,2036.7598,410.0,71.779,8.472,8.373,12.354
2464561.500,2464981.500,2035.6372,2036.7871,420.0,77.268,8.790,8.694,12.831
2464561.500,2464991.500,2035.6372,2036.8145,430.0,82.739,9.096,9.004,13.296
2464561.500,2465001.500,2035.6372,2036.8419,440.0,88.180,9.390,9.301,13.749
2464561.500,2465011.500,2035.6372,2036.8693,450.0,93.582,9.674,9.587,14.190
2464581.500,2464661.500,2035.6920,2035.9110,80.0,1837.739,42.869,42.851,76.225
2464581.500,2464671.500,2035.6920,2035.9384,90.0,1317.342,36.295,36.274,63.361
2464581.500,2464681.500,2035.6920,2035.9658,100.0,960.558,30.993,30.968,53.068
2464581.500,2464691.500,2035.6920,2035.9932,110.0,708.712,26.622,26.592,44.667
2464581.500,2464701.500,2035.6920,2036.0205,120.0,526.888,22.954,22.919,37.708
2464581.500,2464711.500,2035.6920,2036.0479,130.0,393.317,19.832,19.792,31.879
2464581.500,2464721.500,2035.6920,2036.0753,140.0,293.897,17.143,17.096,26.958
2464581.500,2464731.500,2035.6920,2036.1027,150.0,219.192,14.805,14.750,22.784
2464581.500,2464741.500,2035.6920,2036.1300,160.0,162.716,12.756,12.692,19.239
2464581.500,2464751.500,2035.6920,2036.1574,170.0,119.903,10.950,10.876,16.231
2464581.500,2464761.500,2035.6920,2036.1848,180.0,87.473,9.353,9.265,13.693
2464581.500,2464771.500,2035.6920,2036.2122,190.0,63.027,7.939,7.835,11.572
2464581.500,2464781.500,2035.6920,2036.2396,200.0,44.784,6.692,6.569,9.827
2464581.500,2464791.500,2035.6920,2036.2669,210.0,31.403,5.604,5.455,8.426
2464581.500,2464801.500,2035.6920,2036.2943,220.0,21.860,4.676,4.496,7.343
2464581.500,2464811.500,2035.6920,2036.3217,230.0,15.368,3.920,3.704,6.554
2464581.500,2464821.500,2035.6920,2036.3491,240.0,11.312,3.363,3.108,6.034
2464581.500,2464831.500,2035.6920,2036.3765,250.0,9.210,3.035,2.749,5.755
2464581.500,2464841.500,2035.6920,2036.4038,260.0,8.680,2.946,2.651,5.684
2464581.500,2464851.500,2035.6920,2036.4312,270.0,9.418,3.069,2.786,5.783
2464581.500,2464861.500,2035.6920,2036.4586,280.0,11.180,3.344,3.086,6.016
2464581.500,2464871.500,2035.6920,2036.4860,290.0,13.767,3.710,3.480,6.351
2464581.500,2464881.500,2035.6920,2036.5133,300.0,17.021,4.126,3.919,6.758
2464581.500,2464891.500,2035.6920,2036.5407,310.0,20.810,4.562,4.376,7.217
2464581.500,2464901.500,2035.6920,2036.5681,320.0,25.028,5.003,4.834,7.710
2464581.500,2464911.500,2035.6920,2036.5955,330.0,29.587,5.439,5.284,8.224
2464581.500,2464921.500,2035.6920,2036.6229,340.0,34.414,5.866,5.723,8.750
2464581.500,2464931.500,2035.6920,2036.6502,350.0,39.450,6.281,6.147,9.281
2464581.500,2464941.500,2035.6920,2036.6776,360.0,44.644,6.682,6.556,9.811
2464581.500,2464951.500,2035.6920,2036.7050,370.0,49.957,7.068,6.949,10.337
2464581.500,2464961.500,2035.6920,2036.7324,380.0,55.353,7.440,7.327,10.855
2464581.500,2464971.500,2035.6920,2036.7598,390.0,60.803,7.798,7.690,11.365
2464581.500,2464981.500,2035.6920,2036.7871,400.0,66.286,8.142,8.038,11.865
2464581.500,2464991.500,2035.6920,2036.8145,410.0,71.779,8.472,8.373,12.354
2464581.500,2465001.500,2035.6920,2036.8419,420.0,77.268,8.790,8.694,12.831
2464581.500,2465011.500,2035.6920,2036.8693,430.0,82.739,9.096,9.004,13.296
2464581.500,2465021.500,2035.6920,2036.8966,440.0,88.180,9.390,9.301,13.749
2464581.500,2465031.500,2035.6920,2036.9240,450.0,93.582,9.674,9.587,14.190
2464601.500,2464681.500,2035.7467,2035.9658,80.0,1837.738,42.869,42.851,76.225
2464601.500,2464691.500,2035.7467,2035.9932,90.0,1317.341,36.295,36.274,63.361
2464601.500,2464701.500,2035.7467,2036.0205,100.0,960.557,30.993,30.968,53.068
2464601.500,2464711.500,2035.7467,2036.0479,110.0,708.711,26.622,26.592,44.667
2464601.500,2464721.500,2035.7467,2036.0753,120.0,526.887,22.954,22.919,37.708
2464601.500,2464731.500,2035.7467,2036.1027,130.0,393.316,19.832,19.792,31.879
2464601.500,2464741.500,2035.7467,2036.1300,140.0,293.896,17.143,17.096,26.958
2464601.500,2464751.500,2035.7467,2036.1574,150.0,219.192,14.805,14.750,22.784
2464601.500,2464761.500,2035.7467,2036.1848,160.0,162.716,12.756,12.692,19.239
2464601.500,2464771.500,2035.7467,2036.2122,170.0,119.903,10.950,10.875,16.231
2464601.500,2464781.500,2035.7467,2036.2396,180.0,87.473,9.353,9.265,13.693
2464601.500,2464791.500,2035.7467,2036.2669,190.0,63.027,7.939,7.835,11.572
2464601.500,2464801.500,2035.7467,2036.2943,200.0,44.784,6.692,6.569,9.827
2464601.500,2464811.500,2035.7467,2036.3217,210.0,31.403,5.604,5.455,8.426
2464601.500,2464821.500,2035.7467,2036.3491,220.0,21.860,4.676,4.496,7.343
2464601.500,2464831.500,2035.7467,2036.3765,230.0,15.368,3.920,3.704,6.554
2464601.500,2464841.500,2035.7467,2036.4038,240.0,11.312,3.363,3.108,6.034
2464601.500,2464851.500,2035.7467,2036.4312,250.0,9.210,3.035,2.749,5.755
2464601.500,2464861.500,2035.7467,2036.4586,260.0,8.680,2.946,2.651,5.684
2464601.500,2464871.500,2035.7467,2036.4860,270.0,9.418,3.069,2.786,5.783
2464601.500,2464881.500,2035.7467,2036.5133,280.0,11.180,3.344,3.086,6.016
2464601.500,2464891.500,2035.7467,2036.5407,290.0,13.767,3.710,3.480,6.351
2464601.500,2464901.500,2035.7467,2036.5681,300.0,17.021,4.126,3.919,6.758
2464601.500,2464911.500,2035.7467,2036.5955,310.0,20.811,4.562,4.376,7.217
2464601.500,2464921.500,2035.7467,2036.6229,320.0,25.029,5.003,4.834,7.710
2464601.500,2464931.500,2035.7467,2036.6502,330.0,29.587,5.439,5.284,8.224
2464601.500,2464941.500,2035.7467,2036.6776,340.0,34.414,5.866,5.723,8.750
2464601.500,2464951.500,2035.7467,2036.7050,350.0,39.450,6.281,6.147,9.281
2464601.500,2464961.500,2035.7467,2036.7324,360.0,44.645,6.682,6.556,9.811
2464601.500,2464971.500,2035.7467,2036.7598,370.0,49.957,7.068,6.949,10.337
2464601.500,2464981.500,2035.7467,2036.7871,380.0,55.353,7.440,7.327,10.856
2464601.500,2464991.500,2035.7467,2036.8145,390.0,60.804,7.798,7.690,11.365
2464601.500,2465001.500,2035.7467,2036.8419,400.0,66.286,8.142,8.038,11.865
2464601.500,2465011.500,2035.7467,2036.8693,410.0,71.780,8.472,8.373,12.354
2464601.500,2465021.500,2035.7467,2036.8966,420.0,77.269,8.790,8.694,12.831
2464601.500,2465031.500,2035.7467,2036.9240,430.0,82.739,9.096,9.004,13.296
2464601.500,2465041.500,2035.7467,2036.9514,440.0,88.180,9.390,9.301,13.749
2464601.500,2465051.500,2035.7467,2036.9788,450.0,93.582,9.674,9.587,14.190
2464621.500,2464701.500,2035.8015,2036.0205,80.0,1837.736,42.869,42.851,76.225
2464621.500,2464711.500,2035.8015,2036.0479,90.0,1317.340,36.295,36.274,63.361
2464621.500,2464721.500,2035.8015,2036.0753,100.0,960.556,30.993,30.967,53.068
2464621.500,2464731.500,2035.8015,2036.1027,110.0,708.710,26.622,26.592,44.667
2464621.500,2464741.500,2035.8015,2036.1300,120.0,526.886,22.954,22.919,37.708
2464621.500,2464751.500,2035.8015,2036.1574,130.0,393.315,19.832,19.792,31.878
2464621.500,2464761.500,2035.8015,2036.1848,140.0,293.895,17.143,17.096,26.958
2464621.500,2464771.500,2035.8015,2036.2122,150.0,219.191,14.805,14.750,22.784
2464621.500,2464781.500,2035.8015,2036.2396,160.0,162.716,12.756,12.692,19.239
2464621.500,2464791.500,2035.8015,2036.2669,170.0,119.903,10.950,10.875,16.231
2464621.500,2464801.500,2035.8015,2036.2943,180.0,87.473,9.353,9.265,13.693
2464621.500,2464811.500,2035.8015,2036.3217,190.0,63.027,7.939,7.835,11.572
2464621.500,2464821.500,2035.8015,2036.3491,200.0,44.784,6.692,6.569,9.827
2464621.500,2464831.500,2035.8015,2036.3765,210.0,31.403,5.604,5.455,8.426
2464621.500,2464841.500,2035.8015,2036.4038,220.0,21.860,4.675,4.496,7.343
2464621.500,2464851.500,2035.8015,2036.4312,230.0,15.368,3.920,3.704,6.554
2464621.500,2464861.500,2035.8015,2036.4586,240.0,11.312,3.363,3.108,6.034
2464621.500,2464871.500,2035.8015,2036.4860,250.0,9.210,3.035,2.749,5.755
2464621.500,2464881.500,2035.8015,2036.5133,260.0,8.680,2.946,2.651,5.684
2464621.500,2464891.500,2035.8015,2036.5407,270.0,9.418,3.069,2.786,5.783
2464621.500,2464901.500,2035.8015,2036.5681,280.0,11.180,3.344,3.086,6.016
2464621.500,2464911.500,2035.8015,2036.5955,290.0,13.767,3.710,3.480,6.351
2464621.500,2464921.500,2035.8015,2036.6229,300.0,17.021,4.126,3.919,6.758
2464621.500,2464931.500,2035.8015,2036.6502,310.0,20.811,4.562,4.376,7.217
2464621.500,2464941.500,2035.8015,2036.6776,320.0,25.029,5.003,4.834,7.710
2464621.500,2464951.500,2035.8015,2036.7050,330.0,29.587,5.439,5.284,8.224
2464621.500,2464961.500,2035.8015,2036.7324,340.0,34.415,5.866,5.723,8.750
2464621.500,2464971.500,2035.8015,2036.7598,350.0,39.450,6.281,6.147,9.281
2464621.500,2464981.500,2035.8015,2036.7871,360.0,44.645,6.682,6.556,9.811
2464621.500,2464991.500,2035.8015,2036.8145,370.0,49.957,7.068,6.949,10.337
2464621.500,2465001.500,2035.8015,2036.8419,380.0,55.353,7.440,7.327,10.856
2464621.500,2465011.500,2035.8015,2036.8693,390.0,60.804,7.798,7.690,11.365
2464621.500,2465021.500,2035.8015,2036.8966,400.0,66.286,8.142,8.038,11.865
2464621.500,2465031.500,2035.8015,2036.9240,410.0,71.780,8.472,8.373,12.354
2464621.500,2465041.500,2035.8015,2036.9514,420.0,77.269,8.790,8.694,12.831
2464621.500,2465051.500,2035.8015,2036.9788,430.0,82.740,9.096,9.004,13.296
2464621.500,2465061.500,2035.8015,2037.0062,440.0,88.181,9.390,9.301,13.749
2464621.500,2465071.500,2035.8015,2037.0335,450.0,93.583,9.674,9.587,14.190
2464641.500,2464721.500,2035.8563,2036.0753,80.0,1837.735,42.869,42.851,76.225
2464641.500,2464731.500,2035.8563,2036.1027,90.0,1317.339,36.295,36.274,63.361
2464641.500,2464741.500,2035.8563,2036.1300,100.0,960.555,30.993,30.967,53.068
2464641.500,2464751.500,2035.8563,2036.1574,110.0,708.709,26.622,26.592,44.667
2464641.500,2464761.500,2035.8563,2036.1848,120.0,526.885,22.954,22.919,37.708
2464641.500,2464771.500,2035.8563,2036.2122,130.0,393.315,19.832,19.792,31.878
2464641.500,2464781.500,2035.8563,2036.2396,140.0,293.895,17.143,17.096,26.958
2464641.500,2464791.500,2035.8563,2036.2669,150.0,219.191,14.805,14.750,22.784
2464641.500,2464801.500,2035.8563,2036.2943,160.0,162.715,12.756,12.692,19.239
2464641.500,2464811.500,2035.8563,2036.3217,170.0,119.902,10.950,10.875,16.231
2464641.500,2464821.500,2035.8563,2036.3491,180.0,87.472,9.353,9.265,13.693
2464641.500,2464831.500,2035.8563,2036.3765,190.0,63.026,7.939,7.835,11.572
2464641.500,2464841.500,2035.8563,2036.4038,200.0,44.784,6.692,6.568,9.827
2464641.500,2464851.500,2035.8563,2036.4312,210.0,31.403,5.604,5.455,8.426
2464641.500,2464861.500,2035.8563,2036.4586,220.0,21.860,4.675,4.496,7.343
2464641.500,2464871.500,2035.8563,2036.4860,230.0,15.368,3.920,3.704,6.554
2464641.500,2464881.500,2035.8563,2036.5133,240.0,11.312,3.363,3.108,6.034
2464641.500,2464891.500,2035.8563,2036.5407,250.0,9.210,3.035,2.749,5.755
2464641.500,2464901.500,2035.8563,2036.5681,260.0,8.680,2.946,2.651,5.684
2464641.500,2464911.500,2035.8563,2036.5955,270.0,9.418,3.069,2.786,5.783
2464641.500,2464921.500,2035.8563,2036.6229,280.0,11.180,3.344,3.086,6.016
2464641.500,2464931.500,2035.8563,2036.6502,290.0,13.768,3.710,3.480,6.351
2464641.500,2464941.500,2035.8563,2036.6776,300.0,17.021,4.126,3.919,6.758
2464641.500,2464951.500,2035.8563,2036.7050,310.0,20.811,4.562,4.376,7.217
2464641.500,2464961.500,2035.8563,2036.7324,320.0,25.029,5.003,4.834,7.710
2464641.500,2464971.500,2035.8563,2036.7598,330.0,29.588,5.439,5.284,8.224
2464641.500,2464981.500,2035.8563,2036.7871,340.0,34.415,5.866,5.723,8.750
2464641.500,2464991.500,2035.8563,2036.8145,350.0,39.450,6.281,6.147,9.281
2464641.500,2465001.500,2035.8563,2036.8419,360.0,44.645,6.682,6.556,9.811
2464641.500,2465011.500,2035.8563,2036.8693,370.0,49.957,7.068,6.949,10.337
2464641.500,2465021.500,2035.8563,2036.8966,380.0,55.353,7.440,7.327,10.856
2464641.500,2465031.500,2035.8563,2036.9240,390.0,60.804,7.798,7.690,11.365
2464641.500,2465041.500,2035.8563,2036.9514,400.0,66.286,8.142,8.038,11.865
2464641.500,2465051.500,2035.8563,2036.9788,410.0,71.780,8.472,8.373,12.354
2464641.500,2465061.500,2035.8563,2037.0062,420.0,77.269,8.790,8.695,12.831
2464641.500,2465071.500,2035.8563,2037.0335,430.0,82.740,9.096,9.004,13.296
2464641.500,2465081.500,2035.8563,2037.0609,440.0,88.181,9.390,9.301,13.749
2464641.500,2465091.500,2035.8563,2037.0883,450.0,93.583,9.674,9.587,14.190
2464661.500,2464741.500,2035.9110,2036.1300,80.0,1837.734,42.869,42.851,76.225
2464661.500,2464751.500,2035.9110,2036.1574,90.0,1317.338,36.295,36.274,63.361
2464661.500,2464761.500,2035.9110,2036.1848,100.0,960.554,30.993,30.967,53.068
2464661.500,2464771.500,2035.9110,2036.2122,110.0,708.708,26.622,26.592,44.667
2464661.500,2464781.500,2035.9110,2036.2396,120.0,526.884,22.954,22.919,37.708
2464661.500,2464791.500,2035.9110,2036.2669,130.0,393.314,19.832,19.792,31.878
2464661.500,2464801.500,2035.9110,2036.2943,140.0,293.894,17.143,17.096,26.958
2464661.500,2464811.500,2035.9110,2036.3217,150.0,219.190,14.805,14.750,22.784
2464661.500,2464821.500,2035.9110,2036.3491,160.0,162.715,12.756,12.692,19.239
2464661.500,2464831.500,2035.9110,2036.3765,170.0,119.902,10.950,10.875,16.231
2464661.500,2464841.500,2035.9110,2036.4038,180.0,87.472,9.353,9.265,13.693
2464661.500,2464851.500,2035.9110,2036.4312,190.0,63.026,7.939,7.835,11.572
2464661.500,2464861.500,2035.9110,2036.4586,200.0,44.784,6.692,6.568,9.827
2464661.500,2464871.500,2035.9110,2036.4860,210.0,31.402,5.604,5.455,8.426
2464661.500,2464881.500,2035.9110,2036.5133,220.0,21.860,4.675,4.496,7.343
2464661.500,2464891.500,2035.9110,2036.5407,230.0,15.368,3.920,3.704,6.554
2464661.500,2464901.500,2035.9110,2036.5681,240.0,11.312,3.363,3.108,6.034
2464661.500,2464911.500,2035.9110,2036.5955,250.0,9.210,3.035,2.749,5.755
2464661.500,2464921.500,2035.9110,2036.6229,260.0,8.680,2.946,2.651,5.684
2464661.500,2464931.500,2035.9110,2036.6502,270.0,9.418,3.069,2.786,5.783
2464661.500,2464941.500,2035.9110,2036.6776,280.0,11.180,3.344,3.086,6.016
2464661.500,2464951.500,2035.9110,2036.7050,290.0,13.768,3.710,3.480,6.351
2464661.500,2464961.500,2035.9110,2036.7324,300.0,17.021,4.126,3.919,6.758
2464661.500,2464971.500,2035.9110,2036.7598,310.0,20.811,4.562,4.376,7.217
2464661.500,2464981.500,2035.9110,2036.7871,320.0,25.029,5.003,4.834,7.710
2464661.500,2464991.500,2035.9110,2036.8145,330.0,29.588,5.439,5.284,8.224
2464661.500,2465001.500,2035.9110,2036.8419,340.0,34.415,5.866,5.723,8.750
2464661.500,2465011.500,2035.9110,2036.8693,350.0,39.451,6.281,6.147,9.281
2464661.500,2465021.500,2035.9110,2036.8966,360.0,44.645,6.682,6.556,9.811
2464661.500,2465031.500,2035.9110,2036.9240,370.0,49.958,7.068,6.949,10.337
2464661.500,2465041.500,2035.9110,2036.9514,380.0,55.353,7.440,7.327,10.856
2464661.500,2465051.500,2035.9110,2036.9788,390.0,60.804,7.798,7.690,11.366
2464661.500,2465061.500,2035.9110,2037.0062,400.0,66.287,8.142,8.038,11.865
2464661.500,2465071.500,2035.9110,2037.0335,410.0,71.780,8.472,8.373,12.354
2464661.500,2465081.500,2035.9110,2037.0609,420.0,77.270,8.790,8.695,12.831
2464661.500,2465091.500,2035.9110,2037.0883,430.0,82.740,9.096,9.004,13.296
2464661.500,2465101.500,2035.9110,2037.1157,440.0,88.181,9.390,9.301,13.749
2464661.500,2465111.500,2035.9110,2037.1431,450.0,93.583,9.674,9.587,14.190
2464681.500,2464761.500,2035.9658,2036.1848,80.0,1837.732,42.869,42.851,76.225
2464681.500,2464771.500,2035.9658,2036.2122,90.0,1317.336,36.295,36.274,63.361
2464681.500,2464781.500,2035.9658,2036.2396,100.0,960.553,30.993,30.967,53.067
2464681.500,2464791.500,2035.9658,2036.2669,110.0,708.707,26.622,26.592,44.667
2464681.500,2464801.500,2035.9658,2036.2943,120.0,526.884,22.954,22.919,37.708
2464681.500,2464811.500,2035.9658,2036.3217,130.0,393.313,19.832,19.792,31.878
2464681.500,2464821.500,2035.9658,2036.3491,140.0,293.894,17.143,17.096,26.958
2464681.500,2464831.500,2035.9658,2036.3765,150.0,219.190,14.805,14.750,22.784
2464681.500,2464841.500,2035.9658,2036.4038,160.0,162.714,12.756,12.692,19.239
2464681.500,2464851.500,2035.9658,2036.4312,170.0,119.902,10.950,10.875,16.231
2464681.500,2464861.500,2035.9658,2036.4586,180.0,87.472,9.353,9.265,13.693
2464681.500,2464871.500,2035.9658,2036.4860,190.0,63.026,7.939,7.835,11.572
2464681.500,2464881.500,2035.9658,2036.5133,200.0,44.783,6.692,6.568,9.827
2464681.500,2464891.500,2035.9658,2036.5407,210.0,31.402,5.604,5.455,8.426
2464681.500,2464901.500,2035.9658,2036.5681,220.0,21.860,4.675,4.496,7.343
2464681.500,2464911.500,2035.9658,2036.5955,230.0,15.368,3.920,3.704,6.554
2464681.500,2464921.500,2035.9658,2036.6229,240.0,11.312,3.363,3.108,6.034
2464681.500,2464931.500,2035.9658,2036.6502,250.0,9.210,3.035,2.749,5.755
2464681.500,2464941.500,2035.9658,2036.6776,260.0,8.680,2.946,2.651,5.684
2464681.500,2464951.500,2035.9658,2036.7050,270.0,9.418,3.069,2.786,5.783
2464681.500,2464961.500,2035.9658,2036.7324,280.0,11.180,3.344,3.086,6.016
2464681.500,2464971.500,2035.9658,2036.7598,290.0,13.768,3.710,3.480,6.351
2464681.500,2464981.500,2035.9658,2036.7871,300.0,17.022,4.126,3.919,6.758
2464681.500,2464991.500,2035.9658,2036.8145,310.0,20.811,4.562,4.376,7.217
2464681.500,2465001.500,2035.9658,2036.8419,320.0,25.029,5.003,4.834,7.710
2464681.500,2465011.500,2035.9658,2036.8693,330.0,29.588,5.439,5.284,8.224
2464681.500,2465021.500,2035.9658,2036.8966,340.0,34.415,5.866,5.723,8.750
2464681.500,2465031.500,2035.9658,2036.9240,350.0,39.451,6.281,6.147,9.281
2464681.500,2465041.500,2035.9658,2036.9514,360.0,44.645,6.682,6.556,9.811
2464681.500,2465051.500,2035.9658,2036.9788,370.0,49.958,7.068,6.949,10.337
2464681.500,2465061.500,2035.9658,2037.0062,380.0,55.354,7.440,7.327,10.856
2464681.500,2465071.500,2035.9658,2037.0335,390.0,60.805,7.798,7.690,11.366
2464681.500,2465081.500,2035.9658,2037.0609,400.0,66.287,8.142,8.038,11.865
2464681.500,2465091.500,2035.9658,2037.0883,410.0,71.781,8.472,8.373,12.354
2464681.500,2465101.500,2035.9658,2037.1157,420.0,77.270,8.790,8.695,12.831
2464681.500,2465111.500,2035.9658,2037.1431,430.0,82.741,9.096,9.004,13.296
2464681.500,2465121.500,2035.9658,2037.1704,440.0,88.182,9.391,9.301,13.749
2464681.500,2465131.500,2035.9658,2037.1978,450.0,93.584,9.674,9.587,14.190
